dish_id,total_calories,total_mass,ingredients,split,ingr_ids,ingredients_text
dish_1561662054,419.438782,292.0,ingr_0000000312;ingr_0000000026;ingr_0000000029;ingr_0000000122;ingr_0000000508;ingr_0000000513;ingr_0000000520;ingr_0000000525;ingr_0000000161;ingr_0000000094;ingr_0000000189;ingr_0000000043;ingr_0000000462;ingr_0000000054;ingr_0000000328;ingr_0000000291;ingr_0000000524,train,"[312, 26, 29, 122, 508, 513, 520, 525, 161, 94, 189, 43, 462, 54, 328, 291, 524]",pepper white rice mixed greens garlic soy sauce millet lemon juice bok choy olive oil onions vinegar green beans pork apple sugar salt parsley
dish_1560455030,20.59,103.0,ingr_0000000471;ingr_0000000031;ingr_0000000347,train,"[471, 31, 347]",cherry tomatoes cucumbers baby carrots
dish_1558372433,74.360001,143.0,ingr_0000000453,train,[453],deprecated
dish_1565640549,45.482903,139.0,ingr_0000000032;ingr_0000000523;ingr_0000000161;ingr_0000000526;ingr_0000000520;ingr_0000000094;ingr_0000000031;ingr_0000000291;ingr_0000000515;ingr_0000000448;ingr_0000000014;ingr_0000000367;ingr_0000000349;ingr_0000000471,train,"[32, 523, 161, 526, 520, 94, 31, 291, 515, 448, 14, 367, 349, 471]",tomatoes cilantro olive oil mustard greens lemon juice onions cucumbers salt arugula jalapenos asparagus lime mangos cherry tomatoes
dish_1563207364,309.269989,271.0,ingr_0000000008;ingr_0000000192;ingr_0000000440;ingr_0000000128;ingr_0000000161;ingr_0000000437,train,"[8, 192, 440, 128, 161, 437]",scrambled eggs yam grapes egg whites olive oil sweet potato
dish_1561575474,120.058434,183.0,ingr_0000000291;ingr_0000000335;ingr_0000000433;ingr_0000000007;ingr_0000000161,train,"[291, 335, 433, 7, 161]",salt eggplant roasted potatoes cauliflower olive oil
dish_1563216717,246.007996,332.0,ingr_0000000122;ingr_0000000021;ingr_0000000471;ingr_0000000244;ingr_0000000036;ingr_0000000148;ingr_0000000514;ingr_0000000161;ingr_0000000518;ingr_0000000112;ingr_0000000291;ingr_0000000027,train,"[122, 21, 471, 244, 36, 148, 514, 161, 518, 112, 291, 27]",garlic squash cherry tomatoes chicken breast spinach (raw) parmesan cheese wheat berry olive oil thyme honeydew melons salt broccoli
dish_1565972591,195.199997,122.0,ingr_0000000510,train,[510],chicken apple sausage
dish_1568649312,44.459999,78.0,ingr_0000000013,train,[13],berries
dish_1562183096,41.18898,95.0,ingr_0000000312;ingr_0000000517;ingr_0000000201;ingr_0000000046;ingr_0000000189;ingr_0000000515;ingr_0000000126;ingr_0000000161;ingr_0000000124;ingr_0000000291,train,"[312, 517, 201, 46, 189, 515, 126, 161, 124, 291]",pepper chard blueberries mushroom vinegar arugula mustard olive oil walnuts salt
dish_1563476551,1116.391113,750.0,ingr_0000000133;ingr_0000000332;ingr_0000000046;ingr_0000000540;ingr_0000000021;ingr_0000000257;ingr_0000000520;ingr_0000000434;ingr_0000000367;ingr_0000000122;ingr_0000000011;ingr_0000000092;ingr_0000000341;ingr_0000000023;ingr_0000000448;ingr_0000000036;ingr_0000000025;ingr_0000000074;ingr_0000000518;ingr_0000000161;ingr_0000000027;ingr_0000000094;ingr_0000000485;ingr_0000000291;ingr_0000000523;ingr_0000000203,train,"[133, 332, 46, 540, 21, 257, 520, 434, 367, 122, 11, 92, 341, 23, 448, 36, 25, 74, 518, 161, 27, 94, 485, 291, 523, 203]",shallots salmon mushroom ginger squash brownies lemon juice sour cream lime garlic cheese pizza wine cream brown rice jalapenos spinach (raw) beef pasta thyme olive oil broccoli onions zucchini salt cilantro chili
dish_1559844951,274.335999,122.0,ingr_0000000077;ingr_0000000005,train,"[77, 5]",almonds potatoes
dish_1562963704,663.755798,479.0,ingr_0000000073;ingr_0000000525;ingr_0000000189;ingr_0000000291;ingr_0000000433;ingr_0000000029;ingr_0000000508;ingr_0000000006;ingr_0000000122;ingr_0000000328;ingr_0000000312;ingr_0000000026;ingr_0000000462;ingr_0000000180;ingr_0000000152;ingr_0000000380;ingr_0000000161;ingr_0000000045;ingr_0000000535,train,"[73, 525, 189, 291, 433, 29, 508, 6, 122, 328, 312, 26, 462, 180, 152, 380, 161, 45, 535]",radishes bok choy vinegar salt roasted potatoes mixed greens soy sauce caesar salad garlic sugar pepper white rice pork rice noodles cabbage pizza olive oil carrot green onions
dish_1566417398,56.892494,46.0,ingr_0000000126;ingr_0000000189;ingr_0000000029;ingr_0000000528;ingr_0000000161;ingr_0000000291;ingr_0000000471,train,"[126, 189, 29, 528, 161, 291, 471]",mustard vinegar mixed greens celery root olive oil salt cherry tomatoes
dish_1562611680,326.888977,256.0,ingr_0000000523;ingr_0000000122;ingr_0000000161;ingr_0000000392;ingr_0000000520;ingr_0000000094;ingr_0000000189;ingr_0000000201;ingr_0000000291;ingr_0000000006;ingr_0000000010;ingr_0000000072;ingr_0000000448;ingr_0000000036;ingr_0000000126;ingr_0000000026;ingr_0000000073;ingr_0000000038,train,"[523, 122, 161, 392, 520, 94, 189, 201, 291, 6, 10, 72, 448, 36, 126, 26, 73, 38]",cilantro garlic olive oil pepperoni pizza lemon juice onions vinegar blueberries salt caesar salad steak kale jalapenos spinach (raw) mustard white rice radishes pineapple
dish_1564432238,455.387939,315.0,ingr_0000000471;ingr_0000000007;ingr_0000000367;ingr_0000000116;ingr_0000000448;ingr_0000000392;ingr_0000000524;ingr_0000000189;ingr_0000000520;ingr_0000000152;ingr_0000000029;ingr_0000000030;ingr_0000000291;ingr_0000000312;ingr_0000000038;ingr_0000000462;ingr_0000000514;ingr_0000000094;ingr_0000000031;ingr_0000000161;ingr_0000000122;ingr_0000000045,train,"[471, 7, 367, 116, 448, 392, 524, 189, 520, 152, 29, 30, 291, 312, 38, 462, 514, 94, 31, 161, 122, 45]",cherry tomatoes cauliflower lime mayonnaise jalapenos pepperoni pizza parsley vinegar lemon juice cabbage mixed greens lettuce salt pepper pineapple pork wheat berry onions cucumbers olive oil garlic carrot
dish_1563468327,351.886047,483.0,ingr_0000000192;ingr_0000000437;ingr_0000000001;ingr_0000000038;ingr_0000000121;ingr_0000000161;ingr_0000000013,train,"[192, 437, 1, 38, 121, 161, 13]",yam sweet potato cottage cheese pineapple watermelon olive oil berries
dish_1562862493,198.320007,134.0,ingr_0000000008,train,[8],scrambled eggs
dish_1558549008,20.700001,115.0,ingr_0000000471,train,[471],cherry tomatoes
dish_1560453174,329.716248,256.0,ingr_0000000521;ingr_0000000516;ingr_0000000045;ingr_0000000161;ingr_0000000077;ingr_0000000520;ingr_0000000524;ingr_0000000043;ingr_0000000201;ingr_0000000028;ingr_0000000312;ingr_0000000291;ingr_0000000122;ingr_0000000189;ingr_0000000485;ingr_0000000126;ingr_0000000036;ingr_0000000518;ingr_0000000514;ingr_0000000021,train,"[521, 516, 45, 161, 77, 520, 524, 43, 201, 28, 312, 291, 122, 189, 485, 126, 36, 518, 514, 21]",basil rosemary carrot olive oil almonds lemon juice parsley green beans blueberries chicken pepper salt garlic vinegar zucchini mustard spinach (raw) thyme wheat berry squash
dish_1563824250,17.200001,43.0,ingr_0000000094,train,[94],onions
dish_1560543755,257.924927,264.0,ingr_0000000535;ingr_0000000028;ingr_0000000007;ingr_0000000043;ingr_0000000036;ingr_0000000540;ingr_0000000161;ingr_0000000433;ingr_0000000029;ingr_0000000045;ingr_0000000027;ingr_0000000291;ingr_0000000026;ingr_0000000189;ingr_0000000180;ingr_0000000152;ingr_0000000073;ingr_0000000508;ingr_0000000122,train,"[535, 28, 7, 43, 36, 540, 161, 433, 29, 45, 27, 291, 26, 189, 180, 152, 73, 508, 122]",green onions chicken cauliflower green beans spinach (raw) ginger olive oil roasted potatoes mixed greens carrot broccoli salt white rice vinegar rice noodles cabbage radishes soy sauce garlic
dish_1563822597,59.400002,176.0,ingr_0000000027;ingr_0000000006;ingr_0000000021;ingr_0000000485,train,"[27, 6, 21, 485]",broccoli caesar salad squash zucchini
dish_1558459276,102.699997,79.0,ingr_0000000026,train,[26],white rice
dish_1560974707,55.025124,60.0,ingr_0000000094;ingr_0000000036;ingr_0000000471;ingr_0000000251;ingr_0000000047;ingr_0000000052;ingr_0000000291;ingr_0000000203;ingr_0000000032;ingr_0000000122;ingr_0000000367;ingr_0000000434;ingr_0000000320,train,"[94, 36, 471, 251, 47, 52, 291, 203, 32, 122, 367, 434, 320]",onions spinach (raw) cherry tomatoes tortilla chips corn cheese salt chili tomatoes garlic lime sour cream black beans
dish_1564686855,1030.160645,435.0,ingr_0000000031;ingr_0000000094;ingr_0000000257;ingr_0000000244;ingr_0000000471;ingr_0000000012;ingr_0000000291;ingr_0000000030;ingr_0000000011;ingr_0000000029;ingr_0000000367;ingr_0000000312;ingr_0000000161;ingr_0000000189,train,"[31, 94, 257, 244, 471, 12, 291, 30, 11, 29, 367, 312, 161, 189]",cucumbers onions brownies chicken breast cherry tomatoes olives salt lettuce cheese pizza mixed greens lime pepper olive oil vinegar
dish_1565119669,55.965,229.0,ingr_0000000072;ingr_0000000485;ingr_0000000517;ingr_0000000529,train,"[72, 485, 517, 529]",kale zucchini chard chayote squash
dish_1566417516,385.402527,425.0,ingr_0000000514;ingr_0000000335;ingr_0000000471;ingr_0000000029;ingr_0000000528;ingr_0000000291;ingr_0000000126;ingr_0000000122;ingr_0000000161;ingr_0000000189;ingr_0000000517;ingr_0000000049;ingr_0000000527;ingr_0000000133;ingr_0000000433;ingr_0000000524;ingr_0000000520,train,"[514, 335, 471, 29, 528, 291, 126, 122, 161, 189, 517, 49, 527, 133, 433, 524, 520]",wheat berry eggplant cherry tomatoes mixed greens celery root salt mustard garlic olive oil vinegar chard fish chive shallots roasted potatoes parsley lemon juice
dish_1558724031,358.710999,303.0,ingr_0000000471;ingr_0000000037;ingr_0000000077;ingr_0000000007,train,"[471, 37, 77, 7]",cherry tomatoes cantaloupe almonds cauliflower
dish_1558637393,739.968018,128.0,ingr_0000000077,train,[77],almonds
dish_1563393217,49.230003,228.0,ingr_0000000485;ingr_0000000027;ingr_0000000021;ingr_0000000094;ingr_0000000031,train,"[485, 27, 21, 94, 31]",zucchini broccoli squash onions cucumbers
dish_1562789268,569.511536,350.0,ingr_0000000462;ingr_0000000205;ingr_0000000023;ingr_0000000520;ingr_0000000524;ingr_0000000521;ingr_0000000133;ingr_0000000471;ingr_0000000011;ingr_0000000312;ingr_0000000291;ingr_0000000189;ingr_0000000161;ingr_0000000094;ingr_0000000122;ingr_0000000027,train,"[462, 205, 23, 520, 524, 521, 133, 471, 11, 312, 291, 189, 161, 94, 122, 27]",pork corn on the cob brown rice lemon juice parsley basil shallots cherry tomatoes cheese pizza pepper salt vinegar olive oil onions garlic broccoli
dish_1559700851,61.089886,54.0,ingr_0000000036;ingr_0000000189;ingr_0000000032;ingr_0000000291;ingr_0000000126;ingr_0000000122;ingr_0000000161;ingr_0000000526;ingr_0000000031,train,"[36, 189, 32, 291, 126, 122, 161, 526, 31]",spinach (raw) vinegar tomatoes salt mustard garlic olive oil mustard greens cucumbers
dish_1561492204,488.636322,334.0,ingr_0000000161;ingr_0000000201;ingr_0000000094;ingr_0000000032;ingr_0000000291;ingr_0000000194;ingr_0000000028;ingr_0000000312;ingr_0000000126;ingr_0000000122;ingr_0000000033;ingr_0000000513;ingr_0000000448;ingr_0000000036;ingr_0000000189;ingr_0000000073,train,"[161, 201, 94, 32, 291, 194, 28, 312, 126, 122, 33, 513, 448, 36, 189, 73]",olive oil blueberries onions tomatoes salt fried rice chicken pepper mustard garlic bell peppers millet jalapenos spinach (raw) vinegar radishes
dish_1567613057,406.68631,749.0,ingr_0000000161;ingr_0000000128;ingr_0000000121;ingr_0000000437;ingr_0000000475,train,"[161, 128, 121, 437, 475]",olive oil egg whites watermelon sweet potato salsa
dish_1564761488,327.986023,336.0,ingr_0000000080;ingr_0000000128;ingr_0000000194;ingr_0000000112,train,"[80, 128, 194, 112]",turkey bacon egg whites fried rice honeydew melons
dish_1559678330,169.694122,150.0,ingr_0000000161;ingr_0000000036;ingr_0000000189;ingr_0000000032;ingr_0000000122;ingr_0000000031;ingr_0000000291;ingr_0000000126;ingr_0000000526,train,"[161, 36, 189, 32, 122, 31, 291, 126, 526]",olive oil spinach (raw) vinegar tomatoes garlic cucumbers salt mustard mustard greens
dish_1565033110,47.599998,147.0,ingr_0000000027;ingr_0000000029,train,"[27, 29]",broccoli mixed greens
dish_1564428444,157.001038,277.0,ingr_0000000161;ingr_0000000094;ingr_0000000291;ingr_0000000122;ingr_0000000213;ingr_0000000029;ingr_0000000126;ingr_0000000471;ingr_0000000007;ingr_0000000189,train,"[161, 94, 291, 122, 213, 29, 126, 471, 7, 189]",olive oil onions salt garlic pears mixed greens mustard cherry tomatoes cauliflower vinegar
dish_1558459115,271.540009,298.0,ingr_0000000077;ingr_0000000054;ingr_0000000026;ingr_0000000471;ingr_0000000440,train,"[77, 54, 26, 471, 440]",almonds apple white rice cherry tomatoes grapes
dish_1558723777,74.360001,143.0,ingr_0000000054,train,[54],apple
dish_1558721757,768.873047,133.0,ingr_0000000077,train,[77],almonds
dish_1564777960,331.007507,147.0,ingr_0000000511;ingr_0000000011;ingr_0000000133;ingr_0000000094;ingr_0000000291;ingr_0000000161;ingr_0000000189;ingr_0000000525;ingr_0000000025;ingr_0000000513,train,"[511, 11, 133, 94, 291, 161, 189, 525, 25, 513]",spinach (cooked) cheese pizza shallots onions salt olive oil vinegar bok choy beef millet
dish_1563468269,129.01001,302.0,ingr_0000000013;ingr_0000000121;ingr_0000000038,train,"[13, 121, 38]",berries watermelon pineapple
dish_1558380557,699.320068,212.0,ingr_0000000440;ingr_0000000077;ingr_0000000039,train,"[440, 77, 39]",grapes almonds sausage
dish_1562873028,280.3414,320.0,ingr_0000000538;ingr_0000000524;ingr_0000000539;ingr_0000000161;ingr_0000000471;ingr_0000000527;ingr_0000000049;ingr_0000000312;ingr_0000000291;ingr_0000000047;ingr_0000000515;ingr_0000000434;ingr_0000000043;ingr_0000000034;ingr_0000000045;ingr_0000000472;ingr_0000000122;ingr_0000000367,train,"[538, 524, 539, 161, 471, 527, 49, 312, 291, 47, 515, 434, 43, 34, 45, 472, 122, 367]",jicama parsley nopales olive oil cherry tomatoes chive fish pepper salt corn arugula sour cream green beans celery carrot couscous garlic lime
dish_1558637769,80.079994,154.0,ingr_0000000054,train,[54],apple
dish_1558724959,581.441956,426.0,ingr_0000000016;ingr_0000000045;ingr_0000000077;ingr_0000000054,train,"[16, 45, 77, 54]",brussels sprouts carrot almonds apple
dish_1558115867,132.962997,23.0,ingr_0000000077,train,[77],almonds
dish_1561580370,126.795876,124.0,ingr_0000000036;ingr_0000000514;ingr_0000000052;ingr_0000000471;ingr_0000000074;ingr_0000000532;ingr_0000000006;ingr_0000000094,train,"[36, 514, 52, 471, 74, 532, 6, 94]",spinach (raw) wheat berry cheese cherry tomatoes pasta pesto caesar salad onions
dish_1561061658,226.000137,227.0,ingr_0000000306;ingr_0000000312;ingr_0000000148;ingr_0000000016;ingr_0000000526;ingr_0000000122;ingr_0000000072;ingr_0000000524;ingr_0000000291;ingr_0000000133;ingr_0000000515;ingr_0000000161;ingr_0000000520;ingr_0000000140;ingr_0000000473;ingr_0000000153;ingr_0000000054,train,"[306, 312, 148, 16, 526, 122, 72, 524, 291, 133, 515, 161, 520, 140, 473, 153, 54]",croutons pepper parmesan cheese brussels sprouts mustard greens garlic kale parsley salt shallots arugula olive oil lemon juice caesar dressing cranberries bulgur apple
dish_1559838402,222.759506,233.0,ingr_0000000004;ingr_0000000437;ingr_0000000192;ingr_0000000013,train,"[4, 437, 192, 13]",bacon sweet potato yam berries
dish_1564686832,829.737549,392.0,ingr_0000000094;ingr_0000000257;ingr_0000000012;ingr_0000000244;ingr_0000000291;ingr_0000000367;ingr_0000000471;ingr_0000000011;ingr_0000000030;ingr_0000000312;ingr_0000000029;ingr_0000000161;ingr_0000000189;ingr_0000000031,train,"[94, 257, 12, 244, 291, 367, 471, 11, 30, 312, 29, 161, 189, 31]",onions brownies olives chicken breast salt lime cherry tomatoes cheese pizza lettuce pepper mixed greens olive oil vinegar cucumbers
dish_1561753238,298.034393,333.0,ingr_0000000161;ingr_0000000515;ingr_0000000023;ingr_0000000312;ingr_0000000021;ingr_0000000072;ingr_0000000332;ingr_0000000524;ingr_0000000122;ingr_0000000520;ingr_0000000291;ingr_0000000522;ingr_0000000518;ingr_0000000031,train,"[161, 515, 23, 312, 21, 72, 332, 524, 122, 520, 291, 522, 518, 31]",olive oil arugula brown rice pepper squash kale salmon parsley garlic lemon juice salt tatsoi thyme cucumbers
dish_1566938026,450.576294,219.0,ingr_0000000511;ingr_0000000092;ingr_0000000011;ingr_0000000291;ingr_0000000520;ingr_0000000021;ingr_0000000335;ingr_0000000046;ingr_0000000155;ingr_0000000161;ingr_0000000377;ingr_0000000122;ingr_0000000133,train,"[511, 92, 11, 291, 520, 21, 335, 46, 155, 161, 377, 122, 133]",spinach (cooked) wine cheese pizza salt lemon juice squash eggplant mushroom chicken thighs olive oil quinoa garlic shallots
dish_1559751801,451.635986,343.0,ingr_0000000013;ingr_0000000192;ingr_0000000179;ingr_0000000510,train,"[13, 192, 179, 510]",berries yam eggs chicken apple sausage
dish_1564000490,532.706482,325.0,ingr_0000000312;ingr_0000000515;ingr_0000000341;ingr_0000000006;ingr_0000000441;ingr_0000000133;ingr_0000000011;ingr_0000000291;ingr_0000000122;ingr_0000000520;ingr_0000000521;ingr_0000000046;ingr_0000000514;ingr_0000000519;ingr_0000000518;ingr_0000000161;ingr_0000000516;ingr_0000000428;ingr_0000000028,train,"[312, 515, 341, 6, 441, 133, 11, 291, 122, 520, 521, 46, 514, 519, 518, 161, 516, 428, 28]",pepper arugula cream caesar salad butter shallots cheese pizza salt garlic lemon juice basil mushroom wheat berry oregano thyme olive oil rosemary white wine chicken
dish_1564000459,485.186493,217.0,ingr_0000000441;ingr_0000000514;ingr_0000000518;ingr_0000000161;ingr_0000000516;ingr_0000000520;ingr_0000000011;ingr_0000000133;ingr_0000000122;ingr_0000000291;ingr_0000000428;ingr_0000000312;ingr_0000000341;ingr_0000000046;ingr_0000000515;ingr_0000000519;ingr_0000000521;ingr_0000000028,train,"[441, 514, 518, 161, 516, 520, 11, 133, 122, 291, 428, 312, 341, 46, 515, 519, 521, 28]",butter wheat berry thyme olive oil rosemary lemon juice cheese pizza shallots garlic salt white wine pepper cream mushroom arugula oregano basil chicken
dish_1558457530,16.0,64.0,ingr_0000000007,train,[7],cauliflower
dish_1558723449,74.360001,143.0,ingr_0000000054,train,[54],apple
dish_1567628157,373.190979,355.0,ingr_0000000535;ingr_0000000049;ingr_0000000054;ingr_0000000515;ingr_0000000094;ingr_0000000517;ingr_0000000534;ingr_0000000473;ingr_0000000520;ingr_0000000122;ingr_0000000291;ingr_0000000524;ingr_0000000072;ingr_0000000161;ingr_0000000526;ingr_0000000133;ingr_0000000153,train,"[535, 49, 54, 515, 94, 517, 534, 473, 520, 122, 291, 524, 72, 161, 526, 133, 153]",green onions fish apple arugula onions chard country rice cranberries lemon juice garlic salt parsley kale olive oil mustard greens shallots bulgur
dish_1565728415,194.42775,80.0,ingr_0000000011;ingr_0000000133;ingr_0000000511;ingr_0000000094;ingr_0000000161;ingr_0000000189;ingr_0000000513;ingr_0000000291;ingr_0000000525;ingr_0000000025,train,"[11, 133, 511, 94, 161, 189, 513, 291, 525, 25]",cheese pizza shallots spinach (cooked) onions olive oil vinegar millet salt bok choy beef
dish_1565383026,171.559998,287.0,ingr_0000000036;ingr_0000000031;ingr_0000000012,train,"[36, 31, 12]",spinach (raw) cucumbers olives
dish_1558642089,39.360001,96.0,ingr_0000000045,train,[45],carrot
dish_1562959732,374.663696,232.0,ingr_0000000291;ingr_0000000508;ingr_0000000525;ingr_0000000462;ingr_0000000162;ingr_0000000312;ingr_0000000122;ingr_0000000328;ingr_0000000026,train,"[291, 508, 525, 462, 162, 312, 122, 328, 26]",salt soy sauce bok choy pork parsnips pepper garlic sugar white rice
dish_1560368972,196.840424,107.0,ingr_0000000462;ingr_0000000471;ingr_0000000122;ingr_0000000133;ingr_0000000026;ingr_0000000291;ingr_0000000094;ingr_0000000521;ingr_0000000161;ingr_0000000023;ingr_0000000189;ingr_0000000312;ingr_0000000027;ingr_0000000520;ingr_0000000524,train,"[462, 471, 122, 133, 26, 291, 94, 521, 161, 23, 189, 312, 27, 520, 524]",pork cherry tomatoes garlic shallots white rice salt onions basil olive oil brown rice vinegar pepper broccoli lemon juice parsley
dish_1561576590,29.231468,101.0,ingr_0000000021;ingr_0000000161;ingr_0000000291,train,"[21, 161, 291]",squash olive oil salt
dish_1558723866,14.75,59.0,ingr_0000000007,train,[7],cauliflower
dish_1564778030,504.417786,283.0,ingr_0000000513;ingr_0000000511;ingr_0000000189;ingr_0000000094;ingr_0000000011;ingr_0000000027;ingr_0000000525;ingr_0000000029;ingr_0000000133;ingr_0000000035;ingr_0000000025;ingr_0000000161;ingr_0000000126;ingr_0000000122;ingr_0000000124;ingr_0000000030;ingr_0000000291,train,"[513, 511, 189, 94, 11, 27, 525, 29, 133, 35, 25, 161, 126, 122, 124, 30, 291]",millet spinach (cooked) vinegar onions cheese pizza broccoli bok choy mixed greens shallots blue cheese beef olive oil mustard garlic walnuts lettuce salt
dish_1561392512,42.75,75.0,ingr_0000000013,train,[13],berries
dish_1564675118,177.188782,238.0,ingr_0000000161;ingr_0000000121;ingr_0000000437,train,"[161, 121, 437]",olive oil watermelon sweet potato
dish_1559319860,70.330002,13.0,ingr_0000000004,train,[4],bacon
dish_1559242568,116.116005,203.0,ingr_0000000213,train,[213],pears
dish_1563824339,85.339996,175.0,ingr_0000000094;ingr_0000000471;ingr_0000000012;ingr_0000000033,train,"[94, 471, 12, 33]",onions cherry tomatoes olives bell peppers
dish_1567021831,252.435623,228.0,ingr_0000000471;ingr_0000000312;ingr_0000000527;ingr_0000000514;ingr_0000000072;ingr_0000000126;ingr_0000000161;ingr_0000000122;ingr_0000000124;ingr_0000000520;ingr_0000000291;ingr_0000000049;ingr_0000000517;ingr_0000000201;ingr_0000000189;ingr_0000000515;ingr_0000000524;ingr_0000000133,train,"[471, 312, 527, 514, 72, 126, 161, 122, 124, 520, 291, 49, 517, 201, 189, 515, 524, 133]",cherry tomatoes pepper chive wheat berry kale mustard olive oil garlic walnuts lemon juice salt fish chard blueberries vinegar arugula parsley shallots
dish_1559846099,206.938995,114.0,ingr_0000000507;ingr_0000000077;ingr_0000000027,train,"[507, 77, 27]",mandarin oranges almonds broccoli
dish_1562873155,41.33675,79.0,ingr_0000000043;ingr_0000000161,train,"[43, 161]",green beans olive oil
dish_1562094621,10.54,34.0,ingr_0000000043,train,[43],green beans
dish_1563900150,202.2966,154.0,ingr_0000000437;ingr_0000000161;ingr_0000000008,train,"[437, 161, 8]",sweet potato olive oil scrambled eggs
dish_1562086702,178.529999,33.0,ingr_0000000004,train,[4],bacon
dish_1564429894,498.769836,566.0,ingr_0000000377;ingr_0000000291;ingr_0000000021;ingr_0000000116;ingr_0000000515;ingr_0000000524;ingr_0000000045;ingr_0000000472;ingr_0000000312;ingr_0000000514;ingr_0000000462;ingr_0000000448;ingr_0000000152;ingr_0000000133;ingr_0000000518;ingr_0000000161;ingr_0000000122;ingr_0000000520;ingr_0000000007,train,"[377, 291, 21, 116, 515, 524, 45, 472, 312, 514, 462, 448, 152, 133, 518, 161, 122, 520, 7]",quinoa salt squash mayonnaise arugula parsley carrot couscous pepper wheat berry pork jalapenos cabbage shallots thyme olive oil garlic lemon juice cauliflower
dish_1561662458,124.815498,119.0,ingr_0000000030;ingr_0000000367;ingr_0000000291;ingr_0000000029;ingr_0000000094;ingr_0000000031;ingr_0000000189;ingr_0000000205;ingr_0000000161;ingr_0000000312;ingr_0000000471,train,"[30, 367, 291, 29, 94, 31, 189, 205, 161, 312, 471]",lettuce lime salt mixed greens onions cucumbers vinegar corn on the cob olive oil pepper cherry tomatoes
dish_1558720364,73.839996,142.0,ingr_0000000054,train,[54],apple
dish_1559845290,66.220001,86.0,ingr_0000000005,train,[5],potatoes
dish_1559844506,98.959999,180.0,ingr_0000000507;ingr_0000000440;ingr_0000000002,train,"[507, 440, 2]",mandarin oranges grapes strawberries
dish_1560360055,362.734009,180.0,ingr_0000000039;ingr_0000000008,train,"[39, 8]",sausage scrambled eggs
dish_1567106825,220.200867,104.0,ingr_0000000525;ingr_0000000513;ingr_0000000035;ingr_0000000094;ingr_0000000126;ingr_0000000161;ingr_0000000133;ingr_0000000511;ingr_0000000029;ingr_0000000291;ingr_0000000025;ingr_0000000189;ingr_0000000122;ingr_0000000030;ingr_0000000124,train,"[525, 513, 35, 94, 126, 161, 133, 511, 29, 291, 25, 189, 122, 30, 124]",bok choy millet blue cheese onions mustard olive oil shallots spinach (cooked) mixed greens salt beef vinegar garlic lettuce walnuts
dish_1560453380,411.388397,480.0,ingr_0000000485;ingr_0000000023;ingr_0000000515;ingr_0000000043;ingr_0000000514;ingr_0000000516;ingr_0000000032;ingr_0000000028;ingr_0000000312;ingr_0000000512;ingr_0000000036;ingr_0000000021;ingr_0000000332;ingr_0000000518;ingr_0000000161;ingr_0000000521;ingr_0000000520;ingr_0000000524;ingr_0000000291;ingr_0000000122,train,"[485, 23, 515, 43, 514, 516, 32, 28, 312, 512, 36, 21, 332, 518, 161, 521, 520, 524, 291, 122]",zucchini brown rice arugula green beans wheat berry rosemary tomatoes chicken pepper kimchi spinach (raw) squash salmon thyme olive oil basil lemon juice parsley salt garlic
dish_1566849327,551.702026,362.0,ingr_0000000148;ingr_0000000029;ingr_0000000042;ingr_0000000012;ingr_0000000028,train,"[148, 29, 42, 12, 28]",parmesan cheese mixed greens avocado olives chicken
dish_1560527191,663.989319,318.0,ingr_0000000526;ingr_0000000031;ingr_0000000004;ingr_0000000013;ingr_0000000032;ingr_0000000122;ingr_0000000005;ingr_0000000291;ingr_0000000039;ingr_0000000126;ingr_0000000189;ingr_0000000036;ingr_0000000161,train,"[526, 31, 4, 13, 32, 122, 5, 291, 39, 126, 189, 36, 161]",mustard greens cucumbers bacon berries tomatoes garlic potatoes salt sausage mustard vinegar spinach (raw) olive oil
dish_1563898786,420.928467,344.0,ingr_0000000126;ingr_0000000161;ingr_0000000033;ingr_0000000027;ingr_0000000073;ingr_0000000291;ingr_0000000122;ingr_0000000008;ingr_0000000189;ingr_0000000031,train,"[126, 161, 33, 27, 73, 291, 122, 8, 189, 31]",mustard olive oil bell peppers broccoli radishes salt garlic scrambled eggs vinegar cucumbers
dish_1560973958,145.313232,121.0,ingr_0000000514;ingr_0000000161;ingr_0000000126;ingr_0000000082;ingr_0000000367;ingr_0000000291;ingr_0000000129;ingr_0000000312;ingr_0000000515;ingr_0000000058,train,"[514, 161, 126, 82, 367, 291, 129, 312, 515, 58]",wheat berry olive oil mustard pecans lime salt raisins pepper arugula orange
dish_1563206582,229.248688,320.0,ingr_0000000192;ingr_0000000128;ingr_0000000161;ingr_0000000437,train,"[192, 128, 161, 437]",yam egg whites olive oil sweet potato
dish_1565207815,40.848213,80.0,ingr_0000000016;ingr_0000000291;ingr_0000000312;ingr_0000000161,train,"[16, 291, 312, 161]",brussels sprouts salt pepper olive oil
dish_1568314823,144.0,90.0,ingr_0000000042,train,[42],avocado
dish_1565119464,504.065033,223.0,ingr_0000000513;ingr_0000000054;ingr_0000000011;ingr_0000000291;ingr_0000000161;ingr_0000000094;ingr_0000000473;ingr_0000000126;ingr_0000000189;ingr_0000000036;ingr_0000000511;ingr_0000000025;ingr_0000000133;ingr_0000000525,train,"[513, 54, 11, 291, 161, 94, 473, 126, 189, 36, 511, 25, 133, 525]",millet apple cheese pizza salt olive oil onions cranberries mustard vinegar spinach (raw) spinach (cooked) beef shallots bok choy
dish_1565725047,77.659996,110.0,ingr_0000000045;ingr_0000000012,train,"[45, 12]",carrot olives
dish_1559841163,357.043518,335.0,ingr_0000000041;ingr_0000000008;ingr_0000000192;ingr_0000000437;ingr_0000000510;ingr_0000000027,train,"[41, 8, 192, 437, 510, 27]",blackberries scrambled eggs yam sweet potato chicken apple sausage broccoli
dish_1563568338,631.706665,371.0,ingr_0000000291;ingr_0000000122;ingr_0000000161;ingr_0000000072;ingr_0000000094;ingr_0000000514;ingr_0000000046;ingr_0000000205;ingr_0000000421;ingr_0000000527;ingr_0000000011;ingr_0000000045;ingr_0000000518;ingr_0000000034;ingr_0000000341;ingr_0000000026;ingr_0000000179,train,"[291, 122, 161, 72, 94, 514, 46, 205, 421, 527, 11, 45, 518, 34, 341, 26, 179]",salt garlic olive oil kale onions wheat berry mushroom corn on the cob ground turkey chive cheese pizza carrot thyme celery cream white rice eggs
dish_1563468299,210.350006,385.0,ingr_0000000001;ingr_0000000038;ingr_0000000121;ingr_0000000013,train,"[1, 38, 121, 13]",cottage cheese pineapple watermelon berries
dish_1558027001,20.400002,68.0,ingr_0000000458,train,[458],deprecated
dish_1565033265,1324.084961,625.0,ingr_0000000012;ingr_0000000029;ingr_0000000027;ingr_0000000028;ingr_0000000338;ingr_0000000161,train,"[12, 29, 27, 28, 338, 161]",olives mixed greens broccoli chicken vinaigrette olive oil
dish_1563475921,244.343323,348.0,ingr_0000000133;ingr_0000000122;ingr_0000000520;ingr_0000000094;ingr_0000000036;ingr_0000000448;ingr_0000000038;ingr_0000000007;ingr_0000000112;ingr_0000000203;ingr_0000000291;ingr_0000000161;ingr_0000000367;ingr_0000000540;ingr_0000000023;ingr_0000000523;ingr_0000000332,train,"[133, 122, 520, 94, 36, 448, 38, 7, 112, 203, 291, 161, 367, 540, 23, 523, 332]",shallots garlic lemon juice onions spinach (raw) jalapenos pineapple cauliflower honeydew melons chili salt olive oil lime ginger brown rice cilantro salmon
dish_1561665024,100.570984,121.0,ingr_0000000520;ingr_0000000094;ingr_0000000161;ingr_0000000029;ingr_0000000524;ingr_0000000291;ingr_0000000054;ingr_0000000513;ingr_0000000043;ingr_0000000189,train,"[520, 94, 161, 29, 524, 291, 54, 513, 43, 189]",lemon juice onions olive oil mixed greens parsley salt apple millet green beans vinegar
dish_1563813308,224.982895,76.0,ingr_0000000291;ingr_0000000312;ingr_0000000016;ingr_0000000161;ingr_0000000004,train,"[291, 312, 16, 161, 4]",salt pepper brussels sprouts olive oil bacon
dish_1561062555,47.093922,32.0,ingr_0000000054;ingr_0000000133;ingr_0000000291;ingr_0000000153;ingr_0000000161;ingr_0000000473;ingr_0000000520;ingr_0000000526;ingr_0000000524;ingr_0000000515;ingr_0000000122,train,"[54, 133, 291, 153, 161, 473, 520, 526, 524, 515, 122]",apple shallots salt bulgur olive oil cranberries lemon juice mustard greens parsley arugula garlic
dish_1558723414,51.988998,49.0,ingr_0000000205,train,[205],corn on the cob
dish_1562691674,376.976868,435.0,ingr_0000000437;ingr_0000000161;ingr_0000000027;ingr_0000000128;ingr_0000000192;ingr_0000000545;ingr_0000000543;ingr_0000000510;ingr_0000000502,train,"[437, 161, 27, 128, 192, 545, 543, 510, 502]",sweet potato olive oil broccoli egg whites yam greek yogurt chia seeds chicken apple sausage milk
dish_1566591080,909.629578,549.0,ingr_0000000312;ingr_0000000332;ingr_0000000028;ingr_0000000012;ingr_0000000515;ingr_0000000023;ingr_0000000484;ingr_0000000161;ingr_0000000518;ingr_0000000045;ingr_0000000291,train,"[312, 332, 28, 12, 515, 23, 484, 161, 518, 45, 291]",pepper salmon chicken olives arugula brown rice chicken salad olive oil thyme carrot salt
dish_1564082462,905.354492,609.0,ingr_0000000508;ingr_0000000532;ingr_0000000471;ingr_0000000023;ingr_0000000517;ingr_0000000036;ingr_0000000462;ingr_0000000052;ingr_0000000006;ingr_0000000524;ingr_0000000026;ingr_0000000328;ingr_0000000122;ingr_0000000045;ingr_0000000291;ingr_0000000312;ingr_0000000525;ingr_0000000074;ingr_0000000161;ingr_0000000521;ingr_0000000516;ingr_0000000520;ingr_0000000094;ingr_0000000527;ingr_0000000028,train,"[508, 532, 471, 23, 517, 36, 462, 52, 6, 524, 26, 328, 122, 45, 291, 312, 525, 74, 161, 521, 516, 520, 94, 527, 28]",soy sauce pesto cherry tomatoes brown rice chard spinach (raw) pork cheese caesar salad parsley white rice sugar garlic carrot salt pepper bok choy pasta olive oil basil rosemary lemon juice onions chive chicken
dish_1562602860,165.182281,258.0,ingr_0000000002;ingr_0000000502;ingr_0000000543;ingr_0000000545;ingr_0000000121,train,"[2, 502, 543, 545, 121]",strawberries milk chia seeds greek yogurt watermelon
dish_1561739954,276.119995,225.0,ingr_0000000437;ingr_0000000008,train,"[437, 8]",sweet potato scrambled eggs
dish_1558638983,59.416,56.0,ingr_0000000205,train,[205],corn on the cob
dish_1558631825,118.832001,112.0,ingr_0000000205,train,[205],corn on the cob
dish_1563216440,403.786346,352.0,ingr_0000000514;ingr_0000000161;ingr_0000000036;ingr_0000000471;ingr_0000000244;ingr_0000000026;ingr_0000000148;ingr_0000000122;ingr_0000000291;ingr_0000000027;ingr_0000000518,train,"[514, 161, 36, 471, 244, 26, 148, 122, 291, 27, 518]",wheat berry olive oil spinach (raw) cherry tomatoes chicken breast white rice parmesan cheese garlic salt broccoli thyme
dish_1559240908,60.16,128.0,ingr_0000000058,train,[58],orange
dish_1563395480,370.521423,329.0,ingr_0000000047;ingr_0000000052;ingr_0000000122;ingr_0000000203;ingr_0000000320;ingr_0000000036;ingr_0000000021;ingr_0000000033;ingr_0000000094;ingr_0000000161;ingr_0000000434;ingr_0000000520;ingr_0000000291;ingr_0000000238;ingr_0000000471;ingr_0000000312;ingr_0000000251;ingr_0000000448;ingr_0000000524;ingr_0000000152;ingr_0000000155;ingr_0000000367;ingr_0000000485;ingr_0000000011;ingr_0000000027;ingr_0000000045;ingr_0000000032,train,"[47, 52, 122, 203, 320, 36, 21, 33, 94, 161, 434, 520, 291, 238, 471, 312, 251, 448, 524, 152, 155, 367, 485, 11, 27, 45, 32]",corn cheese garlic chili black beans spinach (raw) squash bell peppers onions olive oil sour cream lemon juice salt hominy cherry tomatoes pepper tortilla chips jalapenos parsley cabbage chicken thighs lime zucchini cheese pizza broccoli carrot tomatoes
dish_1559235815,352.39502,268.0,ingr_0000000495;ingr_0000000264;ingr_0000000002;ingr_0000000179,train,"[495, 264, 2, 179]",cream cheese bagels strawberries eggs
dish_1565640272,377.820007,405.0,ingr_0000000033;ingr_0000000392;ingr_0000000471,train,"[33, 392, 471]",bell peppers pepperoni pizza cherry tomatoes
dish_1565022062,234.606583,366.0,ingr_0000000161;ingr_0000000128;ingr_0000000013;ingr_0000000437,train,"[161, 128, 13, 437]",olive oil egg whites berries sweet potato
dish_1562960520,422.399261,303.0,ingr_0000000462;ingr_0000000312;ingr_0000000026;ingr_0000000122;ingr_0000000006;ingr_0000000433;ingr_0000000328;ingr_0000000291;ingr_0000000508;ingr_0000000525,train,"[462, 312, 26, 122, 6, 433, 328, 291, 508, 525]",pork pepper white rice garlic caesar salad roasted potatoes sugar salt soy sauce bok choy
dish_1560441270,24.540001,46.0,ingr_0000000525;ingr_0000000005,train,"[525, 5]",bok choy potatoes
dish_1561663855,179.138412,139.0,ingr_0000000524;ingr_0000000520;ingr_0000000527;ingr_0000000122;ingr_0000000513;ingr_0000000054;ingr_0000000023;ingr_0000000205;ingr_0000000189;ingr_0000000094;ingr_0000000161;ingr_0000000516;ingr_0000000521;ingr_0000000291;ingr_0000000028;ingr_0000000029;ingr_0000000045;ingr_0000000517,train,"[524, 520, 527, 122, 513, 54, 23, 205, 189, 94, 161, 516, 521, 291, 28, 29, 45, 517]",parsley lemon juice chive garlic millet apple brown rice corn on the cob vinegar onions olive oil rosemary basil salt chicken mixed greens carrot chard
dish_1563389199,390.254456,284.0,ingr_0000000027;ingr_0000000122;ingr_0000000312;ingr_0000000515;ingr_0000000189;ingr_0000000517;ingr_0000000201;ingr_0000000153;ingr_0000000161;ingr_0000000082;ingr_0000000126;ingr_0000000050;ingr_0000000291;ingr_0000000045,train,"[27, 122, 312, 515, 189, 517, 201, 153, 161, 82, 126, 50, 291, 45]",broccoli garlic pepper arugula vinegar chard blueberries bulgur olive oil pecans mustard tofu salt carrot
dish_1566488928,103.048294,147.0,ingr_0000000037;ingr_0000000437;ingr_0000000161,train,"[37, 437, 161]",cantaloupe sweet potato olive oil
dish_1558723926,19.26,107.0,ingr_0000000471,train,[471],cherry tomatoes
dish_1563392128,169.934235,162.0,ingr_0000000122;ingr_0000000523;ingr_0000000520;ingr_0000000094;ingr_0000000161;ingr_0000000291;ingr_0000000515;ingr_0000000377;ingr_0000000049;ingr_0000000541;ingr_0000000312;ingr_0000000448,train,"[122, 523, 520, 94, 161, 291, 515, 377, 49, 541, 312, 448]",garlic cilantro lemon juice onions olive oil salt arugula quinoa fish tomatillo pepper jalapenos
dish_1563910171,571.183777,423.0,ingr_0000000540;ingr_0000000517;ingr_0000000332;ingr_0000000523;ingr_0000000133;ingr_0000000367;ingr_0000000520;ingr_0000000094;ingr_0000000161;ingr_0000000189;ingr_0000000043;ingr_0000000023;ingr_0000000036;ingr_0000000448;ingr_0000000471;ingr_0000000122;ingr_0000000203;ingr_0000000070;ingr_0000000291;ingr_0000000031;ingr_0000000126,train,"[540, 517, 332, 523, 133, 367, 520, 94, 161, 189, 43, 23, 36, 448, 471, 122, 203, 70, 291, 31, 126]",ginger chard salmon cilantro shallots lime lemon juice onions olive oil vinegar green beans brown rice spinach (raw) jalapenos cherry tomatoes garlic chili figs salt cucumbers mustard
dish_1560368990,211.92131,119.0,ingr_0000000133;ingr_0000000291;ingr_0000000531;ingr_0000000524;ingr_0000000161;ingr_0000000023;ingr_0000000189;ingr_0000000312;ingr_0000000515;ingr_0000000026;ingr_0000000122;ingr_0000000045;ingr_0000000027;ingr_0000000030;ingr_0000000094;ingr_0000000521;ingr_0000000520;ingr_0000000126;ingr_0000000462;ingr_0000000471;ingr_0000000029,train,"[133, 291, 531, 524, 161, 23, 189, 312, 515, 26, 122, 45, 27, 30, 94, 521, 520, 126, 462, 471, 29]",shallots salt pumpkin seeds parsley olive oil brown rice vinegar pepper arugula white rice garlic carrot broccoli lettuce onions basil lemon juice mustard pork cherry tomatoes mixed greens
dish_1562958563,130.839996,68.0,ingr_0000000012;ingr_0000000484,train,"[12, 484]",olives chicken salad
dish_1561579617,130.172348,304.0,ingr_0000000291;ingr_0000000335;ingr_0000000161;ingr_0000000007;ingr_0000000433,train,"[291, 335, 161, 7, 433]",salt eggplant olive oil cauliflower roasted potatoes
dish_1566333167,344.544495,140.0,ingr_0000000189;ingr_0000000025;ingr_0000000525;ingr_0000000511;ingr_0000000133;ingr_0000000513;ingr_0000000291;ingr_0000000011;ingr_0000000161;ingr_0000000094,train,"[189, 25, 525, 511, 133, 513, 291, 11, 161, 94]",vinegar beef bok choy spinach (cooked) shallots millet salt cheese pizza olive oil onions
dish_1565033139,193.649994,274.0,ingr_0000000029;ingr_0000000027;ingr_0000000012,train,"[29, 27, 12]",mixed greens broccoli olives
dish_1563464480,229.490005,213.0,ingr_0000000004;ingr_0000000121;ingr_0000000433;ingr_0000000013,train,"[4, 121, 433, 13]",bacon watermelon roasted potatoes berries
dish_1567020054,122.001411,145.0,ingr_0000000133;ingr_0000000122;ingr_0000000524;ingr_0000000291;ingr_0000000072;ingr_0000000016;ingr_0000000520;ingr_0000000161;ingr_0000000514;ingr_0000000527;ingr_0000000517;ingr_0000000312;ingr_0000000049;ingr_0000000471,train,"[133, 122, 524, 291, 72, 16, 520, 161, 514, 527, 517, 312, 49, 471]",shallots garlic parsley salt kale brussels sprouts lemon juice olive oil wheat berry chive chard pepper fish cherry tomatoes
dish_1568649387,163.858185,192.0,ingr_0000000161;ingr_0000000437;ingr_0000000027;ingr_0000000013;ingr_0000000192,train,"[161, 437, 27, 13, 192]",olive oil sweet potato broccoli berries yam
dish_1565370004,570.884766,370.0,ingr_0000000004;ingr_0000000161;ingr_0000000008;ingr_0000000043,train,"[4, 161, 8, 43]",bacon olive oil scrambled eggs green beans
dish_1566499633,161.386429,139.0,ingr_0000000094;ingr_0000000161;ingr_0000000189;ingr_0000000122;ingr_0000000291;ingr_0000000457;ingr_0000000012;ingr_0000000031;ingr_0000000036;ingr_0000000126,train,"[94, 161, 189, 122, 291, 457, 12, 31, 36, 126]",onions olive oil vinegar garlic salt sun dried tomatoes olives cucumbers spinach (raw) mustard
dish_1558719336,24.25,97.0,ingr_0000000007,train,[7],cauliflower
dish_1562602657,610.365173,236.0,ingr_0000000312;ingr_0000000291;ingr_0000000015;ingr_0000000016;ingr_0000000039;ingr_0000000161,train,"[312, 291, 15, 16, 39, 161]",pepper salt hash browns brussels sprouts sausage olive oil
dish_1558116201,313.585999,91.0,ingr_0000000039,train,[39],sausage
dish_1559668314,551.546021,300.0,ingr_0000000008;ingr_0000000003;ingr_0000000015,train,"[8, 3, 15]",scrambled eggs garden salad hash browns
dish_1557861697,13.144,53.0,ingr_0000000335,train,[335],eggplant
dish_1558721484,11.160001,62.0,ingr_0000000471,train,[471],cherry tomatoes
dish_1565379251,32.936092,67.0,ingr_0000000291;ingr_0000000312;ingr_0000000161;ingr_0000000045,train,"[291, 312, 161, 45]",salt pepper olive oil carrot
dish_1563306392,477.465118,288.0,ingr_0000000028;ingr_0000000036;ingr_0000000514;ingr_0000000518;ingr_0000000161;ingr_0000000520;ingr_0000000524;ingr_0000000291;ingr_0000000122;ingr_0000000133,train,"[28, 36, 514, 518, 161, 520, 524, 291, 122, 133]",chicken spinach (raw) wheat berry thyme olive oil lemon juice parsley salt garlic shallots
dish_1559843335,25.410002,77.0,ingr_0000000002,train,[2],strawberries
dish_1558549214,239.190002,361.0,ingr_0000000026;ingr_0000000005;ingr_0000000036;ingr_0000000471;ingr_0000000440,train,"[26, 5, 36, 471, 440]",white rice potatoes spinach (raw) cherry tomatoes grapes
dish_1562775488,91.239998,145.0,ingr_0000000128;ingr_0000000437,train,"[128, 437]",egg whites sweet potato
dish_1562787956,26.84,61.0,ingr_0000000006,train,[6],caesar salad
dish_1562775212,92.480003,136.0,ingr_0000000059,train,[59],oatmeal
dish_1559238435,115.544006,202.0,ingr_0000000213,train,[213],pears
dish_1562008813,214.593262,225.0,ingr_0000000213;ingr_0000000377;ingr_0000000133;ingr_0000000161;ingr_0000000520;ingr_0000000126;ingr_0000000189;ingr_0000000515;ingr_0000000122;ingr_0000000029;ingr_0000000425;ingr_0000000518;ingr_0000000082;ingr_0000000524;ingr_0000000517;ingr_0000000201;ingr_0000000012;ingr_0000000007;ingr_0000000291,train,"[213, 377, 133, 161, 520, 126, 189, 515, 122, 29, 425, 518, 82, 524, 517, 201, 12, 7, 291]",pears quinoa shallots olive oil lemon juice mustard vinegar arugula garlic mixed greens goat cheese thyme pecans parsley chard blueberries olives cauliflower salt
dish_1568061202,256.551605,334.0,ingr_0000000291;ingr_0000000312;ingr_0000000016;ingr_0000000161;ingr_0000000021;ingr_0000000038;ingr_0000000011,train,"[291, 312, 16, 161, 21, 38, 11]",salt pepper brussels sprouts olive oil squash pineapple cheese pizza
dish_1560445069,94.527,243.0,ingr_0000000166,train,[166],grapefruit juice
dish_1563900172,236.636597,255.0,ingr_0000000008;ingr_0000000037;ingr_0000000161;ingr_0000000437,train,"[8, 37, 161, 437]",scrambled eggs cantaloupe olive oil sweet potato
dish_1562785132,211.542679,192.0,ingr_0000000049;ingr_0000000534;ingr_0000000094;ingr_0000000161;ingr_0000000122;ingr_0000000291;ingr_0000000535,train,"[49, 534, 94, 161, 122, 291, 535]",fish country rice onions olive oil garlic salt green onions
dish_1565383097,479.248993,430.0,ingr_0000000036;ingr_0000000031;ingr_0000000012;ingr_0000000028;ingr_0000000148,train,"[36, 31, 12, 28, 148]",spinach (raw) cucumbers olives chicken parmesan cheese
dish_1559233102,183.520004,124.0,ingr_0000000008,train,[8],scrambled eggs
dish_1560357427,93.749001,241.0,ingr_0000000166,train,[166],grapefruit juice
dish_1558031628,31.280001,92.0,ingr_0000000037,train,[37],cantaloupe
dish_1558029148,38.880001,108.0,ingr_0000000112,train,[112],honeydew melons
dish_1562959129,412.873596,293.0,ingr_0000000049;ingr_0000000122;ingr_0000000291;ingr_0000000380;ingr_0000000094;ingr_0000000312;ingr_0000000377;ingr_0000000095;ingr_0000000520;ingr_0000000161;ingr_0000000515;ingr_0000000448;ingr_0000000541;ingr_0000000162;ingr_0000000523;ingr_0000000433,train,"[49, 122, 291, 380, 94, 312, 377, 95, 520, 161, 515, 448, 541, 162, 523, 433]",fish garlic salt pizza onions pepper quinoa artichokes lemon juice olive oil arugula jalapenos tomatillo parsnips cilantro roasted potatoes
dish_1558641075,12.42,69.0,ingr_0000000471,train,[471],cherry tomatoes
dish_1560455158,69.12085,55.0,ingr_0000000161;ingr_0000000515;ingr_0000000189;ingr_0000000045;ingr_0000000029;ingr_0000000126;ingr_0000000030;ingr_0000000531;ingr_0000000291,train,"[161, 515, 189, 45, 29, 126, 30, 531, 291]",olive oil arugula vinegar carrot mixed greens mustard lettuce pumpkin seeds salt
dish_1565972715,657.545837,510.0,ingr_0000000031;ingr_0000000189;ingr_0000000043;ingr_0000000008;ingr_0000000312;ingr_0000000030;ingr_0000000510;ingr_0000000471;ingr_0000000367;ingr_0000000029;ingr_0000000291;ingr_0000000161;ingr_0000000094,train,"[31, 189, 43, 8, 312, 30, 510, 471, 367, 29, 291, 161, 94]",cucumbers vinegar green beans scrambled eggs pepper lettuce chicken apple sausage cherry tomatoes lime mixed greens salt olive oil onions
dish_1558724912,30.75,75.0,ingr_0000000045,train,[45],carrot
dish_1563913675,282.693146,228.0,ingr_0000000036;ingr_0000000189;ingr_0000000517;ingr_0000000471;ingr_0000000011;ingr_0000000070;ingr_0000000291;ingr_0000000006;ingr_0000000031;ingr_0000000161;ingr_0000000126,train,"[36, 189, 517, 471, 11, 70, 291, 6, 31, 161, 126]",spinach (raw) vinegar chard cherry tomatoes cheese pizza figs salt caesar salad cucumbers olive oil mustard
dish_1567542876,495.807739,260.0,ingr_0000000026;ingr_0000000508;ingr_0000000094;ingr_0000000498;ingr_0000000072;ingr_0000000520;ingr_0000000203;ingr_0000000523;ingr_0000000535;ingr_0000000011;ingr_0000000027;ingr_0000000025;ingr_0000000038;ingr_0000000155;ingr_0000000189;ingr_0000000161;ingr_0000000122;ingr_0000000291,train,"[26, 508, 94, 498, 72, 520, 203, 523, 535, 11, 27, 25, 38, 155, 189, 161, 122, 291]",white rice soy sauce onions orange juice kale lemon juice chili cilantro green onions cheese pizza broccoli beef pineapple chicken thighs vinegar olive oil garlic salt
dish_1561753075,945.670715,668.0,ingr_0000000122;ingr_0000000332;ingr_0000000155;ingr_0000000094;ingr_0000000161;ingr_0000000203;ingr_0000000006;ingr_0000000523;ingr_0000000052;ingr_0000000312;ingr_0000000023;ingr_0000000515;ingr_0000000021;ingr_0000000518;ingr_0000000060;ingr_0000000291;ingr_0000000032,train,"[122, 332, 155, 94, 161, 203, 6, 523, 52, 312, 23, 515, 21, 518, 60, 291, 32]",garlic salmon chicken thighs onions olive oil chili caesar salad cilantro cheese pepper brown rice arugula squash thyme tortilla salt tomatoes
dish_1559244305,113.066399,64.0,ingr_0000000515;ingr_0000000312;ingr_0000000189;ingr_0000000187;ingr_0000000291;ingr_0000000524;ingr_0000000161;ingr_0000000526,train,"[515, 312, 189, 187, 291, 524, 161, 526]",arugula pepper vinegar chickpeas salt parsley olive oil mustard greens
dish_1561577573,755.432922,346.0,ingr_0000000094;ingr_0000000525;ingr_0000000513;ingr_0000000025;ingr_0000000291;ingr_0000000511;ingr_0000000133;ingr_0000000161;ingr_0000000380;ingr_0000000189,train,"[94, 525, 513, 25, 291, 511, 133, 161, 380, 189]",onions bok choy millet beef salt spinach (cooked) shallots olive oil pizza vinegar
dish_1563550614,132.824387,205.0,ingr_0000000437;ingr_0000000161;ingr_0000000128,train,"[437, 161, 128]",sweet potato olive oil egg whites
dish_1565204891,302.886444,314.0,ingr_0000000161;ingr_0000000094;ingr_0000000016;ingr_0000000155;ingr_0000000520;ingr_0000000291;ingr_0000000122;ingr_0000000038;ingr_0000000026;ingr_0000000523;ingr_0000000312;ingr_0000000189;ingr_0000000072,train,"[161, 94, 16, 155, 520, 291, 122, 38, 26, 523, 312, 189, 72]",olive oil onions brussels sprouts chicken thighs lemon juice salt garlic pineapple white rice cilantro pepper vinegar kale
dish_1558115011,115.620003,20.0,ingr_0000000077,train,[77],almonds
dish_1559675234,36.970001,120.0,ingr_0000000045;ingr_0000000033;ingr_0000000471;ingr_0000000016,train,"[45, 33, 471, 16]",carrot bell peppers cherry tomatoes brussels sprouts
dish_1565638323,467.824677,274.0,ingr_0000000291;ingr_0000000122;ingr_0000000524;ingr_0000000094;ingr_0000000485;ingr_0000000516;ingr_0000000161;ingr_0000000515;ingr_0000000462;ingr_0000000023;ingr_0000000026,train,"[291, 122, 524, 94, 485, 516, 161, 515, 462, 23, 26]",salt garlic parsley onions zucchini rosemary olive oil arugula pork brown rice white rice
dish_1561405836,82.429001,31.0,ingr_0000000011,train,[11],cheese pizza
dish_1565898659,576.704529,537.0,ingr_0000000471;ingr_0000000402;ingr_0000000012;ingr_0000000332;ingr_0000000036;ingr_0000000094;ingr_0000000203;ingr_0000000523;ingr_0000000367;ingr_0000000291;ingr_0000000540;ingr_0000000023;ingr_0000000448;ingr_0000000520;ingr_0000000161;ingr_0000000045;ingr_0000000133;ingr_0000000122,train,"[471, 402, 12, 332, 36, 94, 203, 523, 367, 291, 540, 23, 448, 520, 161, 45, 133, 122]",cherry tomatoes tuna olives salmon spinach (raw) onions chili cilantro lime salt ginger brown rice jalapenos lemon juice olive oil carrot shallots garlic
dish_1562169818,346.819672,275.0,ingr_0000000161;ingr_0000000338;ingr_0000000312;ingr_0000000008;ingr_0000000294;ingr_0000000029;ingr_0000000291;ingr_0000000040;ingr_0000000041;ingr_0000000016,train,"[161, 338, 312, 8, 294, 29, 291, 40, 41, 16]",olive oil vinaigrette pepper scrambled eggs granola mixed greens salt raspberries blackberries brussels sprouts
dish_1559934679,160.845459,146.0,ingr_0000000377;ingr_0000000092;ingr_0000000335;ingr_0000000046;ingr_0000000155;ingr_0000000021;ingr_0000000291;ingr_0000000520;ingr_0000000133;ingr_0000000006;ingr_0000000511;ingr_0000000122;ingr_0000000161,train,"[377, 92, 335, 46, 155, 21, 291, 520, 133, 6, 511, 122, 161]",quinoa wine eggplant mushroom chicken thighs squash salt lemon juice shallots caesar salad spinach (cooked) garlic olive oil
dish_1562698276,434.58316,307.0,ingr_0000000511;ingr_0000000133;ingr_0000000291;ingr_0000000094;ingr_0000000027;ingr_0000000161;ingr_0000000189;ingr_0000000026;ingr_0000000025;ingr_0000000513;ingr_0000000525,train,"[511, 133, 291, 94, 27, 161, 189, 26, 25, 513, 525]",spinach (cooked) shallots salt onions broccoli olive oil vinegar white rice beef millet bok choy
dish_1558718051,24.25,97.0,ingr_0000000007,train,[7],cauliflower
dish_1560368764,207.098907,270.0,ingr_0000000161;ingr_0000000126;ingr_0000000531;ingr_0000000045;ingr_0000000029;ingr_0000000030;ingr_0000000291;ingr_0000000014;ingr_0000000050;ingr_0000000515;ingr_0000000335;ingr_0000000189,train,"[161, 126, 531, 45, 29, 30, 291, 14, 50, 515, 335, 189]",olive oil mustard pumpkin seeds carrot mixed greens lettuce salt asparagus tofu arugula eggplant vinegar
dish_1563563317,345.84198,252.0,ingr_0000000012;ingr_0000000105;ingr_0000000471;ingr_0000000045,train,"[12, 105, 471, 45]",olives grilled chicken cherry tomatoes carrot
dish_1565895966,214.544357,287.0,ingr_0000000525;ingr_0000000291;ingr_0000000094;ingr_0000000072;ingr_0000000161;ingr_0000000189;ingr_0000000133;ingr_0000000043;ingr_0000000517;ingr_0000000025;ingr_0000000511;ingr_0000000513,train,"[525, 291, 94, 72, 161, 189, 133, 43, 517, 25, 511, 513]",bok choy salt onions kale olive oil vinegar shallots green beans chard beef spinach (cooked) millet
dish_1566933226,245.449509,171.0,ingr_0000000472;ingr_0000000122;ingr_0000000524;ingr_0000000521;ingr_0000000520;ingr_0000000161;ingr_0000000518;ingr_0000000291;ingr_0000000155;ingr_0000000023;ingr_0000000073;ingr_0000000515;ingr_0000000189,train,"[472, 122, 524, 521, 520, 161, 518, 291, 155, 23, 73, 515, 189]",couscous garlic parsley basil lemon juice olive oil thyme salt chicken thighs brown rice radishes arugula vinegar
dish_1558458737,41.599998,32.0,ingr_0000000026,train,[26],white rice
dish_1561392593,354.044922,325.0,ingr_0000000189;ingr_0000000161;ingr_0000000027;ingr_0000000013;ingr_0000000033;ingr_0000000073;ingr_0000000291;ingr_0000000122;ingr_0000000008;ingr_0000000126;ingr_0000000031,train,"[189, 161, 27, 13, 33, 73, 291, 122, 8, 126, 31]",vinegar olive oil broccoli berries bell peppers radishes salt garlic scrambled eggs mustard cucumbers
dish_1566416421,313.741882,367.0,ingr_0000000514;ingr_0000000520;ingr_0000000043;ingr_0000000517;ingr_0000000049;ingr_0000000471;ingr_0000000122;ingr_0000000433;ingr_0000000133;ingr_0000000527;ingr_0000000291;ingr_0000000524;ingr_0000000161;ingr_0000000335,train,"[514, 520, 43, 517, 49, 471, 122, 433, 133, 527, 291, 524, 161, 335]",wheat berry lemon juice green beans chard fish cherry tomatoes garlic roasted potatoes shallots chive salt parsley olive oil eggplant
dish_1562009120,95.610138,146.0,ingr_0000000016;ingr_0000000050;ingr_0000000291;ingr_0000000312;ingr_0000000161,train,"[16, 50, 291, 312, 161]",brussels sprouts tofu salt pepper olive oil
dish_1562872365,9.879999,76.0,ingr_0000000525,train,[525],bok choy
dish_1563910137,131.283218,141.0,ingr_0000000189;ingr_0000000517;ingr_0000000036;ingr_0000000471;ingr_0000000043;ingr_0000000161;ingr_0000000291;ingr_0000000031;ingr_0000000070;ingr_0000000126,train,"[189, 517, 36, 471, 43, 161, 291, 31, 70, 126]",vinegar chard spinach (raw) cherry tomatoes green beans olive oil salt cucumbers figs mustard
dish_1558721726,74.360001,143.0,ingr_0000000054,train,[54],apple
dish_1566931586,379.380005,389.0,ingr_0000000012;ingr_0000000029;ingr_0000000028;ingr_0000000027,train,"[12, 29, 28, 27]",olives mixed greens chicken broccoli
dish_1563908923,49.279999,112.0,ingr_0000000006,train,[6],caesar salad
dish_1563552016,493.589081,174.0,ingr_0000000067;ingr_0000000337,train,"[67, 337]",syrup waffles
dish_1562784307,158.518127,157.0,ingr_0000000291;ingr_0000000380;ingr_0000000161;ingr_0000000335;ingr_0000000205,train,"[291, 380, 161, 335, 205]",salt pizza olive oil eggplant corn on the cob
dish_1564761388,54.599998,105.0,ingr_0000000128,train,[128],egg whites
dish_1561576295,249.067139,232.0,ingr_0000000094;ingr_0000000031;ingr_0000000030;ingr_0000000033;ingr_0000000433;ingr_0000000012;ingr_0000000338;ingr_0000000471;ingr_0000000319,train,"[94, 31, 30, 33, 433, 12, 338, 471, 319]",onions cucumbers lettuce bell peppers roasted potatoes olives vinaigrette cherry tomatoes feta cheese
dish_1562876618,114.336998,43.0,ingr_0000000011,train,[11],cheese pizza
dish_1565640427,195.761993,42.0,ingr_0000000257,train,[257],brownies
dish_1559841808,73.110001,96.0,ingr_0000000440;ingr_0000000507;ingr_0000000415,train,"[440, 507, 415]",grapes mandarin oranges cereal
dish_1560788349,78.925995,134.0,ingr_0000000262,train,[262],yogurt
dish_1566847431,101.240509,90.0,ingr_0000000377;ingr_0000000515;ingr_0000000161;ingr_0000000518;ingr_0000000520;ingr_0000000524;ingr_0000000291;ingr_0000000133;ingr_0000000122,train,"[377, 515, 161, 518, 520, 524, 291, 133, 122]",quinoa arugula olive oil thyme lemon juice parsley salt shallots garlic
dish_1565726812,36.209755,65.0,ingr_0000000027;ingr_0000000161,train,"[27, 161]",broccoli olive oil
dish_1561061687,508.347748,408.0,ingr_0000000133;ingr_0000000122;ingr_0000000306;ingr_0000000448;ingr_0000000094;ingr_0000000473;ingr_0000000526;ingr_0000000072;ingr_0000000520;ingr_0000000161;ingr_0000000291;ingr_0000000524;ingr_0000000332;ingr_0000000540;ingr_0000000036;ingr_0000000312;ingr_0000000148;ingr_0000000023;ingr_0000000515;ingr_0000000523;ingr_0000000367;ingr_0000000140;ingr_0000000016;ingr_0000000153;ingr_0000000203;ingr_0000000054,train,"[133, 122, 306, 448, 94, 473, 526, 72, 520, 161, 291, 524, 332, 540, 36, 312, 148, 23, 515, 523, 367, 140, 16, 153, 203, 54]",shallots garlic croutons jalapenos onions cranberries mustard greens kale lemon juice olive oil salt parsley salmon ginger spinach (raw) pepper parmesan cheese brown rice arugula cilantro lime caesar dressing brussels sprouts bulgur chili apple
dish_1563996279,98.490021,278.0,ingr_0000000291;ingr_0000000045;ingr_0000000007;ingr_0000000161;ingr_0000000312,train,"[291, 45, 7, 161, 312]",salt carrot cauliflower olive oil pepper
dish_1558115448,64.860001,94.0,ingr_0000000440,train,[440],grapes
dish_1559843030,25.410002,77.0,ingr_0000000002,train,[2],strawberries
dish_1564073860,492.309998,91.0,ingr_0000000004,train,[4],bacon
dish_1561739973,295.369995,280.0,ingr_0000000027;ingr_0000000008;ingr_0000000437,train,"[27, 8, 437]",broccoli scrambled eggs sweet potato
dish_1559240441,19.470001,59.0,ingr_0000000002,train,[2],strawberries
dish_1565984434,319.892303,430.0,ingr_0000000377;ingr_0000000421;ingr_0000000094;ingr_0000000034;ingr_0000000072;ingr_0000000161;ingr_0000000518;ingr_0000000527;ingr_0000000312;ingr_0000000026;ingr_0000000007;ingr_0000000341;ingr_0000000046;ingr_0000000179;ingr_0000000045;ingr_0000000291;ingr_0000000122,train,"[377, 421, 94, 34, 72, 161, 518, 527, 312, 26, 7, 341, 46, 179, 45, 291, 122]",quinoa ground turkey onions celery kale olive oil thyme chive pepper white rice cauliflower cream mushroom eggs carrot salt garlic
dish_1563811686,319.428375,331.0,ingr_0000000008;ingr_0000000002;ingr_0000000161;ingr_0000000291;ingr_0000000312;ingr_0000000437;ingr_0000000016,train,"[8, 2, 161, 291, 312, 437, 16]",scrambled eggs strawberries olive oil salt pepper sweet potato brussels sprouts
dish_1561060925,93.914848,156.0,ingr_0000000016;ingr_0000000291;ingr_0000000050;ingr_0000000312;ingr_0000000161,train,"[16, 291, 50, 312, 161]",brussels sprouts salt tofu pepper olive oil
dish_1561663817,95.495369,86.0,ingr_0000000291;ingr_0000000029;ingr_0000000161;ingr_0000000520;ingr_0000000094;ingr_0000000524;ingr_0000000205;ingr_0000000189;ingr_0000000513;ingr_0000000054,train,"[291, 29, 161, 520, 94, 524, 205, 189, 513, 54]",salt mixed greens olive oil lemon juice onions parsley corn on the cob vinegar millet apple
dish_1566922978,124.32,84.0,ingr_0000000008,train,[8],scrambled eggs
dish_1566316587,646.768066,311.0,ingr_0000000161;ingr_0000000189;ingr_0000000073;ingr_0000000004;ingr_0000000122;ingr_0000000033;ingr_0000000008;ingr_0000000291;ingr_0000000031;ingr_0000000126;ingr_0000000015,train,"[161, 189, 73, 4, 122, 33, 8, 291, 31, 126, 15]",olive oil vinegar radishes bacon garlic bell peppers scrambled eggs salt cucumbers mustard hash browns
dish_1560367715,597.531189,305.0,ingr_0000000027;ingr_0000000023;ingr_0000000189;ingr_0000000462;ingr_0000000161;ingr_0000000520;ingr_0000000291;ingr_0000000306;ingr_0000000026;ingr_0000000471;ingr_0000000312;ingr_0000000094;ingr_0000000524;ingr_0000000133;ingr_0000000122;ingr_0000000521,train,"[27, 23, 189, 462, 161, 520, 291, 306, 26, 471, 312, 94, 524, 133, 122, 521]",broccoli brown rice vinegar pork olive oil lemon juice salt croutons white rice cherry tomatoes pepper onions parsley shallots garlic basil
dish_1561575613,86.411438,70.0,ingr_0000000124;ingr_0000000291;ingr_0000000126;ingr_0000000161;ingr_0000000189;ingr_0000000517;ingr_0000000201;ingr_0000000515;ingr_0000000312,train,"[124, 291, 126, 161, 189, 517, 201, 515, 312]",walnuts salt mustard olive oil vinegar chard blueberries arugula pepper
dish_1558639266,30.768999,29.0,ingr_0000000205,train,[205],corn on the cob
dish_1558723537,14.5,58.0,ingr_0000000007,train,[7],cauliflower
dish_1566317742,154.720001,254.0,ingr_0000000041;ingr_0000000059,train,"[41, 59]",blackberries oatmeal
dish_1565195493,406.998535,291.0,ingr_0000000437;ingr_0000000510;ingr_0000000004;ingr_0000000161;ingr_0000000128,train,"[437, 510, 4, 161, 128]",sweet potato chicken apple sausage bacon olive oil egg whites
dish_1559235690,172.604996,111.0,ingr_0000000179,train,[179],eggs
dish_1560529844,91.68,168.0,ingr_0000000013;ingr_0000000437;ingr_0000000121,train,"[13, 437, 121]",berries sweet potato watermelon
dish_1563913709,337.888184,263.0,ingr_0000000161;ingr_0000000031;ingr_0000000194;ingr_0000000006;ingr_0000000291;ingr_0000000011;ingr_0000000070;ingr_0000000471;ingr_0000000126;ingr_0000000517;ingr_0000000189;ingr_0000000036,train,"[161, 31, 194, 6, 291, 11, 70, 471, 126, 517, 189, 36]",olive oil cucumbers fried rice caesar salad salt cheese pizza figs cherry tomatoes mustard chard vinegar spinach (raw)
dish_1563305883,83.052505,77.0,ingr_0000000161;ingr_0000000036;ingr_0000000148;ingr_0000000306;ingr_0000000189;ingr_0000000054;ingr_0000000291;ingr_0000000126;ingr_0000000094;ingr_0000000473;ingr_0000000140;ingr_0000000072,train,"[161, 36, 148, 306, 189, 54, 291, 126, 94, 473, 140, 72]",olive oil spinach (raw) parmesan cheese croutons vinegar apple salt mustard onions cranberries caesar dressing kale
dish_1558639335,60.32,116.0,ingr_0000000054,train,[54],apple
dish_1560454488,48.244003,42.0,ingr_0000000029;ingr_0000000122;ingr_0000000291;ingr_0000000031;ingr_0000000524;ingr_0000000161;ingr_0000000189;ingr_0000000471;ingr_0000000045,train,"[29, 122, 291, 31, 524, 161, 189, 471, 45]",mixed greens garlic salt cucumbers parsley olive oil vinegar cherry tomatoes carrot
dish_1559933793,56.676903,111.0,ingr_0000000291;ingr_0000000312;ingr_0000000161;ingr_0000000016,train,"[291, 312, 161, 16]",salt pepper olive oil brussels sprouts
dish_1564159636,487.873688,134.0,ingr_0000000039;ingr_0000000161;ingr_0000000312;ingr_0000000291;ingr_0000000080;ingr_0000000004;ingr_0000000016,train,"[39, 161, 312, 291, 80, 4, 16]",sausage olive oil pepper salt turkey bacon bacon brussels sprouts
dish_1558724574,50.740002,118.0,ingr_0000000016,train,[16],brussels sprouts
dish_1558718009,25.84,76.0,ingr_0000000037,train,[37],cantaloupe
dish_1562873544,193.61171,201.0,ingr_0000000045;ingr_0000000312;ingr_0000000434;ingr_0000000515;ingr_0000000539;ingr_0000000291;ingr_0000000122;ingr_0000000049;ingr_0000000538;ingr_0000000047;ingr_0000000161;ingr_0000000524;ingr_0000000527;ingr_0000000011;ingr_0000000367;ingr_0000000006,train,"[45, 312, 434, 515, 539, 291, 122, 49, 538, 47, 161, 524, 527, 11, 367, 6]",carrot pepper sour cream arugula nopales salt garlic fish jicama corn olive oil parsley chive cheese pizza lime caesar salad
dish_1562945823,62.19532,99.0,ingr_0000000294;ingr_0000000029;ingr_0000000041;ingr_0000000040;ingr_0000000338;ingr_0000000112;ingr_0000000037,train,"[294, 29, 41, 40, 338, 112, 37]",granola mixed greens blackberries raspberries vinaigrette honeydew melons cantaloupe
dish_1558725403,289.050018,50.0,ingr_0000000077,train,[77],almonds
dish_1564516366,31.049999,27.0,ingr_0000000012,train,[12],olives
dish_1561752996,848.655762,415.0,ingr_0000000122;ingr_0000000515;ingr_0000000023;ingr_0000000518;ingr_0000000291;ingr_0000000523;ingr_0000000052;ingr_0000000332;ingr_0000000312;ingr_0000000155;ingr_0000000161;ingr_0000000060;ingr_0000000094;ingr_0000000032;ingr_0000000203,train,"[122, 515, 23, 518, 291, 523, 52, 332, 312, 155, 161, 60, 94, 32, 203]",garlic arugula brown rice thyme salt cilantro cheese salmon pepper chicken thighs olive oil tortilla onions tomatoes chili
dish_1558381032,115.620003,20.0,ingr_0000000077,train,[77],almonds
dish_1558549150,45.540001,66.0,ingr_0000000440,train,[440],grapes
dish_1562958629,208.970001,172.0,ingr_0000000484;ingr_0000000187;ingr_0000000095;ingr_0000000012,train,"[484, 187, 95, 12]",chicken salad chickpeas artichokes olives
dish_1558725253,33.950001,97.0,ingr_0000000027,train,[27],broccoli
dish_1565036821,325.539917,134.0,ingr_0000000508;ingr_0000000291;ingr_0000000189;ingr_0000000161;ingr_0000000025;ingr_0000000026;ingr_0000000498;ingr_0000000203;ingr_0000000535;ingr_0000000027;ingr_0000000122;ingr_0000000072;ingr_0000000011;ingr_0000000094,train,"[508, 291, 189, 161, 25, 26, 498, 203, 535, 27, 122, 72, 11, 94]",soy sauce salt vinegar olive oil beef white rice orange juice chili green onions broccoli garlic kale cheese pizza onions
dish_1558628921,24.6,60.0,ingr_0000000045,train,[45],carrot
dish_1558032156,140.660004,26.0,ingr_0000000004,train,[4],bacon
dish_1561062320,307.868378,202.0,ingr_0000000092;ingr_0000000133;ingr_0000000473;ingr_0000000046;ingr_0000000036;ingr_0000000448;ingr_0000000341;ingr_0000000518;ingr_0000000520;ingr_0000000434;ingr_0000000524;ingr_0000000026;ingr_0000000332;ingr_0000000523;ingr_0000000540;ingr_0000000025;ingr_0000000074;ingr_0000000023;ingr_0000000515;ingr_0000000526;ingr_0000000161;ingr_0000000054;ingr_0000000153;ingr_0000000367;ingr_0000000291;ingr_0000000094;ingr_0000000203;ingr_0000000122,train,"[92, 133, 473, 46, 36, 448, 341, 518, 520, 434, 524, 26, 332, 523, 540, 25, 74, 23, 515, 526, 161, 54, 153, 367, 291, 94, 203, 122]",wine shallots cranberries mushroom spinach (raw) jalapenos cream thyme lemon juice sour cream parsley white rice salmon cilantro ginger beef pasta brown rice arugula mustard greens olive oil apple bulgur lime salt onions chili garlic
dish_1560798960,493.720886,429.0,ingr_0000000007;ingr_0000000306;ingr_0000000364;ingr_0000000122;ingr_0000000094;ingr_0000000050;ingr_0000000148;ingr_0000000036;ingr_0000000140;ingr_0000000161;ingr_0000000126;ingr_0000000072;ingr_0000000520;ingr_0000000027;ingr_0000000045;ingr_0000000291;ingr_0000000029;ingr_0000000213;ingr_0000000471;ingr_0000000021;ingr_0000000189;ingr_0000000473;ingr_0000000011;ingr_0000000129,train,"[7, 306, 364, 122, 94, 50, 148, 36, 140, 161, 126, 72, 520, 27, 45, 291, 29, 213, 471, 21, 189, 473, 11, 129]",cauliflower croutons sunflower seeds garlic onions tofu parmesan cheese spinach (raw) caesar dressing olive oil mustard kale lemon juice broccoli carrot salt mixed greens pears cherry tomatoes squash vinegar cranberries cheese pizza raisins
dish_1560366438,71.93322,136.0,ingr_0000000014;ingr_0000000291;ingr_0000000126;ingr_0000000335;ingr_0000000312;ingr_0000000201;ingr_0000000515;ingr_0000000189;ingr_0000000517;ingr_0000000161;ingr_0000000124,train,"[14, 291, 126, 335, 312, 201, 515, 189, 517, 161, 124]",asparagus salt mustard eggplant pepper blueberries arugula vinegar chard olive oil walnuts
dish_1565987201,560.658997,522.0,ingr_0000000031;ingr_0000000036;ingr_0000000148;ingr_0000000140;ingr_0000000028;ingr_0000000012,train,"[31, 36, 148, 140, 28, 12]",cucumbers spinach (raw) parmesan cheese caesar dressing chicken olives
dish_1563393148,27.730003,118.0,ingr_0000000027;ingr_0000000021;ingr_0000000485,train,"[27, 21, 485]",broccoli squash zucchini
dish_1562699570,24.42,22.0,ingr_0000000023,train,[23],brown rice
dish_1566931140,126.700005,199.0,ingr_0000000007;ingr_0000000042,train,"[7, 42]",cauliflower avocado
dish_1560360112,401.494019,248.0,ingr_0000000013;ingr_0000000008;ingr_0000000039,train,"[13, 8, 39]",berries scrambled eggs sausage
dish_1566501473,413.942017,371.0,ingr_0000000012;ingr_0000000045;ingr_0000000520;ingr_0000000077;ingr_0000000471;ingr_0000000094;ingr_0000000402,train,"[12, 45, 520, 77, 471, 94, 402]",olives carrot lemon juice almonds cherry tomatoes onions tuna
dish_1560368738,174.248901,225.0,ingr_0000000161;ingr_0000000126;ingr_0000000291;ingr_0000000030;ingr_0000000531;ingr_0000000029;ingr_0000000045;ingr_0000000014;ingr_0000000335;ingr_0000000515;ingr_0000000189,train,"[161, 126, 291, 30, 531, 29, 45, 14, 335, 515, 189]",olive oil mustard salt lettuce pumpkin seeds mixed greens carrot asparagus eggplant arugula vinegar
dish_1558544870,198.354996,170.0,ingr_0000000179;ingr_0000000013,train,"[179, 13]",eggs berries
dish_1562170163,53.5,107.0,ingr_0000000038,train,[38],pineapple
dish_1562611522,132.949997,50.0,ingr_0000000011,train,[11],cheese pizza
dish_1562614158,453.931671,301.0,ingr_0000000054;ingr_0000000026;ingr_0000000189;ingr_0000000520;ingr_0000000473;ingr_0000000161;ingr_0000000072;ingr_0000000038;ingr_0000000448;ingr_0000000036;ingr_0000000010;ingr_0000000126;ingr_0000000094;ingr_0000000291;ingr_0000000523;ingr_0000000122;ingr_0000000027,train,"[54, 26, 189, 520, 473, 161, 72, 38, 448, 36, 10, 126, 94, 291, 523, 122, 27]",apple white rice vinegar lemon juice cranberries olive oil kale pineapple jalapenos spinach (raw) steak mustard onions salt cilantro garlic broccoli
dish_1562785369,440.577881,232.0,ingr_0000000153;ingr_0000000291;ingr_0000000526;ingr_0000000189;ingr_0000000520;ingr_0000000521;ingr_0000000054;ingr_0000000471;ingr_0000000027;ingr_0000000133;ingr_0000000161;ingr_0000000473;ingr_0000000524;ingr_0000000462;ingr_0000000023;ingr_0000000515;ingr_0000000094;ingr_0000000312;ingr_0000000122,train,"[153, 291, 526, 189, 520, 521, 54, 471, 27, 133, 161, 473, 524, 462, 23, 515, 94, 312, 122]",bulgur salt mustard greens vinegar lemon juice basil apple cherry tomatoes broccoli shallots olive oil cranberries parsley pork brown rice arugula onions pepper garlic
dish_1563479568,83.673561,82.0,ingr_0000000425;ingr_0000000054;ingr_0000000291;ingr_0000000520;ingr_0000000016;ingr_0000000161;ingr_0000000526;ingr_0000000515;ingr_0000000312;ingr_0000000070,train,"[425, 54, 291, 520, 16, 161, 526, 515, 312, 70]",goat cheese apple salt lemon juice brussels sprouts olive oil mustard greens arugula pepper figs
dish_1562871731,17.029999,131.0,ingr_0000000525,train,[525],bok choy
dish_1562007789,302.954895,322.0,ingr_0000000122;ingr_0000000006;ingr_0000000133;ingr_0000000016;ingr_0000000518;ingr_0000000161;ingr_0000000520;ingr_0000000524;ingr_0000000312;ingr_0000000515;ingr_0000000291;ingr_0000000377,train,"[122, 6, 133, 16, 518, 161, 520, 524, 312, 515, 291, 377]",garlic caesar salad shallots brussels sprouts thyme olive oil lemon juice parsley pepper arugula salt quinoa
dish_1567537352,50.792469,73.0,ingr_0000000031;ingr_0000000033;ingr_0000000030;ingr_0000000471;ingr_0000000338;ingr_0000000012;ingr_0000000319;ingr_0000000094,train,"[31, 33, 30, 471, 338, 12, 319, 94]",cucumbers bell peppers lettuce cherry tomatoes vinaigrette olives feta cheese onions
dish_1563824279,58.599998,79.0,ingr_0000000094;ingr_0000000012,train,"[94, 12]",onions olives
dish_1568400935,11.76,42.0,ingr_0000000029,train,[29],mixed greens
dish_1558635994,93.839996,136.0,ingr_0000000440,train,[440],grapes
dish_1562611853,267.213989,243.0,ingr_0000000291;ingr_0000000027;ingr_0000000187;ingr_0000000524;ingr_0000000526;ingr_0000000161;ingr_0000000515;ingr_0000000189;ingr_0000000312,train,"[291, 27, 187, 524, 526, 161, 515, 189, 312]",salt broccoli chickpeas parsley mustard greens olive oil arugula vinegar pepper
dish_1566592456,55.439999,126.0,ingr_0000000006,train,[6],caesar salad
dish_1562874250,394.440033,393.0,ingr_0000000122;ingr_0000000367;ingr_0000000049;ingr_0000000515;ingr_0000000043;ingr_0000000047;ingr_0000000045;ingr_0000000527;ingr_0000000291;ingr_0000000539;ingr_0000000524;ingr_0000000434;ingr_0000000161;ingr_0000000538;ingr_0000000312,train,"[122, 367, 49, 515, 43, 47, 45, 527, 291, 539, 524, 434, 161, 538, 312]",garlic lime fish arugula green beans corn carrot chive salt nopales parsley sour cream olive oil jicama pepper
dish_1559844683,132.959991,198.0,ingr_0000000027;ingr_0000000005;ingr_0000000440,train,"[27, 5, 440]",broccoli potatoes grapes
dish_1563305354,340.073578,208.0,ingr_0000000291;ingr_0000000027;ingr_0000000094;ingr_0000000161;ingr_0000000498;ingr_0000000203;ingr_0000000025;ingr_0000000535;ingr_0000000026;ingr_0000000189;ingr_0000000072;ingr_0000000508;ingr_0000000122;ingr_0000000045;ingr_0000000312,train,"[291, 27, 94, 161, 498, 203, 25, 535, 26, 189, 72, 508, 122, 45, 312]",salt broccoli onions olive oil orange juice chili beef green onions white rice vinegar kale soy sauce garlic carrot pepper
dish_1561739805,696.363525,1102.0,ingr_0000000040;ingr_0000000027;ingr_0000000013;ingr_0000000437;ingr_0000000008;ingr_0000000037;ingr_0000000338;ingr_0000000029;ingr_0000000041;ingr_0000000294,train,"[40, 27, 13, 437, 8, 37, 338, 29, 41, 294]",raspberries broccoli berries sweet potato scrambled eggs cantaloupe vinaigrette mixed greens blackberries granola
dish_1558641954,18.360001,102.0,ingr_0000000471,train,[471],cherry tomatoes
dish_1564588688,148.178009,43.0,ingr_0000000039,train,[39],sausage
dish_1563205953,218.769501,298.0,ingr_0000000192;ingr_0000000437;ingr_0000000128;ingr_0000000038;ingr_0000000510,train,"[192, 437, 128, 38, 510]",yam sweet potato egg whites pineapple chicken apple sausage
dish_1567526738,225.159988,433.0,ingr_0000000128,train,[128],egg whites
dish_1568048018,496.800018,287.0,ingr_0000000080;ingr_0000000161;ingr_0000000008;ingr_0000000027,train,"[80, 161, 8, 27]",turkey bacon olive oil scrambled eggs broccoli
dish_1561739930,60.040001,79.0,ingr_0000000437,train,[437],sweet potato
dish_1565898489,46.0,40.0,ingr_0000000012,train,[12],olives
dish_1560369146,474.832947,359.0,ingr_0000000471;ingr_0000000133;ingr_0000000520;ingr_0000000521;ingr_0000000094;ingr_0000000023;ingr_0000000312;ingr_0000000073;ingr_0000000122;ingr_0000000112;ingr_0000000161;ingr_0000000189;ingr_0000000126;ingr_0000000036;ingr_0000000524;ingr_0000000201;ingr_0000000462;ingr_0000000014;ingr_0000000291;ingr_0000000027,train,"[471, 133, 520, 521, 94, 23, 312, 73, 122, 112, 161, 189, 126, 36, 524, 201, 462, 14, 291, 27]",cherry tomatoes shallots lemon juice basil onions brown rice pepper radishes garlic honeydew melons olive oil vinegar mustard spinach (raw) parsley blueberries pork asparagus salt broccoli
dish_1562783691,421.686005,423.0,ingr_0000000029;ingr_0000000105,train,"[29, 105]",mixed greens grilled chicken
dish_1565023128,41.594833,32.0,ingr_0000000029;ingr_0000000294;ingr_0000000041;ingr_0000000338;ingr_0000000040,train,"[29, 294, 41, 338, 40]",mixed greens granola blackberries vinaigrette raspberries
dish_1559158354,21.0,60.0,ingr_0000000027,train,[27],broccoli
dish_1562183151,108.392403,195.0,ingr_0000000161;ingr_0000000201;ingr_0000000312;ingr_0000000189;ingr_0000000515;ingr_0000000124;ingr_0000000291;ingr_0000000077;ingr_0000000046;ingr_0000000043;ingr_0000000036;ingr_0000000045;ingr_0000000126;ingr_0000000524;ingr_0000000517,train,"[161, 201, 312, 189, 515, 124, 291, 77, 46, 43, 36, 45, 126, 524, 517]",olive oil blueberries pepper vinegar arugula walnuts salt almonds mushroom green beans spinach (raw) carrot mustard parsley chard
dish_1562094730,428.194458,336.0,ingr_0000000029;ingr_0000000524;ingr_0000000021;ingr_0000000155;ingr_0000000043;ingr_0000000046;ingr_0000000189;ingr_0000000335;ingr_0000000511;ingr_0000000122;ingr_0000000133;ingr_0000000471;ingr_0000000092;ingr_0000000520;ingr_0000000031;ingr_0000000161;ingr_0000000377;ingr_0000000045;ingr_0000000291,train,"[29, 524, 21, 155, 43, 46, 189, 335, 511, 122, 133, 471, 92, 520, 31, 161, 377, 45, 291]",mixed greens parsley squash chicken thighs green beans mushroom vinegar eggplant spinach (cooked) garlic shallots cherry tomatoes wine lemon juice cucumbers olive oil quinoa carrot salt
dish_1562007842,492.281372,434.0,ingr_0000000006;ingr_0000000122;ingr_0000000312;ingr_0000000515;ingr_0000000377;ingr_0000000016;ingr_0000000462;ingr_0000000518;ingr_0000000524;ingr_0000000520;ingr_0000000472;ingr_0000000133;ingr_0000000045;ingr_0000000448;ingr_0000000116;ingr_0000000514;ingr_0000000161;ingr_0000000152;ingr_0000000291,train,"[6, 122, 312, 515, 377, 16, 462, 518, 524, 520, 472, 133, 45, 448, 116, 514, 161, 152, 291]",caesar salad garlic pepper arugula quinoa brussels sprouts pork thyme parsley lemon juice couscous shallots carrot jalapenos mayonnaise wheat berry olive oil cabbage salt
dish_1567525637,153.264771,81.0,ingr_0000000033;ingr_0000000122;ingr_0000000291;ingr_0000000126;ingr_0000000031;ingr_0000000161;ingr_0000000189;ingr_0000000073,train,"[33, 122, 291, 126, 31, 161, 189, 73]",bell peppers garlic salt mustard cucumbers olive oil vinegar radishes
dish_1561580431,258.003418,197.0,ingr_0000000516;ingr_0000000521;ingr_0000000036;ingr_0000000189;ingr_0000000052;ingr_0000000028;ingr_0000000312;ingr_0000000025;ingr_0000000133;ingr_0000000511;ingr_0000000094;ingr_0000000341;ingr_0000000514;ingr_0000000428;ingr_0000000006;ingr_0000000122;ingr_0000000532;ingr_0000000520;ingr_0000000441;ingr_0000000046;ingr_0000000515;ingr_0000000513;ingr_0000000471;ingr_0000000074;ingr_0000000291;ingr_0000000518;ingr_0000000161;ingr_0000000519;ingr_0000000525,train,"[516, 521, 36, 189, 52, 28, 312, 25, 133, 511, 94, 341, 514, 428, 6, 122, 532, 520, 441, 46, 515, 513, 471, 74, 291, 518, 161, 519, 525]",rosemary basil spinach (raw) vinegar cheese chicken pepper beef shallots spinach (cooked) onions cream wheat berry white wine caesar salad garlic pesto lemon juice butter mushroom arugula millet cherry tomatoes pasta salt thyme olive oil oregano bok choy
dish_1560442226,83.790001,147.0,ingr_0000000013,train,[13],berries
dish_1564168695,385.007996,78.0,ingr_0000000297,train,[297],pepperoni
dish_1560360102,401.494019,248.0,ingr_0000000013;ingr_0000000008;ingr_0000000039,train,"[13, 8, 39]",berries scrambled eggs sausage
dish_1558381742,78.199997,68.0,ingr_0000000012,train,[12],olives
dish_1564690167,251.781372,207.0,ingr_0000000513;ingr_0000000312;ingr_0000000036;ingr_0000000515;ingr_0000000010;ingr_0000000357;ingr_0000000189;ingr_0000000161;ingr_0000000520;ingr_0000000291;ingr_0000000122;ingr_0000000187;ingr_0000000033;ingr_0000000043;ingr_0000000113;ingr_0000000094;ingr_0000000524;ingr_0000000213,train,"[513, 312, 36, 515, 10, 357, 189, 161, 520, 291, 122, 187, 33, 43, 113, 94, 524, 213]",millet pepper spinach (raw) arugula steak lentils vinegar olive oil lemon juice salt garlic chickpeas bell peppers green beans ketchup onions parsley pears
dish_1559844479,83.449997,133.0,ingr_0000000507;ingr_0000000440,train,"[507, 440]",mandarin oranges grapes
dish_1561060787,46.464848,91.0,ingr_0000000016;ingr_0000000161;ingr_0000000312;ingr_0000000291,train,"[16, 161, 312, 291]",brussels sprouts olive oil pepper salt
dish_1566331801,296.990997,203.0,ingr_0000000032;ingr_0000000291;ingr_0000000033;ingr_0000000161;ingr_0000000094;ingr_0000000122;ingr_0000000036;ingr_0000000448;ingr_0000000028;ingr_0000000513;ingr_0000000312,train,"[32, 291, 33, 161, 94, 122, 36, 448, 28, 513, 312]",tomatoes salt bell peppers olive oil onions garlic spinach (raw) jalapenos chicken millet pepper
dish_1558463429,42.09,61.0,ingr_0000000440,train,[440],grapes
dish_1563475953,427.446991,453.0,ingr_0000000122;ingr_0000000092;ingr_0000000074;ingr_0000000036;ingr_0000000341;ingr_0000000434;ingr_0000000007;ingr_0000000133;ingr_0000000332;ingr_0000000038;ingr_0000000540;ingr_0000000448;ingr_0000000023;ingr_0000000025;ingr_0000000046;ingr_0000000518;ingr_0000000291;ingr_0000000161;ingr_0000000520;ingr_0000000094;ingr_0000000367;ingr_0000000523;ingr_0000000203;ingr_0000000112,train,"[122, 92, 74, 36, 341, 434, 7, 133, 332, 38, 540, 448, 23, 25, 46, 518, 291, 161, 520, 94, 367, 523, 203, 112]",garlic wine pasta spinach (raw) cream sour cream cauliflower shallots salmon pineapple ginger jalapenos brown rice beef mushroom thyme salt olive oil lemon juice onions lime cilantro chili honeydew melons
dish_1562698209,284.133148,135.0,ingr_0000000513;ingr_0000000133;ingr_0000000161;ingr_0000000094;ingr_0000000189;ingr_0000000025;ingr_0000000291;ingr_0000000525;ingr_0000000511,train,"[513, 133, 161, 94, 189, 25, 291, 525, 511]",millet shallots olive oil onions vinegar beef salt bok choy spinach (cooked)
dish_1561576026,330.456177,156.0,ingr_0000000189;ingr_0000000148;ingr_0000000513;ingr_0000000525;ingr_0000000012;ingr_0000000433;ingr_0000000025;ingr_0000000011;ingr_0000000291;ingr_0000000133;ingr_0000000511;ingr_0000000161;ingr_0000000094,train,"[189, 148, 513, 525, 12, 433, 25, 11, 291, 133, 511, 161, 94]",vinegar parmesan cheese millet bok choy olives roasted potatoes beef cheese pizza salt shallots spinach (cooked) olive oil onions
dish_1564073677,108.967804,92.0,ingr_0000000008;ingr_0000000161;ingr_0000000437,train,"[8, 161, 437]",scrambled eggs olive oil sweet potato
dish_1562788010,67.643532,182.0,ingr_0000000291;ingr_0000000006;ingr_0000000335;ingr_0000000161;ingr_0000000037,train,"[291, 6, 335, 161, 37]",salt caesar salad eggplant olive oil cantaloupe
dish_1565109606,89.964882,94.0,ingr_0000000161;ingr_0000000437,train,"[161, 437]",olive oil sweet potato
dish_1561575661,418.952423,228.0,ingr_0000000161;ingr_0000000201;ingr_0000000094;ingr_0000000133;ingr_0000000291;ingr_0000000124;ingr_0000000511;ingr_0000000025;ingr_0000000189;ingr_0000000517;ingr_0000000126;ingr_0000000525;ingr_0000000513;ingr_0000000312;ingr_0000000515,train,"[161, 201, 94, 133, 291, 124, 511, 25, 189, 517, 126, 525, 513, 312, 515]",olive oil blueberries onions shallots salt walnuts spinach (cooked) beef vinegar chard mustard bok choy millet pepper arugula
dish_1562702853,272.567291,169.0,ingr_0000000511;ingr_0000000161;ingr_0000000319;ingr_0000000189;ingr_0000000471;ingr_0000000513;ingr_0000000525;ingr_0000000338;ingr_0000000025;ingr_0000000133;ingr_0000000030;ingr_0000000033;ingr_0000000012;ingr_0000000291;ingr_0000000094;ingr_0000000031,train,"[511, 161, 319, 189, 471, 513, 525, 338, 25, 133, 30, 33, 12, 291, 94, 31]",spinach (cooked) olive oil feta cheese vinegar cherry tomatoes millet bok choy vinaigrette beef shallots lettuce bell peppers olives salt onions cucumbers
dish_1560888930,224.931168,151.0,ingr_0000000514;ingr_0000000515;ingr_0000000026;ingr_0000000028;ingr_0000000528;ingr_0000000126;ingr_0000000094;ingr_0000000161;ingr_0000000189;ingr_0000000036;ingr_0000000133;ingr_0000000122;ingr_0000000433;ingr_0000000473;ingr_0000000291;ingr_0000000524;ingr_0000000520;ingr_0000000518,train,"[514, 515, 26, 28, 528, 126, 94, 161, 189, 36, 133, 122, 433, 473, 291, 524, 520, 518]",wheat berry arugula white rice chicken celery root mustard onions olive oil vinegar spinach (raw) shallots garlic roasted potatoes cranberries salt parsley lemon juice thyme
dish_1568056046,88.080002,189.0,ingr_0000000012;ingr_0000000045;ingr_0000000471;ingr_0000000094,train,"[12, 45, 471, 94]",olives carrot cherry tomatoes onions
dish_1565032748,544.310486,435.0,ingr_0000000025;ingr_0000000515;ingr_0000000498;ingr_0000000126;ingr_0000000094;ingr_0000000027;ingr_0000000291;ingr_0000000535;ingr_0000000002;ingr_0000000122;ingr_0000000026;ingr_0000000189;ingr_0000000021;ingr_0000000161;ingr_0000000203;ingr_0000000072;ingr_0000000070;ingr_0000000508,train,"[25, 515, 498, 126, 94, 27, 291, 535, 2, 122, 26, 189, 21, 161, 203, 72, 70, 508]",beef arugula orange juice mustard onions broccoli salt green onions strawberries garlic white rice vinegar squash olive oil chili kale figs soy sauce
dish_1558639089,19.32,28.0,ingr_0000000440,train,[440],grapes
dish_1565627751,68.909271,72.0,ingr_0000000437;ingr_0000000161,train,"[437, 161]",sweet potato olive oil
dish_1563221495,365.269897,164.0,ingr_0000000122;ingr_0000000291;ingr_0000000161;ingr_0000000514;ingr_0000000518;ingr_0000000148;ingr_0000000036;ingr_0000000392;ingr_0000000244;ingr_0000000471,train,"[122, 291, 161, 514, 518, 148, 36, 392, 244, 471]",garlic salt olive oil wheat berry thyme parmesan cheese spinach (raw) pepperoni pizza chicken breast cherry tomatoes
dish_1562861174,401.797852,274.0,ingr_0000000161;ingr_0000000126;ingr_0000000031;ingr_0000000291;ingr_0000000122;ingr_0000000033;ingr_0000000128;ingr_0000000004;ingr_0000000073;ingr_0000000189,train,"[161, 126, 31, 291, 122, 33, 128, 4, 73, 189]",olive oil mustard cucumbers salt garlic bell peppers egg whites bacon radishes vinegar
dish_1567628099,127.493019,132.0,ingr_0000000291;ingr_0000000517;ingr_0000000161;ingr_0000000526;ingr_0000000520;ingr_0000000473;ingr_0000000133;ingr_0000000524;ingr_0000000515;ingr_0000000122;ingr_0000000072;ingr_0000000054;ingr_0000000153,train,"[291, 517, 161, 526, 520, 473, 133, 524, 515, 122, 72, 54, 153]",salt chard olive oil mustard greens lemon juice cranberries shallots parsley arugula garlic kale apple bulgur
dish_1565984345,210.357925,353.0,ingr_0000000122;ingr_0000000518;ingr_0000000094;ingr_0000000072;ingr_0000000291;ingr_0000000007;ingr_0000000026;ingr_0000000312;ingr_0000000179;ingr_0000000046;ingr_0000000341;ingr_0000000421;ingr_0000000161;ingr_0000000034;ingr_0000000527;ingr_0000000045,train,"[122, 518, 94, 72, 291, 7, 26, 312, 179, 46, 341, 421, 161, 34, 527, 45]",garlic thyme onions kale salt cauliflower white rice pepper eggs mushroom cream ground turkey olive oil celery chive carrot
dish_1559842326,334.483002,106.0,ingr_0000000077;ingr_0000000507,train,"[77, 507]",almonds mandarin oranges
dish_1565021104,291.309021,197.0,ingr_0000000337;ingr_0000000050;ingr_0000000128,train,"[337, 50, 128]",waffles tofu egg whites
dish_1563389042,30.478174,62.0,ingr_0000000291;ingr_0000000045;ingr_0000000161;ingr_0000000312,train,"[291, 45, 161, 312]",salt carrot olive oil pepper
dish_1567785165,273.112488,116.0,ingr_0000000029;ingr_0000000041;ingr_0000000040;ingr_0000000039;ingr_0000000338;ingr_0000000294,train,"[29, 41, 40, 39, 338, 294]",mixed greens blackberries raspberries sausage vinaigrette granola
dish_1556575558,103.300003,151.0,ingr_0000000034;ingr_0000000012;ingr_0000000016,train,"[34, 12, 16]",celery olives brussels sprouts
dish_1565023157,379.034851,260.0,ingr_0000000040;ingr_0000000338;ingr_0000000029;ingr_0000000294;ingr_0000000041;ingr_0000000008,train,"[40, 338, 29, 294, 41, 8]",raspberries vinaigrette mixed greens granola blackberries scrambled eggs
dish_1562872223,306.862701,468.0,ingr_0000000028;ingr_0000000122;ingr_0000000516;ingr_0000000514;ingr_0000000021;ingr_0000000161;ingr_0000000518;ingr_0000000312;ingr_0000000036;ingr_0000000046;ingr_0000000525;ingr_0000000524;ingr_0000000521;ingr_0000000291;ingr_0000000520;ingr_0000000485,train,"[28, 122, 516, 514, 21, 161, 518, 312, 36, 46, 525, 524, 521, 291, 520, 485]",chicken garlic rosemary wheat berry squash olive oil thyme pepper spinach (raw) mushroom bok choy parsley basil salt lemon juice zucchini
dish_1558026756,183.860001,178.0,ingr_0000000112;ingr_0000000037;ingr_0000000004,train,"[112, 37, 4]",honeydew melons cantaloupe bacon
dish_1562615153,468.202423,286.0,ingr_0000000425;ingr_0000000518;ingr_0000000122;ingr_0000000524;ingr_0000000520;ingr_0000000448;ingr_0000000189;ingr_0000000026;ingr_0000000054;ingr_0000000073;ingr_0000000291;ingr_0000000523;ingr_0000000155;ingr_0000000515;ingr_0000000094;ingr_0000000161;ingr_0000000526;ingr_0000000010;ingr_0000000072;ingr_0000000021;ingr_0000000023;ingr_0000000521;ingr_0000000038;ingr_0000000070,train,"[425, 518, 122, 524, 520, 448, 189, 26, 54, 73, 291, 523, 155, 515, 94, 161, 526, 10, 72, 21, 23, 521, 38, 70]",goat cheese thyme garlic parsley lemon juice jalapenos vinegar white rice apple radishes salt cilantro chicken thighs arugula onions olive oil mustard greens steak kale squash brown rice basil pineapple figs
dish_1563307575,671.082031,419.0,ingr_0000000498;ingr_0000000094;ingr_0000000122;ingr_0000000508;ingr_0000000535;ingr_0000000291;ingr_0000000045;ingr_0000000026;ingr_0000000312;ingr_0000000377;ingr_0000000025;ingr_0000000036;ingr_0000000189;ingr_0000000516;ingr_0000000161;ingr_0000000520;ingr_0000000072;ingr_0000000027;ingr_0000000203,train,"[498, 94, 122, 508, 535, 291, 45, 26, 312, 377, 25, 36, 189, 516, 161, 520, 72, 27, 203]",orange juice onions garlic soy sauce green onions salt carrot white rice pepper quinoa beef spinach (raw) vinegar rosemary olive oil lemon juice kale broccoli chili
dish_1558637865,71.086998,67.0,ingr_0000000205,train,[205],corn on the cob
dish_1561752535,358.001984,307.0,ingr_0000000523;ingr_0000000122;ingr_0000000203;ingr_0000000291;ingr_0000000060;ingr_0000000094;ingr_0000000032;ingr_0000000161;ingr_0000000155;ingr_0000000021;ingr_0000000006;ingr_0000000342;ingr_0000000052,train,"[523, 122, 203, 291, 60, 94, 32, 161, 155, 21, 6, 342, 52]",cilantro garlic chili salt tortilla onions tomatoes olive oil chicken thighs squash caesar salad turnips cheese
dish_1562173247,290.550018,149.0,ingr_0000000372,train,[372],chilaquiles
dish_1563997327,157.878067,120.0,ingr_0000000045;ingr_0000000291;ingr_0000000126;ingr_0000000524;ingr_0000000077;ingr_0000000161;ingr_0000000201;ingr_0000000036;ingr_0000000189,train,"[45, 291, 126, 524, 77, 161, 201, 36, 189]",carrot salt mustard parsley almonds olive oil blueberries spinach (raw) vinegar
dish_1566934120,183.993713,316.0,ingr_0000000525;ingr_0000000291;ingr_0000000312;ingr_0000000161;ingr_0000000518;ingr_0000000515;ingr_0000000023;ingr_0000000332;ingr_0000000007,train,"[525, 291, 312, 161, 518, 515, 23, 332, 7]",bok choy salt pepper olive oil thyme arugula brown rice salmon cauliflower
dish_1563910639,697.289185,447.0,ingr_0000000122;ingr_0000000367;ingr_0000000203;ingr_0000000291;ingr_0000000094;ingr_0000000520;ingr_0000000161;ingr_0000000523;ingr_0000000023;ingr_0000000036;ingr_0000000448;ingr_0000000540;ingr_0000000332;ingr_0000000133,train,"[122, 367, 203, 291, 94, 520, 161, 523, 23, 36, 448, 540, 332, 133]",garlic lime chili salt onions lemon juice olive oil cilantro brown rice spinach (raw) jalapenos ginger salmon shallots
dish_1565119418,324.39798,122.0,ingr_0000000011,train,[11],cheese pizza
dish_1559244649,906.761047,455.0,ingr_0000000312;ingr_0000000527;ingr_0000000161;ingr_0000000526;ingr_0000000124;ingr_0000000521;ingr_0000000516;ingr_0000000122;ingr_0000000023;ingr_0000000515;ingr_0000000201;ingr_0000000028;ingr_0000000187;ingr_0000000520;ingr_0000000189;ingr_0000000524;ingr_0000000126;ingr_0000000517;ingr_0000000455;ingr_0000000291,train,"[312, 527, 161, 526, 124, 521, 516, 122, 23, 515, 201, 28, 187, 520, 189, 524, 126, 517, 455, 291]",pepper chive olive oil mustard greens walnuts basil rosemary garlic brown rice arugula blueberries chicken chickpeas lemon juice vinegar parsley mustard chard cookies salt
dish_1563897338,29.92,88.0,ingr_0000000037,train,[37],cantaloupe
dish_1562603626,201.759506,209.0,ingr_0000000437;ingr_0000000004;ingr_0000000161;ingr_0000000038;ingr_0000000013,train,"[437, 4, 161, 38, 13]",sweet potato bacon olive oil pineapple berries
dish_1561578623,208.514832,208.0,ingr_0000000161;ingr_0000000094;ingr_0000000291;ingr_0000000513;ingr_0000000133;ingr_0000000511;ingr_0000000433;ingr_0000000525;ingr_0000000025;ingr_0000000007;ingr_0000000189,train,"[161, 94, 291, 513, 133, 511, 433, 525, 25, 7, 189]",olive oil onions salt millet shallots spinach (cooked) roasted potatoes bok choy beef cauliflower vinegar
dish_1565021640,304.581451,500.0,ingr_0000000128;ingr_0000000161;ingr_0000000437,train,"[128, 161, 437]",egg whites olive oil sweet potato
dish_1560442258,289.369995,185.0,ingr_0000000004;ingr_0000000013,train,"[4, 13]",bacon berries
dish_1564171935,476.337524,309.0,ingr_0000000332;ingr_0000000291;ingr_0000000518;ingr_0000000161;ingr_0000000514;ingr_0000000515;ingr_0000000023;ingr_0000000312,train,"[332, 291, 518, 161, 514, 515, 23, 312]",salmon salt thyme olive oil wheat berry arugula brown rice pepper
dish_1566835603,63.166828,66.0,ingr_0000000161;ingr_0000000437,train,"[161, 437]",olive oil sweet potato
dish_1565724087,230.61496,160.0,ingr_0000000473;ingr_0000000520;ingr_0000000094;ingr_0000000291;ingr_0000000122;ingr_0000000028;ingr_0000000515;ingr_0000000514;ingr_0000000518;ingr_0000000161;ingr_0000000126;ingr_0000000524;ingr_0000000133;ingr_0000000528;ingr_0000000189;ingr_0000000036,train,"[473, 520, 94, 291, 122, 28, 515, 514, 518, 161, 126, 524, 133, 528, 189, 36]",cranberries lemon juice onions salt garlic chicken arugula wheat berry thyme olive oil mustard parsley shallots celery root vinegar spinach (raw)
dish_1562602918,265.622253,417.0,ingr_0000000543;ingr_0000000502;ingr_0000000545;ingr_0000000437;ingr_0000000002;ingr_0000000121;ingr_0000000128,train,"[543, 502, 545, 437, 2, 121, 128]",chia seeds milk greek yogurt sweet potato strawberries watermelon egg whites
dish_1559589873,11.88,54.0,ingr_0000000046,train,[46],mushroom
dish_1564168739,585.302002,164.0,ingr_0000000297;ingr_0000000273,train,"[297, 273]",pepperoni sandwiches
dish_1564432094,177.659988,63.0,ingr_0000000392,train,[392],pepperoni pizza
dish_1562950057,320.100006,223.0,ingr_0000000008;ingr_0000000433,train,"[8, 433]",scrambled eggs roasted potatoes
dish_1564169958,787.776489,563.0,ingr_0000000203;ingr_0000000032;ingr_0000000523;ingr_0000000161;ingr_0000000524;ingr_0000000031;ingr_0000000060;ingr_0000000094;ingr_0000000021;ingr_0000000155;ingr_0000000052;ingr_0000000312;ingr_0000000122;ingr_0000000522;ingr_0000000072;ingr_0000000520;ingr_0000000485;ingr_0000000027;ingr_0000000291,train,"[203, 32, 523, 161, 524, 31, 60, 94, 21, 155, 52, 312, 122, 522, 72, 520, 485, 27, 291]",chili tomatoes cilantro olive oil parsley cucumbers tortilla onions squash chicken thighs cheese pepper garlic tatsoi kale lemon juice zucchini broccoli salt
dish_1562007904,525.461365,489.0,ingr_0000000133;ingr_0000000515;ingr_0000000312;ingr_0000000377;ingr_0000000116;ingr_0000000472;ingr_0000000016;ingr_0000000462;ingr_0000000514;ingr_0000000518;ingr_0000000520;ingr_0000000006;ingr_0000000291;ingr_0000000122;ingr_0000000045;ingr_0000000471;ingr_0000000448;ingr_0000000161;ingr_0000000524;ingr_0000000152;ingr_0000000012,train,"[133, 515, 312, 377, 116, 472, 16, 462, 514, 518, 520, 6, 291, 122, 45, 471, 448, 161, 524, 152, 12]",shallots arugula pepper quinoa mayonnaise couscous brussels sprouts pork wheat berry thyme lemon juice caesar salad salt garlic carrot cherry tomatoes jalapenos olive oil parsley cabbage olives
dish_1562086067,178.178009,209.0,ingr_0000000192;ingr_0000000013,train,"[192, 13]",yam berries
dish_1560887408,324.52002,122.0,ingr_0000000380,train,[380],pizza
dish_1561663068,332.892792,168.0,ingr_0000000367;ingr_0000000030;ingr_0000000029;ingr_0000000161;ingr_0000000094;ingr_0000000031;ingr_0000000189;ingr_0000000312;ingr_0000000291;ingr_0000000011;ingr_0000000471,train,"[367, 30, 29, 161, 94, 31, 189, 312, 291, 11, 471]",lime lettuce mixed greens olive oil onions cucumbers vinegar pepper salt cheese pizza cherry tomatoes
dish_1565808975,35.720001,130.0,ingr_0000000471;ingr_0000000094,train,"[471, 94]",cherry tomatoes onions
dish_1562170356,385.333984,432.0,ingr_0000000080;ingr_0000000038;ingr_0000000121;ingr_0000000433;ingr_0000000013,train,"[80, 38, 121, 433, 13]",turkey bacon pineapple watermelon roasted potatoes berries
dish_1563391989,462.847504,464.0,ingr_0000000033;ingr_0000000027;ingr_0000000032;ingr_0000000094;ingr_0000000021;ingr_0000000155;ingr_0000000312;ingr_0000000049;ingr_0000000515;ingr_0000000203;ingr_0000000122;ingr_0000000152;ingr_0000000523;ingr_0000000291;ingr_0000000238;ingr_0000000520;ingr_0000000485;ingr_0000000161;ingr_0000000524;ingr_0000000448;ingr_0000000541;ingr_0000000377;ingr_0000000367,train,"[33, 27, 32, 94, 21, 155, 312, 49, 515, 203, 122, 152, 523, 291, 238, 520, 485, 161, 524, 448, 541, 377, 367]",bell peppers broccoli tomatoes onions squash chicken thighs pepper fish arugula chili garlic cabbage cilantro salt hominy lemon juice zucchini olive oil parsley jalapenos tomatillo quinoa lime
dish_1566934152,305.065247,396.0,ingr_0000000312;ingr_0000000525;ingr_0000000377;ingr_0000000023;ingr_0000000046;ingr_0000000515;ingr_0000000518;ingr_0000000161;ingr_0000000155;ingr_0000000520;ingr_0000000511;ingr_0000000133;ingr_0000000007;ingr_0000000335;ingr_0000000021;ingr_0000000092;ingr_0000000122;ingr_0000000291;ingr_0000000332,train,"[312, 525, 377, 23, 46, 515, 518, 161, 155, 520, 511, 133, 7, 335, 21, 92, 122, 291, 332]",pepper bok choy quinoa brown rice mushroom arugula thyme olive oil chicken thighs lemon juice spinach (cooked) shallots cauliflower eggplant squash wine garlic salt salmon
dish_1568056019,64.300003,131.0,ingr_0000000012;ingr_0000000471;ingr_0000000094,train,"[12, 471, 94]",olives cherry tomatoes onions
dish_1558378553,393.108002,68.0,ingr_0000000077,train,[77],almonds
dish_1560543682,121.259995,86.0,ingr_0000000433,train,[433],roasted potatoes
dish_1562963517,552.648376,511.0,ingr_0000000049;ingr_0000000189;ingr_0000000126;ingr_0000000520;ingr_0000000291;ingr_0000000122;ingr_0000000523;ingr_0000000448;ingr_0000000312;ingr_0000000377;ingr_0000000541;ingr_0000000515;ingr_0000000161;ingr_0000000094;ingr_0000000029;ingr_0000000030;ingr_0000000045;ingr_0000000531,train,"[49, 189, 126, 520, 291, 122, 523, 448, 312, 377, 541, 515, 161, 94, 29, 30, 45, 531]",fish vinegar mustard lemon juice salt garlic cilantro jalapenos pepper quinoa tomatillo arugula olive oil onions mixed greens lettuce carrot pumpkin seeds
dish_1566851222,550.827515,375.0,ingr_0000000312;ingr_0000000152;ingr_0000000189;ingr_0000000116;ingr_0000000133;ingr_0000000094;ingr_0000000031;ingr_0000000161;ingr_0000000122;ingr_0000000380;ingr_0000000045;ingr_0000000291;ingr_0000000377;ingr_0000000448;ingr_0000000514;ingr_0000000462;ingr_0000000524;ingr_0000000036;ingr_0000000520;ingr_0000000515;ingr_0000000126;ingr_0000000518;ingr_0000000457,train,"[312, 152, 189, 116, 133, 94, 31, 161, 122, 380, 45, 291, 377, 448, 514, 462, 524, 36, 520, 515, 126, 518, 457]",pepper cabbage vinegar mayonnaise shallots onions cucumbers olive oil garlic pizza carrot salt quinoa jalapenos wheat berry pork parsley spinach (raw) lemon juice arugula mustard thyme sun dried tomatoes
dish_1566333194,461.585266,220.0,ingr_0000000525;ingr_0000000033;ingr_0000000448;ingr_0000000036;ingr_0000000094;ingr_0000000122;ingr_0000000032;ingr_0000000011;ingr_0000000291;ingr_0000000133;ingr_0000000312;ingr_0000000025;ingr_0000000189;ingr_0000000161;ingr_0000000511;ingr_0000000028;ingr_0000000513,train,"[525, 33, 448, 36, 94, 122, 32, 11, 291, 133, 312, 25, 189, 161, 511, 28, 513]",bok choy bell peppers jalapenos spinach (raw) onions garlic tomatoes cheese pizza salt shallots pepper beef vinegar olive oil spinach (cooked) chicken millet
dish_1562702813,41.051445,59.0,ingr_0000000031;ingr_0000000319;ingr_0000000094;ingr_0000000012;ingr_0000000338;ingr_0000000471;ingr_0000000030;ingr_0000000033,train,"[31, 319, 94, 12, 338, 471, 30, 33]",cucumbers feta cheese onions olives vinaigrette cherry tomatoes lettuce bell peppers
dish_1558550127,127.182007,22.0,ingr_0000000077,train,[77],almonds
dish_1559239753,26.545507,54.0,ingr_0000000045;ingr_0000000291;ingr_0000000312;ingr_0000000161,train,"[45, 291, 312, 161]",carrot salt pepper olive oil
dish_1561492161,48.309685,43.0,ingr_0000000201;ingr_0000000189;ingr_0000000036;ingr_0000000073;ingr_0000000122;ingr_0000000291;ingr_0000000161;ingr_0000000126,train,"[201, 189, 36, 73, 122, 291, 161, 126]",blueberries vinegar spinach (raw) radishes garlic salt olive oil mustard
dish_1558628515,31.92,56.0,ingr_0000000013,train,[13],berries
dish_1561752563,373.507965,367.0,ingr_0000000052;ingr_0000000342;ingr_0000000006;ingr_0000000312;ingr_0000000522;ingr_0000000094;ingr_0000000031;ingr_0000000072;ingr_0000000203;ingr_0000000520;ingr_0000000122;ingr_0000000524;ingr_0000000021;ingr_0000000155;ingr_0000000161;ingr_0000000060;ingr_0000000291;ingr_0000000523;ingr_0000000032,train,"[52, 342, 6, 312, 522, 94, 31, 72, 203, 520, 122, 524, 21, 155, 161, 60, 291, 523, 32]",cheese turnips caesar salad pepper tatsoi onions cucumbers kale chili lemon juice garlic parsley squash chicken thighs olive oil tortilla salt cilantro tomatoes
dish_1562777000,195.360001,132.0,ingr_0000000008,train,[8],scrambled eggs
dish_1563220109,184.735962,174.0,ingr_0000000392;ingr_0000000291;ingr_0000000161;ingr_0000000021;ingr_0000000027,train,"[392, 291, 161, 21, 27]",pepperoni pizza salt olive oil squash broccoli
dish_1562096542,38.0896,50.0,ingr_0000000524;ingr_0000000291;ingr_0000000029;ingr_0000000122;ingr_0000000095;ingr_0000000161;ingr_0000000463;ingr_0000000043;ingr_0000000189,train,"[524, 291, 29, 122, 95, 161, 463, 43, 189]",parsley salt mixed greens garlic artichokes olive oil beets green beans vinegar
dish_1562860073,357.809998,259.0,ingr_0000000008;ingr_0000000004;ingr_0000000013,train,"[8, 4, 13]",scrambled eggs bacon berries
dish_1562963612,184.080002,156.0,ingr_0000000380;ingr_0000000006,train,"[380, 6]",pizza caesar salad
dish_1562961588,178.220001,67.0,ingr_0000000380,train,[380],pizza
dish_1558725786,113.527,107.0,ingr_0000000205,train,[205],corn on the cob
dish_1565640601,411.151825,333.0,ingr_0000000524;ingr_0000000516;ingr_0000000448;ingr_0000000244;ingr_0000000148;ingr_0000000523;ingr_0000000367;ingr_0000000485;ingr_0000000520;ingr_0000000122;ingr_0000000526;ingr_0000000518;ingr_0000000515;ingr_0000000036;ingr_0000000349;ingr_0000000471;ingr_0000000014;ingr_0000000026;ingr_0000000514;ingr_0000000032;ingr_0000000291;ingr_0000000462;ingr_0000000094;ingr_0000000031;ingr_0000000161,train,"[524, 516, 448, 244, 148, 523, 367, 485, 520, 122, 526, 518, 515, 36, 349, 471, 14, 26, 514, 32, 291, 462, 94, 31, 161]",parsley rosemary jalapenos chicken breast parmesan cheese cilantro lime zucchini lemon juice garlic mustard greens thyme arugula spinach (raw) mangos cherry tomatoes asparagus white rice wheat berry tomatoes salt pork onions cucumbers olive oil
dish_1565107171,501.884644,724.0,ingr_0000000437;ingr_0000000008;ingr_0000000161;ingr_0000000128;ingr_0000000121;ingr_0000000440,train,"[437, 8, 161, 128, 121, 440]",sweet potato scrambled eggs olive oil egg whites watermelon grapes
dish_1563913627,230.333145,109.0,ingr_0000000161;ingr_0000000070;ingr_0000000291;ingr_0000000011;ingr_0000000031;ingr_0000000126;ingr_0000000471;ingr_0000000517;ingr_0000000036;ingr_0000000189,train,"[161, 70, 291, 11, 31, 126, 471, 517, 36, 189]",olive oil figs salt cheese pizza cucumbers mustard cherry tomatoes chard spinach (raw) vinegar
dish_1561753275,330.034393,397.0,ingr_0000000515;ingr_0000000023;ingr_0000000021;ingr_0000000161;ingr_0000000031;ingr_0000000520;ingr_0000000524;ingr_0000000122;ingr_0000000038;ingr_0000000332;ingr_0000000312;ingr_0000000522;ingr_0000000518;ingr_0000000072;ingr_0000000291,train,"[515, 23, 21, 161, 31, 520, 524, 122, 38, 332, 312, 522, 518, 72, 291]",arugula brown rice squash olive oil cucumbers lemon juice parsley garlic pineapple salmon pepper tatsoi thyme kale salt
dish_1558640418,14.349999,35.0,ingr_0000000045,train,[45],carrot
dish_1561576978,511.614227,341.0,ingr_0000000133;ingr_0000000124;ingr_0000000519;ingr_0000000028;ingr_0000000515;ingr_0000000161;ingr_0000000126;ingr_0000000046;ingr_0000000516;ingr_0000000335;ingr_0000000517;ingr_0000000514;ingr_0000000341;ingr_0000000428;ingr_0000000025;ingr_0000000291;ingr_0000000511;ingr_0000000518;ingr_0000000122;ingr_0000000521;ingr_0000000520;ingr_0000000094;ingr_0000000189;ingr_0000000201;ingr_0000000525;ingr_0000000513;ingr_0000000312;ingr_0000000441,train,"[133, 124, 519, 28, 515, 161, 126, 46, 516, 335, 517, 514, 341, 428, 25, 291, 511, 518, 122, 521, 520, 94, 189, 201, 525, 513, 312, 441]",shallots walnuts oregano chicken arugula olive oil mustard mushroom rosemary eggplant chard wheat berry cream white wine beef salt spinach (cooked) thyme garlic basil lemon juice onions vinegar blueberries bok choy millet pepper butter
dish_1563479655,321.230652,282.0,ingr_0000000367;ingr_0000000523;ingr_0000000518;ingr_0000000161;ingr_0000000448;ingr_0000000007;ingr_0000000025;ingr_0000000312;ingr_0000000291;ingr_0000000027;ingr_0000000092;ingr_0000000016;ingr_0000000434;ingr_0000000023;ingr_0000000540;ingr_0000000036;ingr_0000000046;ingr_0000000070;ingr_0000000122;ingr_0000000515;ingr_0000000341;ingr_0000000054;ingr_0000000332;ingr_0000000074;ingr_0000000425;ingr_0000000203;ingr_0000000133;ingr_0000000526;ingr_0000000520;ingr_0000000094,train,"[367, 523, 518, 161, 448, 7, 25, 312, 291, 27, 92, 16, 434, 23, 540, 36, 46, 70, 122, 515, 341, 54, 332, 74, 425, 203, 133, 526, 520, 94]",lime cilantro thyme olive oil jalapenos cauliflower beef pepper salt broccoli wine brussels sprouts sour cream brown rice ginger spinach (raw) mushroom figs garlic arugula cream apple salmon pasta goat cheese chili shallots mustard greens lemon juice onions
dish_1564170071,14.0,35.0,ingr_0000000094,train,[94],onions
dish_1559844113,312.955017,356.0,ingr_0000000002;ingr_0000000213;ingr_0000000507;ingr_0000000077,train,"[2, 213, 507, 77]",strawberries pears mandarin oranges almonds
dish_1561667430,342.213593,166.0,ingr_0000000508;ingr_0000000026;ingr_0000000328;ingr_0000000291;ingr_0000000462;ingr_0000000312;ingr_0000000525;ingr_0000000122,train,"[508, 26, 328, 291, 462, 312, 525, 122]",soy sauce white rice sugar salt pork pepper bok choy garlic
dish_1560799647,723.409973,474.0,ingr_0000000122;ingr_0000000036;ingr_0000000021;ingr_0000000462;ingr_0000000126;ingr_0000000380;ingr_0000000524;ingr_0000000291;ingr_0000000516;ingr_0000000026;ingr_0000000054;ingr_0000000515;ingr_0000000189;ingr_0000000161;ingr_0000000473;ingr_0000000485;ingr_0000000094,train,"[122, 36, 21, 462, 126, 380, 524, 291, 516, 26, 54, 515, 189, 161, 473, 485, 94]",garlic spinach (raw) squash pork mustard pizza parsley salt rosemary white rice apple arugula vinegar olive oil cranberries zucchini onions
dish_1568313575,57.940002,112.0,ingr_0000000046;ingr_0000000029;ingr_0000000042,train,"[46, 29, 42]",mushroom mixed greens avocado
dish_1562790321,767.469849,354.0,ingr_0000000291;ingr_0000000312;ingr_0000000124;ingr_0000000161;ingr_0000000380;ingr_0000000517;ingr_0000000126;ingr_0000000189;ingr_0000000515;ingr_0000000105;ingr_0000000335;ingr_0000000201,train,"[291, 312, 124, 161, 380, 517, 126, 189, 515, 105, 335, 201]",salt pepper walnuts olive oil pizza chard mustard vinegar arugula grilled chicken eggplant blueberries
dish_1559845767,236.23201,375.0,ingr_0000000213;ingr_0000000507;ingr_0000000005,train,"[213, 507, 5]",pears mandarin oranges potatoes
dish_1565032680,280.281769,208.0,ingr_0000000070;ingr_0000000515;ingr_0000000189;ingr_0000000002;ingr_0000000291;ingr_0000000161;ingr_0000000126,train,"[70, 515, 189, 2, 291, 161, 126]",figs arugula vinegar strawberries salt olive oil mustard
dish_1561134128,58.5,141.0,ingr_0000000013;ingr_0000000121,train,"[13, 121]",berries watermelon
dish_1560889032,246.868225,208.0,ingr_0000000291;ingr_0000000518;ingr_0000000045;ingr_0000000122;ingr_0000000161;ingr_0000000524;ingr_0000000520;ingr_0000000036;ingr_0000000028;ingr_0000000514;ingr_0000000312;ingr_0000000133,train,"[291, 518, 45, 122, 161, 524, 520, 36, 28, 514, 312, 133]",salt thyme carrot garlic olive oil parsley lemon juice spinach (raw) chicken wheat berry pepper shallots
dish_1566501352,75.529999,170.0,ingr_0000000471;ingr_0000000094;ingr_0000000012;ingr_0000000045,train,"[471, 94, 12, 45]",cherry tomatoes onions olives carrot
dish_1558550218,230.001999,206.0,ingr_0000000077;ingr_0000000440;ingr_0000000054,train,"[77, 440, 54]",almonds grapes apple
dish_1562959190,518.801147,378.0,ingr_0000000049;ingr_0000000312;ingr_0000000201;ingr_0000000517;ingr_0000000126;ingr_0000000161;ingr_0000000122;ingr_0000000040;ingr_0000000433;ingr_0000000045;ingr_0000000377;ingr_0000000541;ingr_0000000077;ingr_0000000520;ingr_0000000448;ingr_0000000380;ingr_0000000515;ingr_0000000094;ingr_0000000095;ingr_0000000162;ingr_0000000523;ingr_0000000291;ingr_0000000189,train,"[49, 312, 201, 517, 126, 161, 122, 40, 433, 45, 377, 541, 77, 520, 448, 380, 515, 94, 95, 162, 523, 291, 189]",fish pepper blueberries chard mustard olive oil garlic raspberries roasted potatoes carrot quinoa tomatillo almonds lemon juice jalapenos pizza arugula onions artichokes parsnips cilantro salt vinegar
dish_1563303350,202.221436,167.0,ingr_0000000028;ingr_0000000045;ingr_0000000036;ingr_0000000524;ingr_0000000514;ingr_0000000518;ingr_0000000161;ingr_0000000520;ingr_0000000312;ingr_0000000291;ingr_0000000133;ingr_0000000122,train,"[28, 45, 36, 524, 514, 518, 161, 520, 312, 291, 133, 122]",chicken carrot spinach (raw) parsley wheat berry thyme olive oil lemon juice pepper salt shallots garlic
dish_1563222830,325.068085,211.0,ingr_0000000027;ingr_0000000026;ingr_0000000514;ingr_0000000036;ingr_0000000485;ingr_0000000094;ingr_0000000515;ingr_0000000122;ingr_0000000291;ingr_0000000244;ingr_0000000471;ingr_0000000462;ingr_0000000392;ingr_0000000148;ingr_0000000524;ingr_0000000516;ingr_0000000518;ingr_0000000161,train,"[27, 26, 514, 36, 485, 94, 515, 122, 291, 244, 471, 462, 392, 148, 524, 516, 518, 161]",broccoli white rice wheat berry spinach (raw) zucchini onions arugula garlic salt chicken breast cherry tomatoes pork pepperoni pizza parmesan cheese parsley rosemary thyme olive oil
dish_1560802764,111.832207,99.0,ingr_0000000122;ingr_0000000471;ingr_0000000244;ingr_0000000514;ingr_0000000518;ingr_0000000072;ingr_0000000153;ingr_0000000187;ingr_0000000291;ingr_0000000312;ingr_0000000036;ingr_0000000148;ingr_0000000021;ingr_0000000161;ingr_0000000524;ingr_0000000520,train,"[122, 471, 244, 514, 518, 72, 153, 187, 291, 312, 36, 148, 21, 161, 524, 520]",garlic cherry tomatoes chicken breast wheat berry thyme kale bulgur chickpeas salt pepper spinach (raw) parmesan cheese squash olive oil parsley lemon juice
dish_1561666849,347.594604,298.0,ingr_0000000029;ingr_0000000367;ingr_0000000011;ingr_0000000030;ingr_0000000031;ingr_0000000094;ingr_0000000161;ingr_0000000205;ingr_0000000189;ingr_0000000312;ingr_0000000471;ingr_0000000291;ingr_0000000006,train,"[29, 367, 11, 30, 31, 94, 161, 205, 189, 312, 471, 291, 6]",mixed greens lime cheese pizza lettuce cucumbers onions olive oil corn on the cob vinegar pepper cherry tomatoes salt caesar salad
dish_1563305913,89.652504,107.0,ingr_0000000306;ingr_0000000054;ingr_0000000046;ingr_0000000189;ingr_0000000036;ingr_0000000148;ingr_0000000126;ingr_0000000094;ingr_0000000473;ingr_0000000140;ingr_0000000161;ingr_0000000072;ingr_0000000291,train,"[306, 54, 46, 189, 36, 148, 126, 94, 473, 140, 161, 72, 291]",croutons apple mushroom vinegar spinach (raw) parmesan cheese mustard onions cranberries caesar dressing olive oil kale salt
dish_1562963006,259.097229,247.0,ingr_0000000523;ingr_0000000541;ingr_0000000377;ingr_0000000049;ingr_0000000515;ingr_0000000312;ingr_0000000291;ingr_0000000094;ingr_0000000520;ingr_0000000161;ingr_0000000448;ingr_0000000122,train,"[523, 541, 377, 49, 515, 312, 291, 94, 520, 161, 448, 122]",cilantro tomatillo quinoa fish arugula pepper salt onions lemon juice olive oil jalapenos garlic
dish_1563219035,410.209686,221.0,ingr_0000000026;ingr_0000000122;ingr_0000000034;ingr_0000000515;ingr_0000000392;ingr_0000000516;ingr_0000000462;ingr_0000000094;ingr_0000000524;ingr_0000000161;ingr_0000000485;ingr_0000000291;ingr_0000000012,train,"[26, 122, 34, 515, 392, 516, 462, 94, 524, 161, 485, 291, 12]",white rice garlic celery arugula pepperoni pizza rosemary pork onions parsley olive oil zucchini salt olives
dish_1560541760,465.58374,372.0,ingr_0000000189;ingr_0000000517;ingr_0000000540;ingr_0000000122;ingr_0000000026;ingr_0000000126;ingr_0000000161;ingr_0000000036;ingr_0000000201;ingr_0000000043;ingr_0000000515;ingr_0000000312;ingr_0000000007;ingr_0000000028;ingr_0000000027;ingr_0000000291;ingr_0000000124;ingr_0000000535;ingr_0000000508,train,"[189, 517, 540, 122, 26, 126, 161, 36, 201, 43, 515, 312, 7, 28, 27, 291, 124, 535, 508]",vinegar chard ginger garlic white rice mustard olive oil spinach (raw) blueberries green beans arugula pepper cauliflower chicken broccoli salt walnuts green onions soy sauce
dish_1562603598,175.259506,156.0,ingr_0000000013;ingr_0000000004;ingr_0000000437;ingr_0000000161,train,"[13, 4, 437, 161]",berries bacon sweet potato olive oil
dish_1561753623,159.310791,149.0,ingr_0000000161;ingr_0000000518;ingr_0000000021;ingr_0000000291;ingr_0000000332;ingr_0000000312;ingr_0000000515;ingr_0000000023,train,"[161, 518, 21, 291, 332, 312, 515, 23]",olive oil thyme squash salt salmon pepper arugula brown rice
dish_1562702132,245.385895,359.0,ingr_0000000049;ingr_0000000031;ingr_0000000161;ingr_0000000524;ingr_0000000515;ingr_0000000021;ingr_0000000357;ingr_0000000047;ingr_0000000471;ingr_0000000527;ingr_0000000291;ingr_0000000122;ingr_0000000029;ingr_0000000095;ingr_0000000045;ingr_0000000102;ingr_0000000189;ingr_0000000007;ingr_0000000312,train,"[49, 31, 161, 524, 515, 21, 357, 47, 471, 527, 291, 122, 29, 95, 45, 102, 189, 7, 312]",fish cucumbers olive oil parsley arugula squash lentils corn cherry tomatoes chive salt garlic mixed greens artichokes carrot snow peas vinegar cauliflower pepper
dish_1567106693,359.160004,417.0,ingr_0000000471;ingr_0000000094;ingr_0000000028;ingr_0000000033;ingr_0000000045,train,"[471, 94, 28, 33, 45]",cherry tomatoes onions chicken bell peppers carrot
dish_1565725244,573.546021,590.0,ingr_0000000148;ingr_0000000471;ingr_0000000028;ingr_0000000033;ingr_0000000045;ingr_0000000012;ingr_0000000094;ingr_0000000140,train,"[148, 471, 28, 33, 45, 12, 94, 140]",parmesan cheese cherry tomatoes chicken bell peppers carrot olives onions caesar dressing
dish_1563302447,561.417053,440.0,ingr_0000000030;ingr_0000000133;ingr_0000000291;ingr_0000000035;ingr_0000000520;ingr_0000000518;ingr_0000000161;ingr_0000000514;ingr_0000000028;ingr_0000000124;ingr_0000000122;ingr_0000000045;ingr_0000000433;ingr_0000000524;ingr_0000000126;ingr_0000000046;ingr_0000000189;ingr_0000000036;ingr_0000000312;ingr_0000000029,train,"[30, 133, 291, 35, 520, 518, 161, 514, 28, 124, 122, 45, 433, 524, 126, 46, 189, 36, 312, 29]",lettuce shallots salt blue cheese lemon juice thyme olive oil wheat berry chicken walnuts garlic carrot roasted potatoes parsley mustard mushroom vinegar spinach (raw) pepper mixed greens
dish_1564686657,279.194977,105.0,ingr_0000000011,train,[11],cheese pizza
dish_1561747075,646.588074,301.0,ingr_0000000122;ingr_0000000032;ingr_0000000094;ingr_0000000291;ingr_0000000060;ingr_0000000203;ingr_0000000161;ingr_0000000155;ingr_0000000523;ingr_0000000052,train,"[122, 32, 94, 291, 60, 203, 161, 155, 523, 52]",garlic tomatoes onions salt tortilla chili olive oil chicken thighs cilantro cheese
dish_1566419635,605.871704,389.0,ingr_0000000433;ingr_0000000006;ingr_0000000518;ingr_0000000516;ingr_0000000341;ingr_0000000043;ingr_0000000514;ingr_0000000046;ingr_0000000519;ingr_0000000515;ingr_0000000312;ingr_0000000133;ingr_0000000122;ingr_0000000011;ingr_0000000428;ingr_0000000161;ingr_0000000441;ingr_0000000520;ingr_0000000521;ingr_0000000028;ingr_0000000291,train,"[433, 6, 518, 516, 341, 43, 514, 46, 519, 515, 312, 133, 122, 11, 428, 161, 441, 520, 521, 28, 291]",roasted potatoes caesar salad thyme rosemary cream green beans wheat berry mushroom oregano arugula pepper shallots garlic cheese pizza white wine olive oil butter lemon juice basil chicken salt
dish_1558639630,116.709999,110.0,ingr_0000000205,train,[205],corn on the cob
dish_1558722068,179.210999,31.0,ingr_0000000077,train,[77],almonds
dish_1565196260,74.360001,143.0,ingr_0000000128,train,[128],egg whites
dish_1561749857,366.579254,447.0,ingr_0000000515;ingr_0000000023;ingr_0000000031;ingr_0000000332;ingr_0000000471;ingr_0000000312;ingr_0000000073;ingr_0000000291;ingr_0000000027;ingr_0000000016;ingr_0000000161;ingr_0000000518,train,"[515, 23, 31, 332, 471, 312, 73, 291, 27, 16, 161, 518]",arugula brown rice cucumbers salmon cherry tomatoes pepper radishes salt broccoli brussels sprouts olive oil thyme
dish_1564761457,287.306,223.0,ingr_0000000194;ingr_0000000080;ingr_0000000128,train,"[194, 80, 128]",fried rice turkey bacon egg whites
dish_1561405034,178.278091,153.0,ingr_0000000126;ingr_0000000508;ingr_0000000291;ingr_0000000535;ingr_0000000036;ingr_0000000148;ingr_0000000043;ingr_0000000306;ingr_0000000189;ingr_0000000028;ingr_0000000122;ingr_0000000032;ingr_0000000027;ingr_0000000031;ingr_0000000072;ingr_0000000140;ingr_0000000161;ingr_0000000526;ingr_0000000540;ingr_0000000012;ingr_0000000026,train,"[126, 508, 291, 535, 36, 148, 43, 306, 189, 28, 122, 32, 27, 31, 72, 140, 161, 526, 540, 12, 26]",mustard soy sauce salt green onions spinach (raw) parmesan cheese green beans croutons vinegar chicken garlic tomatoes broccoli cucumbers kale caesar dressing olive oil mustard greens ginger olives white rice
dish_1562872150,7.48,34.0,ingr_0000000046,train,[46],mushroom
dish_1560454539,122.274002,119.0,ingr_0000000043;ingr_0000000189;ingr_0000000009;ingr_0000000471;ingr_0000000524;ingr_0000000045;ingr_0000000291;ingr_0000000029;ingr_0000000122;ingr_0000000161;ingr_0000000031,train,"[43, 189, 9, 471, 524, 45, 291, 29, 122, 161, 31]",green beans vinegar wild rice cherry tomatoes parsley carrot salt mixed greens garlic olive oil cucumbers
dish_1561578373,164.49585,132.0,ingr_0000000011;ingr_0000000033;ingr_0000000006;ingr_0000000030;ingr_0000000031;ingr_0000000094;ingr_0000000319;ingr_0000000012;ingr_0000000471;ingr_0000000338,train,"[11, 33, 6, 30, 31, 94, 319, 12, 471, 338]",cheese pizza bell peppers caesar salad lettuce cucumbers onions feta cheese olives cherry tomatoes vinaigrette
dish_1562873224,261.856628,436.0,ingr_0000000049;ingr_0000000312;ingr_0000000527;ingr_0000000047;ingr_0000000538;ingr_0000000043;ingr_0000000524;ingr_0000000161;ingr_0000000122;ingr_0000000367;ingr_0000000291;ingr_0000000525;ingr_0000000539;ingr_0000000515;ingr_0000000434;ingr_0000000045,train,"[49, 312, 527, 47, 538, 43, 524, 161, 122, 367, 291, 525, 539, 515, 434, 45]",fish pepper chive corn jicama green beans parsley olive oil garlic lime salt bok choy nopales arugula sour cream carrot
dish_1562963033,356.387299,316.0,ingr_0000000520;ingr_0000000094;ingr_0000000291;ingr_0000000523;ingr_0000000122;ingr_0000000312;ingr_0000000377;ingr_0000000049;ingr_0000000541;ingr_0000000433;ingr_0000000161;ingr_0000000515;ingr_0000000448,train,"[520, 94, 291, 523, 122, 312, 377, 49, 541, 433, 161, 515, 448]",lemon juice onions salt cilantro garlic pepper quinoa fish tomatillo roasted potatoes olive oil arugula jalapenos
dish_1562613403,398.703369,315.0,ingr_0000000189;ingr_0000000010;ingr_0000000021;ingr_0000000448;ingr_0000000520;ingr_0000000526;ingr_0000000523;ingr_0000000038;ingr_0000000026;ingr_0000000054;ingr_0000000072;ingr_0000000515;ingr_0000000027;ingr_0000000161;ingr_0000000094;ingr_0000000425;ingr_0000000122;ingr_0000000291;ingr_0000000070,train,"[189, 10, 21, 448, 520, 526, 523, 38, 26, 54, 72, 515, 27, 161, 94, 425, 122, 291, 70]",vinegar steak squash jalapenos lemon juice mustard greens cilantro pineapple white rice apple kale arugula broccoli olive oil onions goat cheese garlic salt figs
dish_1563391681,154.317169,143.0,ingr_0000000049;ingr_0000000201;ingr_0000000189;ingr_0000000515;ingr_0000000517;ingr_0000000094;ingr_0000000082;ingr_0000000161;ingr_0000000122;ingr_0000000523;ingr_0000000291;ingr_0000000377;ingr_0000000312;ingr_0000000541;ingr_0000000448;ingr_0000000520;ingr_0000000126,train,"[49, 201, 189, 515, 517, 94, 82, 161, 122, 523, 291, 377, 312, 541, 448, 520, 126]",fish blueberries vinegar arugula chard onions pecans olive oil garlic cilantro salt quinoa pepper tomatillo jalapenos lemon juice mustard
dish_1559934645,24.639999,56.0,ingr_0000000006,train,[6],caesar salad
dish_1563391708,319.237152,205.0,ingr_0000000520;ingr_0000000082;ingr_0000000094;ingr_0000000201;ingr_0000000448;ingr_0000000312;ingr_0000000049;ingr_0000000541;ingr_0000000122;ingr_0000000523;ingr_0000000291;ingr_0000000126;ingr_0000000380;ingr_0000000161;ingr_0000000515;ingr_0000000189;ingr_0000000517;ingr_0000000377,train,"[520, 82, 94, 201, 448, 312, 49, 541, 122, 523, 291, 126, 380, 161, 515, 189, 517, 377]",lemon juice pecans onions blueberries jalapenos pepper fish tomatillo garlic cilantro salt mustard pizza olive oil arugula vinegar chard quinoa
dish_1562615324,258.315979,136.0,ingr_0000000038;ingr_0000000122;ingr_0000000433;ingr_0000000094;ingr_0000000291;ingr_0000000520;ingr_0000000072;ingr_0000000189;ingr_0000000448;ingr_0000000010;ingr_0000000026;ingr_0000000523,train,"[38, 122, 433, 94, 291, 520, 72, 189, 448, 10, 26, 523]",pineapple garlic roasted potatoes onions salt lemon juice kale vinegar jalapenos steak white rice cilantro
dish_1563304261,30.210915,37.0,ingr_0000000072;ingr_0000000306;ingr_0000000140;ingr_0000000148,train,"[72, 306, 140, 148]",kale croutons caesar dressing parmesan cheese
dish_1563823894,368.341003,400.0,ingr_0000000031;ingr_0000000161;ingr_0000000342;ingr_0000000522;ingr_0000000524;ingr_0000000291;ingr_0000000010;ingr_0000000514;ingr_0000000312;ingr_0000000367;ingr_0000000007;ingr_0000000122;ingr_0000000520;ingr_0000000072,train,"[31, 161, 342, 522, 524, 291, 10, 514, 312, 367, 7, 122, 520, 72]",cucumbers olive oil turnips tatsoi parsley salt steak wheat berry pepper lime cauliflower garlic lemon juice kale
dish_1558629644,4.2,15.0,ingr_0000000029,train,[29],mixed greens
dish_1559675178,28.970001,100.0,ingr_0000000045;ingr_0000000471;ingr_0000000016,train,"[45, 471, 16]",carrot cherry tomatoes brussels sprouts
dish_1562611620,199.845322,76.0,ingr_0000000038;ingr_0000000026;ingr_0000000448;ingr_0000000010;ingr_0000000392;ingr_0000000189;ingr_0000000094;ingr_0000000520;ingr_0000000072;ingr_0000000122;ingr_0000000523;ingr_0000000291,train,"[38, 26, 448, 10, 392, 189, 94, 520, 72, 122, 523, 291]",pineapple white rice jalapenos steak pepperoni pizza vinegar onions lemon juice kale garlic cilantro salt
dish_1563205927,160.269501,181.0,ingr_0000000128;ingr_0000000192;ingr_0000000437;ingr_0000000510,train,"[128, 192, 437, 510]",egg whites yam sweet potato chicken apple sausage
dish_1562775510,114.217117,190.0,ingr_0000000161;ingr_0000000128;ingr_0000000291;ingr_0000000437;ingr_0000000312;ingr_0000000016,train,"[161, 128, 291, 437, 312, 16]",olive oil egg whites salt sweet potato pepper brussels sprouts
dish_1562872914,135.399673,124.0,ingr_0000000538;ingr_0000000434;ingr_0000000049;ingr_0000000515;ingr_0000000312;ingr_0000000047;ingr_0000000367;ingr_0000000122;ingr_0000000045;ingr_0000000527;ingr_0000000524;ingr_0000000539;ingr_0000000161;ingr_0000000291,train,"[538, 434, 49, 515, 312, 47, 367, 122, 45, 527, 524, 539, 161, 291]",jicama sour cream fish arugula pepper corn lime garlic carrot chive parsley nopales olive oil salt
dish_1566331914,589.501648,481.0,ingr_0000000077;ingr_0000000036;ingr_0000000515;ingr_0000000312;ingr_0000000291;ingr_0000000028;ingr_0000000194;ingr_0000000122;ingr_0000000040;ingr_0000000094;ingr_0000000016;ingr_0000000201;ingr_0000000189;ingr_0000000517;ingr_0000000448;ingr_0000000513;ingr_0000000033;ingr_0000000045;ingr_0000000032;ingr_0000000126;ingr_0000000161,train,"[77, 36, 515, 312, 291, 28, 194, 122, 40, 94, 16, 201, 189, 517, 448, 513, 33, 45, 32, 126, 161]",almonds spinach (raw) arugula pepper salt chicken fried rice garlic raspberries onions brussels sprouts blueberries vinegar chard jalapenos millet bell peppers carrot tomatoes mustard olive oil
dish_1562096401,366.863678,352.0,ingr_0000000155;ingr_0000000520;ingr_0000000046;ingr_0000000092;ingr_0000000043;ingr_0000000377;ingr_0000000291;ingr_0000000122;ingr_0000000511;ingr_0000000133;ingr_0000000161;ingr_0000000031;ingr_0000000335;ingr_0000000021,train,"[155, 520, 46, 92, 43, 377, 291, 122, 511, 133, 161, 31, 335, 21]",chicken thighs lemon juice mushroom wine green beans quinoa salt garlic spinach (cooked) shallots olive oil cucumbers eggplant squash
dish_1561578344,144.255859,86.0,ingr_0000000094;ingr_0000000031;ingr_0000000011;ingr_0000000030;ingr_0000000012;ingr_0000000033;ingr_0000000338;ingr_0000000471;ingr_0000000319,train,"[94, 31, 11, 30, 12, 33, 338, 471, 319]",onions cucumbers cheese pizza lettuce olives bell peppers vinaigrette cherry tomatoes feta cheese
dish_1563566810,392.292175,331.0,ingr_0000000126;ingr_0000000161;ingr_0000000031;ingr_0000000471;ingr_0000000070;ingr_0000000291;ingr_0000000189;ingr_0000000009;ingr_0000000012;ingr_0000000514;ingr_0000000517;ingr_0000000036,train,"[126, 161, 31, 471, 70, 291, 189, 9, 12, 514, 517, 36]",mustard olive oil cucumbers cherry tomatoes figs salt vinegar wild rice olives wheat berry chard spinach (raw)
dish_1565724196,45.68,82.0,ingr_0000000161;ingr_0000000027,train,"[161, 27]",olive oil broccoli
dish_1562873495,140.106995,152.0,ingr_0000000006;ingr_0000000011,train,"[6, 11]",caesar salad cheese pizza
dish_1562614895,51.799999,148.0,ingr_0000000027,train,[27],broccoli
dish_1568313487,13.72,49.0,ingr_0000000029,train,[29],mixed greens
dish_1563217736,23.449999,67.0,ingr_0000000027,train,[27],broccoli
dish_1558723847,554.976013,96.0,ingr_0000000077,train,[77],almonds
dish_1566844850,491.235168,345.0,ingr_0000000152;ingr_0000000312;ingr_0000000514;ingr_0000000462;ingr_0000000116;ingr_0000000448;ingr_0000000392;ingr_0000000524;ingr_0000000161;ingr_0000000520;ingr_0000000122;ingr_0000000006;ingr_0000000045;ingr_0000000291,train,"[152, 312, 514, 462, 116, 448, 392, 524, 161, 520, 122, 6, 45, 291]",cabbage pepper wheat berry pork mayonnaise jalapenos pepperoni pizza parsley olive oil lemon juice garlic caesar salad carrot salt
dish_1560367733,661.441162,388.0,ingr_0000000189;ingr_0000000471;ingr_0000000026;ingr_0000000306;ingr_0000000122;ingr_0000000027;ingr_0000000520;ingr_0000000161;ingr_0000000462;ingr_0000000023;ingr_0000000312;ingr_0000000005;ingr_0000000133;ingr_0000000094;ingr_0000000521;ingr_0000000524;ingr_0000000291,train,"[189, 471, 26, 306, 122, 27, 520, 161, 462, 23, 312, 5, 133, 94, 521, 524, 291]",vinegar cherry tomatoes white rice croutons garlic broccoli lemon juice olive oil pork brown rice pepper potatoes shallots onions basil parsley salt
dish_1568666032,243.584183,220.0,ingr_0000000032;ingr_0000000312;ingr_0000000513;ingr_0000000036;ingr_0000000072;ingr_0000000033;ingr_0000000006;ingr_0000000522;ingr_0000000011;ingr_0000000028;ingr_0000000161;ingr_0000000448;ingr_0000000031;ingr_0000000520;ingr_0000000524;ingr_0000000094;ingr_0000000122;ingr_0000000291,train,"[32, 312, 513, 36, 72, 33, 6, 522, 11, 28, 161, 448, 31, 520, 524, 94, 122, 291]",tomatoes pepper millet spinach (raw) kale bell peppers caesar salad tatsoi cheese pizza chicken olive oil jalapenos cucumbers lemon juice parsley onions garlic salt
dish_1565021054,263.749023,144.0,ingr_0000000050;ingr_0000000337,train,"[50, 337]",tofu waffles
dish_1560357267,566.840027,383.0,ingr_0000000008,train,[8],scrambled eggs
dish_1561575327,453.680054,289.0,ingr_0000000161;ingr_0000000094;ingr_0000000433;ingr_0000000033;ingr_0000000291;ingr_0000000511;ingr_0000000133;ingr_0000000525;ingr_0000000513;ingr_0000000025;ingr_0000000189,train,"[161, 94, 433, 33, 291, 511, 133, 525, 513, 25, 189]",olive oil onions roasted potatoes bell peppers salt spinach (cooked) shallots bok choy millet beef vinegar
dish_1564686702,307.944977,130.0,ingr_0000000011;ingr_0000000012,train,"[11, 12]",cheese pizza olives
dish_1563827132,240.020004,302.0,ingr_0000000011;ingr_0000000027;ingr_0000000021;ingr_0000000006;ingr_0000000485;ingr_0000000038,train,"[11, 27, 21, 6, 485, 38]",cheese pizza broccoli squash caesar salad zucchini pineapple
dish_1567024252,512.015808,454.0,ingr_0000000377;ingr_0000000092;ingr_0000000155;ingr_0000000007;ingr_0000000520;ingr_0000000122;ingr_0000000133;ingr_0000000511;ingr_0000000433;ingr_0000000011;ingr_0000000529;ingr_0000000021;ingr_0000000335;ingr_0000000485;ingr_0000000046;ingr_0000000161;ingr_0000000291;ingr_0000000409,train,"[377, 92, 155, 7, 520, 122, 133, 511, 433, 11, 529, 21, 335, 485, 46, 161, 291, 409]",quinoa wine chicken thighs cauliflower lemon juice garlic shallots spinach (cooked) roasted potatoes cheese pizza chayote squash squash eggplant zucchini mushroom olive oil salt greek salad
dish_1563309353,625.236877,529.0,ingr_0000000514;ingr_0000000161;ingr_0000000036;ingr_0000000471;ingr_0000000028;ingr_0000000012;ingr_0000000524;ingr_0000000033;ingr_0000000122;ingr_0000000133;ingr_0000000030;ingr_0000000291;ingr_0000000520;ingr_0000000518,train,"[514, 161, 36, 471, 28, 12, 524, 33, 122, 133, 30, 291, 520, 518]",wheat berry olive oil spinach (raw) cherry tomatoes chicken olives parsley bell peppers garlic shallots lettuce salt lemon juice thyme
dish_1561752481,297.979553,169.0,ingr_0000000060;ingr_0000000032;ingr_0000000052;ingr_0000000122;ingr_0000000021;ingr_0000000523;ingr_0000000203;ingr_0000000291;ingr_0000000094;ingr_0000000155;ingr_0000000161,train,"[60, 32, 52, 122, 21, 523, 203, 291, 94, 155, 161]",tortilla tomatoes cheese garlic squash cilantro chili salt onions chicken thighs olive oil
dish_1565725009,50.599998,44.0,ingr_0000000012,train,[12],olives
dish_1558459994,25.530001,37.0,ingr_0000000440,train,[440],grapes
dish_1561654707,199.800003,135.0,ingr_0000000008,train,[8],scrambled eggs
dish_1562096512,30.3396,25.0,ingr_0000000463;ingr_0000000189;ingr_0000000029;ingr_0000000291;ingr_0000000095;ingr_0000000122;ingr_0000000524;ingr_0000000161,train,"[463, 189, 29, 291, 95, 122, 524, 161]",beets vinegar mixed greens salt artichokes garlic parsley olive oil
dish_1564518488,248.09465,117.0,ingr_0000000122;ingr_0000000511;ingr_0000000011;ingr_0000000133;ingr_0000000520;ingr_0000000092;ingr_0000000155;ingr_0000000021;ingr_0000000335;ingr_0000000046;ingr_0000000161;ingr_0000000377;ingr_0000000291,train,"[122, 511, 11, 133, 520, 92, 155, 21, 335, 46, 161, 377, 291]",garlic spinach (cooked) cheese pizza shallots lemon juice wine chicken thighs squash eggplant mushroom olive oil quinoa salt
dish_1565118029,595.140015,453.0,ingr_0000000244;ingr_0000000011;ingr_0000000471;ingr_0000000033;ingr_0000000402,train,"[244, 11, 471, 33, 402]",chicken breast cheese pizza cherry tomatoes bell peppers tuna
dish_1566934430,519.542847,361.0,ingr_0000000527;ingr_0000000049;ingr_0000000312;ingr_0000000122;ingr_0000000094;ingr_0000000033;ingr_0000000367;ingr_0000000095;ingr_0000000515;ingr_0000000161;ingr_0000000524;ingr_0000000102;ingr_0000000455;ingr_0000000542;ingr_0000000291;ingr_0000000011,train,"[527, 49, 312, 122, 94, 33, 367, 95, 515, 161, 524, 102, 455, 542, 291, 11]",chive fish pepper garlic onions bell peppers lime artichokes arugula olive oil parsley snow peas cookies white beans salt cheese pizza
dish_1565117934,352.315979,235.0,ingr_0000000244;ingr_0000000402,train,"[244, 402]",chicken breast tuna
dish_1558114569,26.91,39.0,ingr_0000000440,train,[440],grapes
dish_1559678146,348.57666,284.0,ingr_0000000045;ingr_0000000189;ingr_0000000161;ingr_0000000524;ingr_0000000094;ingr_0000000029;ingr_0000000122;ingr_0000000525;ingr_0000000513;ingr_0000000025;ingr_0000000471;ingr_0000000133;ingr_0000000335;ingr_0000000031;ingr_0000000027;ingr_0000000291;ingr_0000000511,train,"[45, 189, 161, 524, 94, 29, 122, 525, 513, 25, 471, 133, 335, 31, 27, 291, 511]",carrot vinegar olive oil parsley onions mixed greens garlic bok choy millet beef cherry tomatoes shallots eggplant cucumbers broccoli salt spinach (cooked)
dish_1560441487,41.419998,88.0,ingr_0000000013;ingr_0000000037,train,"[13, 37]",berries cantaloupe
dish_1560874726,177.492004,145.0,ingr_0000000013;ingr_0000000004;ingr_0000000192,train,"[13, 4, 192]",berries bacon yam
dish_1563221519,379.96991,206.0,ingr_0000000471;ingr_0000000244;ingr_0000000392;ingr_0000000518;ingr_0000000148;ingr_0000000514;ingr_0000000036;ingr_0000000161;ingr_0000000027;ingr_0000000291;ingr_0000000122,train,"[471, 244, 392, 518, 148, 514, 36, 161, 27, 291, 122]",cherry tomatoes chicken breast pepperoni pizza thyme parmesan cheese wheat berry spinach (raw) olive oil broccoli salt garlic
dish_1562605315,217.559998,147.0,ingr_0000000008,train,[8],scrambled eggs
dish_1561752680,465.324982,175.0,ingr_0000000011,train,[11],cheese pizza
dish_1568665012,327.420563,268.0,ingr_0000000122;ingr_0000000291;ingr_0000000032;ingr_0000000094;ingr_0000000016;ingr_0000000448;ingr_0000000036;ingr_0000000513;ingr_0000000028;ingr_0000000033;ingr_0000000031;ingr_0000000126;ingr_0000000161;ingr_0000000526;ingr_0000000189;ingr_0000000312,train,"[122, 291, 32, 94, 16, 448, 36, 513, 28, 33, 31, 126, 161, 526, 189, 312]",garlic salt tomatoes onions brussels sprouts jalapenos spinach (raw) millet chicken bell peppers cucumbers mustard olive oil mustard greens vinegar pepper
dish_1568313676,184.990005,214.0,ingr_0000000029;ingr_0000000042;ingr_0000000028;ingr_0000000046;ingr_0000000094,train,"[29, 42, 28, 46, 94]",mixed greens avocado chicken mushroom onions
dish_1558460061,40.709999,59.0,ingr_0000000440,train,[440],grapes
dish_1558468401,75.200005,47.0,ingr_0000000042,train,[42],avocado
dish_1568320427,450.764099,240.0,ingr_0000000161;ingr_0000000094;ingr_0000000011;ingr_0000000511;ingr_0000000133;ingr_0000000291;ingr_0000000525;ingr_0000000513;ingr_0000000025;ingr_0000000189;ingr_0000000377;ingr_0000000043,train,"[161, 94, 11, 511, 133, 291, 525, 513, 25, 189, 377, 43]",olive oil onions cheese pizza spinach (cooked) shallots salt bok choy millet beef vinegar quinoa green beans
dish_1563910676,757.957092,501.0,ingr_0000000023;ingr_0000000540;ingr_0000000073;ingr_0000000126;ingr_0000000133;ingr_0000000367;ingr_0000000203;ingr_0000000161;ingr_0000000201;ingr_0000000189;ingr_0000000036;ingr_0000000122;ingr_0000000523;ingr_0000000332;ingr_0000000094;ingr_0000000291;ingr_0000000520;ingr_0000000448,train,"[23, 540, 73, 126, 133, 367, 203, 161, 201, 189, 36, 122, 523, 332, 94, 291, 520, 448]",brown rice ginger radishes mustard shallots lime chili olive oil blueberries vinegar spinach (raw) garlic cilantro salmon onions salt lemon juice jalapenos
dish_1563550584,75.399994,145.0,ingr_0000000128,train,[128],egg whites
dish_1560798785,379.652008,310.0,ingr_0000000011;ingr_0000000050;ingr_0000000007;ingr_0000000027,train,"[11, 50, 7, 27]",cheese pizza tofu cauliflower broccoli
dish_1565379377,470.011047,397.0,ingr_0000000122;ingr_0000000328;ingr_0000000291;ingr_0000000508;ingr_0000000006;ingr_0000000045;ingr_0000000026;ingr_0000000525;ingr_0000000312;ingr_0000000161;ingr_0000000462,train,"[122, 328, 291, 508, 6, 45, 26, 525, 312, 161, 462]",garlic sugar salt soy sauce caesar salad carrot white rice bok choy pepper olive oil pork
dish_1565725188,543.117004,521.0,ingr_0000000045;ingr_0000000033;ingr_0000000028;ingr_0000000148;ingr_0000000094;ingr_0000000471;ingr_0000000012,train,"[45, 33, 28, 148, 94, 471, 12]",carrot bell peppers chicken parmesan cheese onions cherry tomatoes olives
dish_1563910530,333.825195,214.0,ingr_0000000332;ingr_0000000133;ingr_0000000122;ingr_0000000094;ingr_0000000523;ingr_0000000291;ingr_0000000161;ingr_0000000540;ingr_0000000448;ingr_0000000023;ingr_0000000036;ingr_0000000367;ingr_0000000520;ingr_0000000203,train,"[332, 133, 122, 94, 523, 291, 161, 540, 448, 23, 36, 367, 520, 203]",salmon shallots garlic onions cilantro salt olive oil ginger jalapenos brown rice spinach (raw) lime lemon juice chili
dish_1565725123,430.269989,444.0,ingr_0000000471;ingr_0000000012;ingr_0000000033;ingr_0000000045;ingr_0000000028,train,"[471, 12, 33, 45, 28]",cherry tomatoes olives bell peppers carrot chicken
dish_1566413445,377.830017,360.0,ingr_0000000028;ingr_0000000042;ingr_0000000036;ingr_0000000027;ingr_0000000012,train,"[28, 42, 36, 27, 12]",chicken avocado spinach (raw) broccoli olives
dish_1558637698,12.25,49.0,ingr_0000000007,train,[7],cauliflower
dish_1563555605,537.809998,403.0,ingr_0000000008;ingr_0000000038;ingr_0000000433;ingr_0000000004,train,"[8, 38, 433, 4]",scrambled eggs pineapple roasted potatoes bacon
dish_1559244598,250.919998,51.0,ingr_0000000455,train,[455],cookies
dish_1561576954,345.343719,262.0,ingr_0000000133;ingr_0000000189;ingr_0000000046;ingr_0000000517;ingr_0000000201;ingr_0000000126;ingr_0000000291;ingr_0000000521;ingr_0000000124;ingr_0000000520;ingr_0000000428;ingr_0000000028;ingr_0000000312;ingr_0000000341;ingr_0000000518;ingr_0000000514;ingr_0000000515;ingr_0000000161;ingr_0000000335;ingr_0000000519;ingr_0000000516;ingr_0000000441;ingr_0000000122,train,"[133, 189, 46, 517, 201, 126, 291, 521, 124, 520, 428, 28, 312, 341, 518, 514, 515, 161, 335, 519, 516, 441, 122]",shallots vinegar mushroom chard blueberries mustard salt basil walnuts lemon juice white wine chicken pepper cream thyme wheat berry arugula olive oil eggplant oregano rosemary butter garlic
dish_1567020417,313.761383,348.0,ingr_0000000527;ingr_0000000514;ingr_0000000517;ingr_0000000036;ingr_0000000122;ingr_0000000524;ingr_0000000161;ingr_0000000133;ingr_0000000072;ingr_0000000049;ingr_0000000471;ingr_0000000312;ingr_0000000028;ingr_0000000520;ingr_0000000518;ingr_0000000016;ingr_0000000027;ingr_0000000291,train,"[527, 514, 517, 36, 122, 524, 161, 133, 72, 49, 471, 312, 28, 520, 518, 16, 27, 291]",chive wheat berry chard spinach (raw) garlic parsley olive oil shallots kale fish cherry tomatoes pepper chicken lemon juice thyme brussels sprouts broccoli salt
dish_1561666794,138.097,97.0,ingr_0000000011;ingr_0000000006,train,"[11, 6]",cheese pizza caesar salad
dish_1561665452,624.853943,431.0,ingr_0000000517;ingr_0000000023;ingr_0000000189;ingr_0000000161;ingr_0000000521;ingr_0000000291;ingr_0000000513;ingr_0000000527;ingr_0000000045;ingr_0000000054;ingr_0000000028;ingr_0000000094;ingr_0000000205;ingr_0000000520;ingr_0000000524;ingr_0000000516;ingr_0000000122;ingr_0000000029,train,"[517, 23, 189, 161, 521, 291, 513, 527, 45, 54, 28, 94, 205, 520, 524, 516, 122, 29]",chard brown rice vinegar olive oil basil salt millet chive carrot apple chicken onions corn on the cob lemon juice parsley rosemary garlic mixed greens
dish_1566488981,279.328308,486.0,ingr_0000000037;ingr_0000000437;ingr_0000000161;ingr_0000000128,train,"[37, 437, 161, 128]",cantaloupe sweet potato olive oil egg whites
dish_1566317711,123.760002,182.0,ingr_0000000059,train,[59],oatmeal
dish_1562010048,407.132263,199.0,ingr_0000000448;ingr_0000000152;ingr_0000000462;ingr_0000000514;ingr_0000000312;ingr_0000000291;ingr_0000000045;ingr_0000000122;ingr_0000000520;ingr_0000000116;ingr_0000000524;ingr_0000000161,train,"[448, 152, 462, 514, 312, 291, 45, 122, 520, 116, 524, 161]",jalapenos cabbage pork wheat berry pepper salt carrot garlic lemon juice mayonnaise parsley olive oil
dish_1560368944,143.540421,66.0,ingr_0000000462;ingr_0000000521;ingr_0000000520;ingr_0000000161;ingr_0000000122;ingr_0000000133;ingr_0000000291;ingr_0000000027;ingr_0000000471;ingr_0000000312;ingr_0000000189;ingr_0000000524;ingr_0000000094;ingr_0000000023,train,"[462, 521, 520, 161, 122, 133, 291, 27, 471, 312, 189, 524, 94, 23]",pork basil lemon juice olive oil garlic shallots salt broccoli cherry tomatoes pepper vinegar parsley onions brown rice
dish_1562789328,656.551575,503.0,ingr_0000000027;ingr_0000000050;ingr_0000000205;ingr_0000000189;ingr_0000000520;ingr_0000000133;ingr_0000000291;ingr_0000000471;ingr_0000000462;ingr_0000000023;ingr_0000000094;ingr_0000000524;ingr_0000000521;ingr_0000000006;ingr_0000000161;ingr_0000000122;ingr_0000000312;ingr_0000000011,train,"[27, 50, 205, 189, 520, 133, 291, 471, 462, 23, 94, 524, 521, 6, 161, 122, 312, 11]",broccoli tofu corn on the cob vinegar lemon juice shallots salt cherry tomatoes pork brown rice onions parsley basil caesar salad olive oil garlic pepper cheese pizza
dish_1563393366,89.85463,178.0,ingr_0000000122;ingr_0000000515;ingr_0000000377;ingr_0000000312;ingr_0000000448;ingr_0000000021;ingr_0000000520;ingr_0000000027;ingr_0000000049;ingr_0000000541;ingr_0000000161;ingr_0000000485;ingr_0000000094;ingr_0000000291;ingr_0000000523,train,"[122, 515, 377, 312, 448, 21, 520, 27, 49, 541, 161, 485, 94, 291, 523]",garlic arugula quinoa pepper jalapenos squash lemon juice broccoli fish tomatillo olive oil zucchini onions salt cilantro
dish_1564160161,242.5,97.0,ingr_0000000264,train,[264],bagels
dish_1565207896,298.380798,383.0,ingr_0000000054;ingr_0000000520;ingr_0000000153;ingr_0000000291;ingr_0000000473;ingr_0000000161;ingr_0000000016;ingr_0000000526;ingr_0000000122;ingr_0000000515;ingr_0000000050;ingr_0000000312;ingr_0000000524;ingr_0000000133,train,"[54, 520, 153, 291, 473, 161, 16, 526, 122, 515, 50, 312, 524, 133]",apple lemon juice bulgur salt cranberries olive oil brussels sprouts mustard greens garlic arugula tofu pepper parsley shallots
dish_1560976044,124.670006,137.0,ingr_0000000514,train,[514],wheat berry
dish_1560788338,71.268997,121.0,ingr_0000000262,train,[262],yogurt
dish_1564518586,361.413239,315.0,ingr_0000000031;ingr_0000000189;ingr_0000000485;ingr_0000000045;ingr_0000000511;ingr_0000000029;ingr_0000000030;ingr_0000000377;ingr_0000000335;ingr_0000000092;ingr_0000000021;ingr_0000000046;ingr_0000000027;ingr_0000000367;ingr_0000000520;ingr_0000000094;ingr_0000000161;ingr_0000000291;ingr_0000000011;ingr_0000000133;ingr_0000000122;ingr_0000000312;ingr_0000000471;ingr_0000000155,train,"[31, 189, 485, 45, 511, 29, 30, 377, 335, 92, 21, 46, 27, 367, 520, 94, 161, 291, 11, 133, 122, 312, 471, 155]",cucumbers vinegar zucchini carrot spinach (cooked) mixed greens lettuce quinoa eggplant wine squash mushroom broccoli lime lemon juice onions olive oil salt cheese pizza shallots garlic pepper cherry tomatoes chicken thighs
dish_1561575688,607.892395,362.0,ingr_0000000161;ingr_0000000517;ingr_0000000189;ingr_0000000513;ingr_0000000525;ingr_0000000133;ingr_0000000291;ingr_0000000094;ingr_0000000201;ingr_0000000515;ingr_0000000025;ingr_0000000312;ingr_0000000124;ingr_0000000433;ingr_0000000511;ingr_0000000126,train,"[161, 517, 189, 513, 525, 133, 291, 94, 201, 515, 25, 312, 124, 433, 511, 126]",olive oil chard vinegar millet bok choy shallots salt onions blueberries arugula beef pepper walnuts roasted potatoes spinach (cooked) mustard
dish_1568060697,133.880005,161.0,ingr_0000000094;ingr_0000000042;ingr_0000000029,train,"[94, 42, 29]",onions avocado mixed greens
dish_1558115364,485.26001,313.0,ingr_0000000005;ingr_0000000453;ingr_0000000077;ingr_0000000004,train,"[5, 453, 77, 4]",potatoes deprecated almonds bacon
dish_1565810146,36.445538,29.0,ingr_0000000030;ingr_0000000045;ingr_0000000291;ingr_0000000531;ingr_0000000126;ingr_0000000161;ingr_0000000189;ingr_0000000515;ingr_0000000029,train,"[30, 45, 291, 531, 126, 161, 189, 515, 29]",lettuce carrot salt pumpkin seeds mustard olive oil vinegar arugula mixed greens
dish_1557853154,18.810001,57.0,ingr_0000000002,train,[2],strawberries
dish_1563811662,245.733765,254.0,ingr_0000000008;ingr_0000000016;ingr_0000000161;ingr_0000000312;ingr_0000000291;ingr_0000000002,train,"[8, 16, 161, 312, 291, 2]",scrambled eggs brussels sprouts olive oil pepper salt strawberries
dish_1565727851,406.473999,305.0,ingr_0000000027;ingr_0000000148;ingr_0000000028;ingr_0000000012;ingr_0000000029,train,"[27, 148, 28, 12, 29]",broccoli parmesan cheese chicken olives mixed greens
dish_1558720396,95.489998,90.0,ingr_0000000205,train,[205],corn on the cob
dish_1563468199,53.5,107.0,ingr_0000000038,train,[38],pineapple
dish_1560444724,113.280006,343.0,ingr_0000000121;ingr_0000000112,train,"[121, 112]",watermelon honeydew melons
dish_1561739623,156.240005,348.0,ingr_0000000027;ingr_0000000437,train,"[27, 437]",broccoli sweet potato
dish_1558463690,432.95401,241.0,ingr_0000000440;ingr_0000000471;ingr_0000000077,train,"[440, 471, 77]",grapes cherry tomatoes almonds
dish_1563479526,67.844879,51.0,ingr_0000000291;ingr_0000000054;ingr_0000000515;ingr_0000000520;ingr_0000000526;ingr_0000000425;ingr_0000000161;ingr_0000000070,train,"[291, 54, 515, 520, 526, 425, 161, 70]",salt apple arugula lemon juice mustard greens goat cheese olive oil figs
dish_1564588719,222.278015,81.0,ingr_0000000372;ingr_0000000039,train,"[372, 39]",chilaquiles sausage
dish_1563811463,220.585373,376.0,ingr_0000000161;ingr_0000000128;ingr_0000000437;ingr_0000000037,train,"[161, 128, 437, 37]",olive oil egg whites sweet potato cantaloupe
dish_1562183125,88.552399,131.0,ingr_0000000201;ingr_0000000515;ingr_0000000046;ingr_0000000517;ingr_0000000189;ingr_0000000312;ingr_0000000161;ingr_0000000036;ingr_0000000124;ingr_0000000045;ingr_0000000291;ingr_0000000126;ingr_0000000524;ingr_0000000077,train,"[201, 515, 46, 517, 189, 312, 161, 36, 124, 45, 291, 126, 524, 77]",blueberries arugula mushroom chard vinegar pepper olive oil spinach (raw) walnuts carrot salt mustard parsley almonds
dish_1560369403,411.967804,405.0,ingr_0000000133;ingr_0000000014;ingr_0000000049;ingr_0000000026;ingr_0000000023;ingr_0000000462;ingr_0000000471;ingr_0000000312;ingr_0000000189;ingr_0000000534;ingr_0000000524;ingr_0000000161;ingr_0000000521;ingr_0000000520;ingr_0000000291;ingr_0000000027;ingr_0000000094;ingr_0000000535;ingr_0000000122,train,"[133, 14, 49, 26, 23, 462, 471, 312, 189, 534, 524, 161, 521, 520, 291, 27, 94, 535, 122]",shallots asparagus fish white rice brown rice pork cherry tomatoes pepper vinegar country rice parsley olive oil basil lemon juice salt broccoli onions green onions garlic
dish_1563464651,312.0,130.0,ingr_0000000495;ingr_0000000031;ingr_0000000264,train,"[495, 31, 264]",cream cheese cucumbers bagels
dish_1558381860,94.400002,59.0,ingr_0000000042,train,[42],avocado
dish_1558462106,25.530001,37.0,ingr_0000000440,train,[440],grapes
dish_1562945879,174.425323,234.0,ingr_0000000137;ingr_0000000338;ingr_0000000037;ingr_0000000112;ingr_0000000294;ingr_0000000041;ingr_0000000029;ingr_0000000040;ingr_0000000013,train,"[137, 338, 37, 112, 294, 41, 29, 40, 13]",succotash vinaigrette cantaloupe honeydew melons granola blackberries mixed greens raspberries berries
dish_1566332040,14.95,65.0,ingr_0000000036,train,[36],spinach (raw)
dish_1563222775,190.584213,75.0,ingr_0000000026;ingr_0000000122;ingr_0000000161;ingr_0000000524;ingr_0000000485;ingr_0000000094;ingr_0000000516;ingr_0000000291;ingr_0000000462;ingr_0000000515;ingr_0000000392,train,"[26, 122, 161, 524, 485, 94, 516, 291, 462, 515, 392]",white rice garlic olive oil parsley zucchini onions rosemary salt pork arugula pepperoni pizza
dish_1562184663,600.540405,271.0,ingr_0000000517;ingr_0000000072;ingr_0000000520;ingr_0000000133;ingr_0000000004;ingr_0000000049;ingr_0000000471;ingr_0000000122;ingr_0000000527;ingr_0000000291;ingr_0000000161;ingr_0000000514;ingr_0000000524;ingr_0000000010,train,"[517, 72, 520, 133, 4, 49, 471, 122, 527, 291, 161, 514, 524, 10]",chard kale lemon juice shallots bacon fish cherry tomatoes garlic chive salt olive oil wheat berry parsley steak
dish_1563898722,343.350006,303.0,ingr_0000000027;ingr_0000000008,train,"[27, 8]",broccoli scrambled eggs
dish_1568315988,50.370003,69.0,ingr_0000000050,train,[50],tofu
dish_1558723073,16.200001,90.0,ingr_0000000471,train,[471],cherry tomatoes
dish_1563309189,37.950001,33.0,ingr_0000000012,train,[12],olives
dish_1563827086,199.044998,175.0,ingr_0000000011;ingr_0000000006,train,"[11, 6]",cheese pizza caesar salad
dish_1560974009,482.983063,409.0,ingr_0000000161;ingr_0000000155;ingr_0000000515;ingr_0000000312;ingr_0000000520;ingr_0000000027;ingr_0000000032;ingr_0000000033;ingr_0000000082;ingr_0000000122;ingr_0000000058;ingr_0000000514;ingr_0000000448;ingr_0000000129;ingr_0000000238;ingr_0000000203;ingr_0000000152;ingr_0000000367;ingr_0000000126;ingr_0000000291;ingr_0000000524,train,"[161, 155, 515, 312, 520, 27, 32, 33, 82, 122, 58, 514, 448, 129, 238, 203, 152, 367, 126, 291, 524]",olive oil chicken thighs arugula pepper lemon juice broccoli tomatoes bell peppers pecans garlic orange wheat berry jalapenos raisins hominy chili cabbage lime mustard salt parsley
dish_1565811588,348.484161,263.0,ingr_0000000122;ingr_0000000073;ingr_0000000448;ingr_0000000155;ingr_0000000161;ingr_0000000126;ingr_0000000032;ingr_0000000203;ingr_0000000520;ingr_0000000033;ingr_0000000036;ingr_0000000189;ingr_0000000201;ingr_0000000524;ingr_0000000367;ingr_0000000152;ingr_0000000291;ingr_0000000238,train,"[122, 73, 448, 155, 161, 126, 32, 203, 520, 33, 36, 189, 201, 524, 367, 152, 291, 238]",garlic radishes jalapenos chicken thighs olive oil mustard tomatoes chili lemon juice bell peppers spinach (raw) vinegar blueberries parsley lime cabbage salt hominy
dish_1568666184,28.500002,190.0,ingr_0000000030,train,[30],lettuce
dish_1567628069,107.433014,73.0,ingr_0000000122;ingr_0000000515;ingr_0000000524;ingr_0000000526;ingr_0000000161;ingr_0000000473;ingr_0000000520;ingr_0000000291;ingr_0000000153;ingr_0000000133;ingr_0000000054,train,"[122, 515, 524, 526, 161, 473, 520, 291, 153, 133, 54]",garlic arugula parsley mustard greens olive oil cranberries lemon juice salt bulgur shallots apple
dish_1563555072,165.76001,112.0,ingr_0000000008,train,[8],scrambled eggs
dish_1564518512,270.70752,163.0,ingr_0000000335;ingr_0000000046;ingr_0000000511;ingr_0000000011;ingr_0000000161;ingr_0000000155;ingr_0000000021;ingr_0000000133;ingr_0000000377;ingr_0000000122;ingr_0000000092;ingr_0000000045;ingr_0000000312;ingr_0000000291;ingr_0000000520,train,"[335, 46, 511, 11, 161, 155, 21, 133, 377, 122, 92, 45, 312, 291, 520]",eggplant mushroom spinach (cooked) cheese pizza olive oil chicken thighs squash shallots quinoa garlic wine carrot pepper salt lemon juice
dish_1559751775,309.235992,254.0,ingr_0000000013;ingr_0000000179;ingr_0000000192,train,"[13, 179, 192]",berries eggs yam
dish_1564685450,623.007507,288.0,ingr_0000000312;ingr_0000000029;ingr_0000000033;ingr_0000000010;ingr_0000000189;ingr_0000000471;ingr_0000000513;ingr_0000000291;ingr_0000000030;ingr_0000000367;ingr_0000000161;ingr_0000000094;ingr_0000000031;ingr_0000000036;ingr_0000000380;ingr_0000000113,train,"[312, 29, 33, 10, 189, 471, 513, 291, 30, 367, 161, 94, 31, 36, 380, 113]",pepper mixed greens bell peppers steak vinegar cherry tomatoes millet salt lettuce lime olive oil onions cucumbers spinach (raw) pizza ketchup
dish_1561580659,754.353577,480.0,ingr_0000000291;ingr_0000000161;ingr_0000000471;ingr_0000000025;ingr_0000000319;ingr_0000000007;ingr_0000000511;ingr_0000000012;ingr_0000000030;ingr_0000000033;ingr_0000000513;ingr_0000000031;ingr_0000000094;ingr_0000000133;ingr_0000000189;ingr_0000000338;ingr_0000000525,train,"[291, 161, 471, 25, 319, 7, 511, 12, 30, 33, 513, 31, 94, 133, 189, 338, 525]",salt olive oil cherry tomatoes beef feta cheese cauliflower spinach (cooked) olives lettuce bell peppers millet cucumbers onions shallots vinegar vinaigrette bok choy
dish_1558109907,43.470001,63.0,ingr_0000000440,train,[440],grapes
dish_1565023182,638.714844,308.0,ingr_0000000294;ingr_0000000029;ingr_0000000041;ingr_0000000040;ingr_0000000338;ingr_0000000008;ingr_0000000004,train,"[294, 29, 41, 40, 338, 8, 4]",granola mixed greens blackberries raspberries vinaigrette scrambled eggs bacon
dish_1563822663,303.099365,317.0,ingr_0000000472;ingr_0000000007;ingr_0000000514;ingr_0000000010;ingr_0000000021;ingr_0000000485;ingr_0000000161;ingr_0000000367;ingr_0000000006;ingr_0000000122;ingr_0000000027;ingr_0000000291,train,"[472, 7, 514, 10, 21, 485, 161, 367, 6, 122, 27, 291]",couscous cauliflower wheat berry steak squash zucchini olive oil lime caesar salad garlic broccoli salt
dish_1561753649,164.010803,196.0,ingr_0000000023;ingr_0000000021;ingr_0000000031;ingr_0000000332;ingr_0000000312;ingr_0000000291;ingr_0000000518;ingr_0000000161;ingr_0000000515,train,"[23, 21, 31, 332, 312, 291, 518, 161, 515]",brown rice squash cucumbers salmon pepper salt thyme olive oil arugula
dish_1566501126,564.917969,369.0,ingr_0000000036;ingr_0000000045;ingr_0000000148;ingr_0000000012;ingr_0000000028;ingr_0000000042,train,"[36, 45, 148, 12, 28, 42]",spinach (raw) carrot parmesan cheese olives chicken avocado
dish_1566317801,275.399994,420.0,ingr_0000000040;ingr_0000000041;ingr_0000000154;ingr_0000000059,train,"[40, 41, 154, 59]",raspberries blackberries brown sugar oatmeal
dish_1562173175,165.366608,163.0,ingr_0000000502;ingr_0000000543;ingr_0000000545,train,"[502, 543, 545]",milk chia seeds greek yogurt
dish_1558027057,80.665001,65.0,ingr_0000000192,train,[192],yam
dish_1568400967,36.610001,113.0,ingr_0000000027;ingr_0000000029,train,"[27, 29]",broccoli mixed greens
dish_1565726887,174.015305,172.0,ingr_0000000433;ingr_0000000515;ingr_0000000189;ingr_0000000161;ingr_0000000473;ingr_0000000291;ingr_0000000094;ingr_0000000027;ingr_0000000126;ingr_0000000528,train,"[433, 515, 189, 161, 473, 291, 94, 27, 126, 528]",roasted potatoes arugula vinegar olive oil cranberries salt onions broccoli mustard celery root
dish_1566590536,25.070757,51.0,ingr_0000000045;ingr_0000000291;ingr_0000000312;ingr_0000000161,train,"[45, 291, 312, 161]",carrot salt pepper olive oil
dish_1564516397,36.809998,59.0,ingr_0000000012;ingr_0000000471,train,"[12, 471]",olives cherry tomatoes
dish_1559841908,175.162018,304.0,ingr_0000000440;ingr_0000000027;ingr_0000000213,train,"[440, 27, 213]",grapes broccoli pears
dish_1562876756,354.596863,322.0,ingr_0000000291;ingr_0000000021;ingr_0000000525;ingr_0000000036;ingr_0000000524;ingr_0000000520;ingr_0000000518;ingr_0000000011;ingr_0000000006;ingr_0000000028;ingr_0000000514;ingr_0000000043;ingr_0000000521;ingr_0000000516;ingr_0000000485;ingr_0000000161;ingr_0000000122;ingr_0000000534;ingr_0000000312,train,"[291, 21, 525, 36, 524, 520, 518, 11, 6, 28, 514, 43, 521, 516, 485, 161, 122, 534, 312]",salt squash bok choy spinach (raw) parsley lemon juice thyme cheese pizza caesar salad chicken wheat berry green beans basil rosemary zucchini olive oil garlic country rice pepper
dish_1563309398,655.986816,604.0,ingr_0000000291;ingr_0000000036;ingr_0000000520;ingr_0000000012;ingr_0000000033;ingr_0000000030;ingr_0000000122;ingr_0000000028;ingr_0000000471;ingr_0000000514;ingr_0000000524;ingr_0000000518;ingr_0000000161;ingr_0000000133;ingr_0000000045,train,"[291, 36, 520, 12, 33, 30, 122, 28, 471, 514, 524, 518, 161, 133, 45]",salt spinach (raw) lemon juice olives bell peppers lettuce garlic chicken cherry tomatoes wheat berry parsley thyme olive oil shallots carrot
dish_1563217968,252.792709,244.0,ingr_0000000026;ingr_0000000520;ingr_0000000032;ingr_0000000031;ingr_0000000094;ingr_0000000448;ingr_0000000515;ingr_0000000122;ingr_0000000291;ingr_0000000367;ingr_0000000516;ingr_0000000027;ingr_0000000526;ingr_0000000161;ingr_0000000462;ingr_0000000524;ingr_0000000349;ingr_0000000485;ingr_0000000471;ingr_0000000523,train,"[26, 520, 32, 31, 94, 448, 515, 122, 291, 367, 516, 27, 526, 161, 462, 524, 349, 485, 471, 523]",white rice lemon juice tomatoes cucumbers onions jalapenos arugula garlic salt lime rosemary broccoli mustard greens olive oil pork parsley mangos zucchini cherry tomatoes cilantro
dish_1562007866,497.861359,465.0,ingr_0000000006;ingr_0000000377;ingr_0000000448;ingr_0000000462;ingr_0000000524;ingr_0000000520;ingr_0000000122;ingr_0000000133;ingr_0000000045;ingr_0000000312;ingr_0000000471;ingr_0000000116;ingr_0000000515;ingr_0000000161;ingr_0000000514;ingr_0000000518;ingr_0000000016;ingr_0000000152;ingr_0000000291;ingr_0000000472,train,"[6, 377, 448, 462, 524, 520, 122, 133, 45, 312, 471, 116, 515, 161, 514, 518, 16, 152, 291, 472]",caesar salad quinoa jalapenos pork parsley lemon juice garlic shallots carrot pepper cherry tomatoes mayonnaise arugula olive oil wheat berry thyme brussels sprouts cabbage salt couscous
dish_1560370114,7.956,39.0,ingr_0000000014,train,[14],asparagus
dish_1568061320,535.839905,491.0,ingr_0000000471;ingr_0000000026;ingr_0000000021;ingr_0000000462;ingr_0000000515;ingr_0000000516;ingr_0000000518;ingr_0000000161;ingr_0000000016;ingr_0000000011;ingr_0000000291;ingr_0000000122;ingr_0000000038;ingr_0000000514;ingr_0000000094;ingr_0000000036;ingr_0000000148;ingr_0000000485;ingr_0000000524;ingr_0000000377;ingr_0000000312;ingr_0000000244,train,"[471, 26, 21, 462, 515, 516, 518, 161, 16, 11, 291, 122, 38, 514, 94, 36, 148, 485, 524, 377, 312, 244]",cherry tomatoes white rice squash pork arugula rosemary thyme olive oil brussels sprouts cheese pizza salt garlic pineapple wheat berry onions spinach (raw) parmesan cheese zucchini parsley quinoa pepper chicken breast
dish_1559320019,196.820007,205.0,ingr_0000000038;ingr_0000000437;ingr_0000000004;ingr_0000000013,train,"[38, 437, 4, 13]",pineapple sweet potato bacon berries
dish_1560887457,389.264343,246.0,ingr_0000000140;ingr_0000000161;ingr_0000000380;ingr_0000000072;ingr_0000000291;ingr_0000000306;ingr_0000000148;ingr_0000000335,train,"[140, 161, 380, 72, 291, 306, 148, 335]",caesar dressing olive oil pizza kale salt croutons parmesan cheese eggplant
dish_1558724633,32.899998,94.0,ingr_0000000027,train,[27],broccoli
dish_1564170474,39.480003,168.0,ingr_0000000485;ingr_0000000021;ingr_0000000027,train,"[485, 21, 27]",zucchini squash broccoli
dish_1567625343,65.480003,74.0,ingr_0000000517;ingr_0000000042;ingr_0000000072,train,"[517, 42, 72]",chard avocado kale
dish_1565726848,102.105309,121.0,ingr_0000000528;ingr_0000000291;ingr_0000000027;ingr_0000000126;ingr_0000000094;ingr_0000000161;ingr_0000000473;ingr_0000000189;ingr_0000000515,train,"[528, 291, 27, 126, 94, 161, 473, 189, 515]",celery root salt broccoli mustard onions olive oil cranberries vinegar arugula
dish_1559675268,39.370003,144.0,ingr_0000000471;ingr_0000000045;ingr_0000000033;ingr_0000000016;ingr_0000000031,train,"[471, 45, 33, 16, 31]",cherry tomatoes carrot bell peppers brussels sprouts cucumbers
dish_1563984729,495.720032,321.0,ingr_0000000008;ingr_0000000510,train,"[8, 510]",scrambled eggs chicken apple sausage
dish_1568405430,119.099396,121.0,ingr_0000000535;ingr_0000000180;ingr_0000000031;ingr_0000000036;ingr_0000000032;ingr_0000000161;ingr_0000000122;ingr_0000000526;ingr_0000000045;ingr_0000000291;ingr_0000000073;ingr_0000000029;ingr_0000000126;ingr_0000000189;ingr_0000000152;ingr_0000000508,train,"[535, 180, 31, 36, 32, 161, 122, 526, 45, 291, 73, 29, 126, 189, 152, 508]",green onions rice noodles cucumbers spinach (raw) tomatoes olive oil garlic mustard greens carrot salt radishes mixed greens mustard vinegar cabbage soy sauce
dish_1565727821,281.123993,196.0,ingr_0000000148;ingr_0000000028;ingr_0000000029;ingr_0000000027,train,"[148, 28, 29, 27]",parmesan cheese chicken mixed greens broccoli
dish_1566933454,121.741409,154.0,ingr_0000000213;ingr_0000000525;ingr_0000000291;ingr_0000000515;ingr_0000000520;ingr_0000000524;ingr_0000000161;ingr_0000000122;ingr_0000000187;ingr_0000000312,train,"[213, 525, 291, 515, 520, 524, 161, 122, 187, 312]",pears bok choy salt arugula lemon juice parsley olive oil garlic chickpeas pepper
dish_1559751458,152.643005,123.0,ingr_0000000192,train,[192],yam
dish_1558468589,12.1,55.0,ingr_0000000046,train,[46],mushroom
dish_1558641037,60.839996,117.0,ingr_0000000054,train,[54],apple
dish_1565898758,612.990295,612.0,ingr_0000000402;ingr_0000000012;ingr_0000000043;ingr_0000000036;ingr_0000000540;ingr_0000000023;ingr_0000000133;ingr_0000000122;ingr_0000000523;ingr_0000000045;ingr_0000000471;ingr_0000000332;ingr_0000000448;ingr_0000000520;ingr_0000000161;ingr_0000000094;ingr_0000000291;ingr_0000000367;ingr_0000000203,train,"[402, 12, 43, 36, 540, 23, 133, 122, 523, 45, 471, 332, 448, 520, 161, 94, 291, 367, 203]",tuna olives green beans spinach (raw) ginger brown rice shallots garlic cilantro carrot cherry tomatoes salmon jalapenos lemon juice olive oil onions salt lime chili
dish_1562614980,566.146057,485.0,ingr_0000000038;ingr_0000000155;ingr_0000000189;ingr_0000000046;ingr_0000000094;ingr_0000000520;ingr_0000000521;ingr_0000000161;ingr_0000000448;ingr_0000000072;ingr_0000000291;ingr_0000000073;ingr_0000000026;ingr_0000000023;ingr_0000000515;ingr_0000000524;ingr_0000000010;ingr_0000000518;ingr_0000000523;ingr_0000000122;ingr_0000000027,train,"[38, 155, 189, 46, 94, 520, 521, 161, 448, 72, 291, 73, 26, 23, 515, 524, 10, 518, 523, 122, 27]",pineapple chicken thighs vinegar mushroom onions lemon juice basil olive oil jalapenos kale salt radishes white rice brown rice arugula parsley steak thyme cilantro garlic broccoli
dish_1562702412,183.389359,285.0,ingr_0000000007;ingr_0000000033;ingr_0000000377;ingr_0000000031;ingr_0000000094;ingr_0000000030;ingr_0000000161;ingr_0000000319;ingr_0000000471;ingr_0000000338;ingr_0000000012,train,"[7, 33, 377, 31, 94, 30, 161, 319, 471, 338, 12]",cauliflower bell peppers quinoa cucumbers onions lettuce olive oil feta cheese cherry tomatoes vinaigrette olives
dish_1567542778,260.582001,98.0,ingr_0000000011,train,[11],cheese pizza
dish_1558468435,28.0,80.0,ingr_0000000027,train,[27],broccoli
dish_1559059954,108.199997,20.0,ingr_0000000004,train,[4],bacon
dish_1560368138,23.5,123.0,ingr_0000000471;ingr_0000000046,train,"[471, 46]",cherry tomatoes mushroom
dish_1559238481,59.689999,127.0,ingr_0000000058,train,[58],orange
dish_1568665970,202.182007,167.0,ingr_0000000011;ingr_0000000006,train,"[11, 6]",cheese pizza caesar salad
dish_1566931650,610.869019,488.0,ingr_0000000029;ingr_0000000012;ingr_0000000028;ingr_0000000042;ingr_0000000027;ingr_0000000148,train,"[29, 12, 28, 42, 27, 148]",mixed greens olives chicken avocado broccoli parmesan cheese
dish_1561061630,186.683746,150.0,ingr_0000000054;ingr_0000000140;ingr_0000000161;ingr_0000000473;ingr_0000000153;ingr_0000000133;ingr_0000000306;ingr_0000000515;ingr_0000000148;ingr_0000000526;ingr_0000000524;ingr_0000000072;ingr_0000000520;ingr_0000000291;ingr_0000000122,train,"[54, 140, 161, 473, 153, 133, 306, 515, 148, 526, 524, 72, 520, 291, 122]",apple caesar dressing olive oil cranberries bulgur shallots croutons arugula parmesan cheese mustard greens parsley kale lemon juice salt garlic
dish_1563294441,65.199997,162.0,ingr_0000000038;ingr_0000000121,train,"[38, 121]",pineapple watermelon
dish_1563910708,786.212585,555.0,ingr_0000000201;ingr_0000000189;ingr_0000000520;ingr_0000000126;ingr_0000000161;ingr_0000000043;ingr_0000000367;ingr_0000000291;ingr_0000000122;ingr_0000000133;ingr_0000000073;ingr_0000000332;ingr_0000000036;ingr_0000000540;ingr_0000000094;ingr_0000000023;ingr_0000000448;ingr_0000000203;ingr_0000000523,train,"[201, 189, 520, 126, 161, 43, 367, 291, 122, 133, 73, 332, 36, 540, 94, 23, 448, 203, 523]",blueberries vinegar lemon juice mustard olive oil green beans lime salt garlic shallots radishes salmon spinach (raw) ginger onions brown rice jalapenos chili cilantro
dish_1558547205,291.174988,186.0,ingr_0000000005;ingr_0000000077;ingr_0000000036;ingr_0000000026,train,"[5, 77, 36, 26]",potatoes almonds spinach (raw) white rice
dish_1565897569,324.913513,150.0,ingr_0000000514;ingr_0000000007;ingr_0000000122;ingr_0000000161;ingr_0000000291;ingr_0000000010;ingr_0000000367,train,"[514, 7, 122, 161, 291, 10, 367]",wheat berry cauliflower garlic olive oil salt steak lime
dish_1559841891,163.962006,272.0,ingr_0000000440;ingr_0000000213,train,"[440, 213]",grapes pears
dish_1558641442,103.386002,211.0,ingr_0000000007;ingr_0000000037;ingr_0000000205,train,"[7, 37, 205]",cauliflower cantaloupe corn on the cob
dish_1558031566,140.660004,26.0,ingr_0000000004,train,[4],bacon
dish_1565034330,614.015503,483.0,ingr_0000000508;ingr_0000000122;ingr_0000000026;ingr_0000000203;ingr_0000000498;ingr_0000000161;ingr_0000000094;ingr_0000000535;ingr_0000000072;ingr_0000000291;ingr_0000000007;ingr_0000000189;ingr_0000000027;ingr_0000000025;ingr_0000000433,train,"[508, 122, 26, 203, 498, 161, 94, 535, 72, 291, 7, 189, 27, 25, 433]",soy sauce garlic white rice chili orange juice olive oil onions green onions kale salt cauliflower vinegar broccoli beef roasted potatoes
dish_1563306039,493.637207,326.0,ingr_0000000028;ingr_0000000498;ingr_0000000535;ingr_0000000026;ingr_0000000046;ingr_0000000133;ingr_0000000520;ingr_0000000122;ingr_0000000473;ingr_0000000140;ingr_0000000161;ingr_0000000518;ingr_0000000291;ingr_0000000524;ingr_0000000433;ingr_0000000306;ingr_0000000054;ingr_0000000514;ingr_0000000036;ingr_0000000148;ingr_0000000189;ingr_0000000072;ingr_0000000126;ingr_0000000094;ingr_0000000025;ingr_0000000027;ingr_0000000508;ingr_0000000203,train,"[28, 498, 535, 26, 46, 133, 520, 122, 473, 140, 161, 518, 291, 524, 433, 306, 54, 514, 36, 148, 189, 72, 126, 94, 25, 27, 508, 203]",chicken orange juice green onions white rice mushroom shallots lemon juice garlic cranberries caesar dressing olive oil thyme salt parsley roasted potatoes croutons apple wheat berry spinach (raw) parmesan cheese vinegar kale mustard onions beef broccoli soy sauce chili
dish_1562614121,123.492508,155.0,ingr_0000000027;ingr_0000000291;ingr_0000000161;ingr_0000000126;ingr_0000000094;ingr_0000000473;ingr_0000000189;ingr_0000000036;ingr_0000000054,train,"[27, 291, 161, 126, 94, 473, 189, 36, 54]",broccoli salt olive oil mustard onions cranberries vinegar spinach (raw) apple
dish_1564171888,345.125885,194.0,ingr_0000000023;ingr_0000000515;ingr_0000000291;ingr_0000000312;ingr_0000000518;ingr_0000000332;ingr_0000000161,train,"[23, 515, 291, 312, 518, 332, 161]",brown rice arugula salt pepper thyme salmon olive oil
dish_1562949541,494.225647,374.0,ingr_0000000080;ingr_0000000525;ingr_0000000161;ingr_0000000008;ingr_0000000013,train,"[80, 525, 161, 8, 13]",turkey bacon bok choy olive oil scrambled eggs berries
dish_1558114875,74.360001,143.0,ingr_0000000453,train,[453],deprecated
dish_1561666640,48.800003,90.0,ingr_0000000037;ingr_0000000440,train,"[37, 440]",cantaloupe grapes
dish_1560539368,238.814514,314.0,ingr_0000000377;ingr_0000000523;ingr_0000000291;ingr_0000000122;ingr_0000000520;ingr_0000000094;ingr_0000000515;ingr_0000000448;ingr_0000000161;ingr_0000000045;ingr_0000000006;ingr_0000000049;ingr_0000000312;ingr_0000000541,train,"[377, 523, 291, 122, 520, 94, 515, 448, 161, 45, 6, 49, 312, 541]",quinoa cilantro salt garlic lemon juice onions arugula jalapenos olive oil carrot caesar salad fish pepper tomatillo
dish_1561665706,386.348969,228.0,ingr_0000000187;ingr_0000000205;ingr_0000000380,train,"[187, 205, 380]",chickpeas corn on the cob pizza
dish_1562010369,141.166443,69.0,ingr_0000000045;ingr_0000000312;ingr_0000000161;ingr_0000000514;ingr_0000000462;ingr_0000000448;ingr_0000000116;ingr_0000000520;ingr_0000000152;ingr_0000000524;ingr_0000000291;ingr_0000000122,train,"[45, 312, 161, 514, 462, 448, 116, 520, 152, 524, 291, 122]",carrot pepper olive oil wheat berry pork jalapenos mayonnaise lemon juice cabbage parsley salt garlic
dish_1558636028,199.347992,262.0,ingr_0000000440;ingr_0000000205;ingr_0000000037;ingr_0000000077,train,"[440, 205, 37, 77]",grapes corn on the cob cantaloupe almonds
dish_1564685229,591.435242,347.0,ingr_0000000043;ingr_0000000471;ingr_0000000010;ingr_0000000033;ingr_0000000367;ingr_0000000161;ingr_0000000113;ingr_0000000189;ingr_0000000036;ingr_0000000312;ingr_0000000513;ingr_0000000029;ingr_0000000094;ingr_0000000291;ingr_0000000030;ingr_0000000031,train,"[43, 471, 10, 33, 367, 161, 113, 189, 36, 312, 513, 29, 94, 291, 30, 31]",green beans cherry tomatoes steak bell peppers lime olive oil ketchup vinegar spinach (raw) pepper millet mixed greens onions salt lettuce cucumbers
dish_1558631904,80.079994,154.0,ingr_0000000054,train,[54],apple
dish_1561049373,290.75,146.0,ingr_0000000008;ingr_0000000004,train,"[8, 4]",scrambled eggs bacon
dish_1564601638,712.456421,541.0,ingr_0000000161;ingr_0000000072;ingr_0000000471;ingr_0000000517;ingr_0000000342;ingr_0000000291;ingr_0000000527;ingr_0000000518;ingr_0000000133;ingr_0000000122;ingr_0000000200;ingr_0000000028;ingr_0000000312;ingr_0000000318;ingr_0000000433;ingr_0000000049;ingr_0000000016;ingr_0000000221;ingr_0000000524;ingr_0000000520;ingr_0000000514,train,"[161, 72, 471, 517, 342, 291, 527, 518, 133, 122, 200, 28, 312, 318, 433, 49, 16, 221, 524, 520, 514]",olive oil kale cherry tomatoes chard turnips salt chive thyme shallots garlic buttermilk chicken pepper flour roasted potatoes fish brussels sprouts vegetable oil parsley lemon juice wheat berry
dish_1562603536,75.739998,14.0,ingr_0000000004,train,[4],bacon
dish_1561578156,31.990978,97.0,ingr_0000000335;ingr_0000000161;ingr_0000000291,train,"[335, 161, 291]",eggplant olive oil salt
dish_1565195398,135.37854,126.0,ingr_0000000510;ingr_0000000161;ingr_0000000437,train,"[510, 161, 437]",chicken apple sausage olive oil sweet potato
dish_1558638216,55.899998,43.0,ingr_0000000026,train,[26],white rice
dish_1562704640,333.281311,275.0,ingr_0000000025;ingr_0000000291;ingr_0000000161;ingr_0000000133;ingr_0000000511;ingr_0000000094;ingr_0000000021;ingr_0000000189;ingr_0000000525;ingr_0000000513;ingr_0000000007;ingr_0000000011,train,"[25, 291, 161, 133, 511, 94, 21, 189, 525, 513, 7, 11]",beef salt olive oil shallots spinach (cooked) onions squash vinegar bok choy millet cauliflower cheese pizza
dish_1563813395,371.862915,193.0,ingr_0000000291;ingr_0000000312;ingr_0000000016;ingr_0000000161;ingr_0000000004;ingr_0000000038;ingr_0000000039,train,"[291, 312, 16, 161, 4, 38, 39]",salt pepper brussels sprouts olive oil bacon pineapple sausage
dish_1565981802,99.754425,152.0,ingr_0000000045;ingr_0000000291;ingr_0000000050;ingr_0000000312;ingr_0000000161,train,"[45, 291, 50, 312, 161]",carrot salt tofu pepper olive oil
dish_1564170098,50.799999,67.0,ingr_0000000094;ingr_0000000012,train,"[94, 12]",onions olives
dish_1558636902,38.950001,95.0,ingr_0000000045,train,[45],carrot
dish_1563898813,626.508484,382.0,ingr_0000000161;ingr_0000000126;ingr_0000000031;ingr_0000000033;ingr_0000000027;ingr_0000000291;ingr_0000000122;ingr_0000000008;ingr_0000000073;ingr_0000000004;ingr_0000000189,train,"[161, 126, 31, 33, 27, 291, 122, 8, 73, 4, 189]",olive oil mustard cucumbers bell peppers broccoli salt garlic scrambled eggs radishes bacon vinegar
dish_1563910276,375.94339,241.0,ingr_0000000161;ingr_0000000094;ingr_0000000291;ingr_0000000520;ingr_0000000523;ingr_0000000203;ingr_0000000133;ingr_0000000332;ingr_0000000122;ingr_0000000540;ingr_0000000448;ingr_0000000023;ingr_0000000036;ingr_0000000367,train,"[161, 94, 291, 520, 523, 203, 133, 332, 122, 540, 448, 23, 36, 367]",olive oil onions salt lemon juice cilantro chili shallots salmon garlic ginger jalapenos brown rice spinach (raw) lime
dish_1558640074,60.32,116.0,ingr_0000000054,train,[54],apple
dish_1563308323,27.059999,66.0,ingr_0000000045,train,[45],carrot
dish_1558636928,16.02,89.0,ingr_0000000471,train,[471],cherry tomatoes
dish_1562872182,41.539997,296.0,ingr_0000000046;ingr_0000000525,train,"[46, 525]",mushroom bok choy
dish_1565107211,523.634644,799.0,ingr_0000000475;ingr_0000000437;ingr_0000000008;ingr_0000000161;ingr_0000000128;ingr_0000000121;ingr_0000000440,train,"[475, 437, 8, 161, 128, 121, 440]",salsa sweet potato scrambled eggs olive oil egg whites watermelon grapes
dish_1560802562,8.853207,5.0,ingr_0000000161;ingr_0000000520;ingr_0000000153;ingr_0000000291;ingr_0000000072;ingr_0000000524;ingr_0000000187;ingr_0000000312,train,"[161, 520, 153, 291, 72, 524, 187, 312]",olive oil lemon juice bulgur salt kale parsley chickpeas pepper
dish_1558722322,37.720001,92.0,ingr_0000000045,train,[45],carrot
dish_1562169729,25.530136,50.0,ingr_0000000016;ingr_0000000291;ingr_0000000312;ingr_0000000161,train,"[16, 291, 312, 161]",brussels sprouts salt pepper olive oil
dish_1566501258,12.0,30.0,ingr_0000000094,train,[94],onions
dish_1563811439,137.319992,289.0,ingr_0000000037;ingr_0000000128,train,"[37, 128]",cantaloupe egg whites
dish_1566419546,306.436981,177.0,ingr_0000000006;ingr_0000000011,train,"[6, 11]",caesar salad cheese pizza
dish_1557853229,195.929993,126.0,ingr_0000000179,train,[179],eggs
dish_1565811287,16.51,127.0,ingr_0000000525,train,[525],bok choy
dish_1559843690,61.740002,134.0,ingr_0000000002;ingr_0000000005;ingr_0000000027,train,"[2, 5, 27]",strawberries potatoes broccoli
dish_1562947409,103.190002,190.0,ingr_0000000038;ingr_0000000013,train,"[38, 13]",pineapple berries
dish_1563217993,279.708801,337.0,ingr_0000000349;ingr_0000000462;ingr_0000000122;ingr_0000000094;ingr_0000000448;ingr_0000000520;ingr_0000000031;ingr_0000000161;ingr_0000000526;ingr_0000000524;ingr_0000000032;ingr_0000000291;ingr_0000000471;ingr_0000000021;ingr_0000000026;ingr_0000000485;ingr_0000000515;ingr_0000000516;ingr_0000000027;ingr_0000000523;ingr_0000000367,train,"[349, 462, 122, 94, 448, 520, 31, 161, 526, 524, 32, 291, 471, 21, 26, 485, 515, 516, 27, 523, 367]",mangos pork garlic onions jalapenos lemon juice cucumbers olive oil mustard greens parsley tomatoes salt cherry tomatoes squash white rice zucchini arugula rosemary broccoli cilantro lime
dish_1561580322,44.25,76.0,ingr_0000000006;ingr_0000000514,train,"[6, 514]",caesar salad wheat berry
dish_1558550079,73.839996,142.0,ingr_0000000054,train,[54],apple
dish_1561664013,280.443024,163.0,ingr_0000000028;ingr_0000000122;ingr_0000000026;ingr_0000000312;ingr_0000000023;ingr_0000000462;ingr_0000000161;ingr_0000000328;ingr_0000000520;ingr_0000000521;ingr_0000000045;ingr_0000000525;ingr_0000000517;ingr_0000000524;ingr_0000000516;ingr_0000000291;ingr_0000000527;ingr_0000000508,train,"[28, 122, 26, 312, 23, 462, 161, 328, 520, 521, 45, 525, 517, 524, 516, 291, 527, 508]",chicken garlic white rice pepper brown rice pork olive oil sugar lemon juice basil carrot bok choy chard parsley rosemary salt chive soy sauce
dish_1563480534,797.566895,576.0,ingr_0000000122;ingr_0000000092;ingr_0000000520;ingr_0000000094;ingr_0000000448;ingr_0000000023;ingr_0000000046;ingr_0000000025;ingr_0000000074;ingr_0000000007;ingr_0000000133;ingr_0000000203;ingr_0000000523;ingr_0000000367;ingr_0000000291;ingr_0000000027;ingr_0000000434;ingr_0000000161;ingr_0000000518;ingr_0000000341;ingr_0000000036;ingr_0000000540;ingr_0000000332,train,"[122, 92, 520, 94, 448, 23, 46, 25, 74, 7, 133, 203, 523, 367, 291, 27, 434, 161, 518, 341, 36, 540, 332]",garlic wine lemon juice onions jalapenos brown rice mushroom beef pasta cauliflower shallots chili cilantro lime salt broccoli sour cream olive oil thyme cream spinach (raw) ginger salmon
dish_1558375506,73.839996,142.0,ingr_0000000453,train,[453],deprecated
dish_1559838214,43.279999,8.0,ingr_0000000004,train,[4],bacon
dish_1566501153,1006.917969,419.0,ingr_0000000012;ingr_0000000045;ingr_0000000036;ingr_0000000148;ingr_0000000028;ingr_0000000042;ingr_0000000161,train,"[12, 45, 36, 148, 28, 42, 161]",olives carrot spinach (raw) parmesan cheese chicken avocado olive oil
dish_1562689645,302.431702,169.0,ingr_0000000004;ingr_0000000161;ingr_0000000008;ingr_0000000027,train,"[4, 161, 8, 27]",bacon olive oil scrambled eggs broccoli
dish_1567625392,208.233475,171.0,ingr_0000000153;ingr_0000000524;ingr_0000000473;ingr_0000000161;ingr_0000000526;ingr_0000000133;ingr_0000000517;ingr_0000000072;ingr_0000000515;ingr_0000000520;ingr_0000000122;ingr_0000000042;ingr_0000000054;ingr_0000000291,train,"[153, 524, 473, 161, 526, 133, 517, 72, 515, 520, 122, 42, 54, 291]",bulgur parsley cranberries olive oil mustard greens shallots chard kale arugula lemon juice garlic avocado apple salt
dish_1562613340,349.389069,189.0,ingr_0000000054;ingr_0000000010;ingr_0000000515;ingr_0000000094;ingr_0000000520;ingr_0000000161;ingr_0000000122;ingr_0000000526;ingr_0000000523;ingr_0000000291;ingr_0000000038;ingr_0000000026;ingr_0000000072;ingr_0000000448;ingr_0000000189;ingr_0000000425;ingr_0000000070,train,"[54, 10, 515, 94, 520, 161, 122, 526, 523, 291, 38, 26, 72, 448, 189, 425, 70]",apple steak arugula onions lemon juice olive oil garlic mustard greens cilantro salt pineapple white rice kale jalapenos vinegar goat cheese figs
dish_1561578461,522.154663,392.0,ingr_0000000025;ingr_0000000291;ingr_0000000033;ingr_0000000161;ingr_0000000031;ingr_0000000030;ingr_0000000433;ingr_0000000521;ingr_0000000518;ingr_0000000122;ingr_0000000516;ingr_0000000046;ingr_0000000515;ingr_0000000312;ingr_0000000007;ingr_0000000012;ingr_0000000525;ingr_0000000011;ingr_0000000428;ingr_0000000006;ingr_0000000511;ingr_0000000441;ingr_0000000520;ingr_0000000519;ingr_0000000513;ingr_0000000338;ingr_0000000471;ingr_0000000133;ingr_0000000094;ingr_0000000341;ingr_0000000319;ingr_0000000189;ingr_0000000514;ingr_0000000028,train,"[25, 291, 33, 161, 31, 30, 433, 521, 518, 122, 516, 46, 515, 312, 7, 12, 525, 11, 428, 6, 511, 441, 520, 519, 513, 338, 471, 133, 94, 341, 319, 189, 514, 28]",beef salt bell peppers olive oil cucumbers lettuce roasted potatoes basil thyme garlic rosemary mushroom arugula pepper cauliflower olives bok choy cheese pizza white wine caesar salad spinach (cooked) butter lemon juice oregano millet vinaigrette cherry tomatoes shallots onions cream feta cheese vinegar wheat berry chicken
dish_1562010929,457.265839,405.0,ingr_0000000312;ingr_0000000515;ingr_0000000189;ingr_0000000517;ingr_0000000462;ingr_0000000152;ingr_0000000524;ingr_0000000126;ingr_0000000291;ingr_0000000122;ingr_0000000038;ingr_0000000448;ingr_0000000116;ingr_0000000021;ingr_0000000514;ingr_0000000201;ingr_0000000161;ingr_0000000082;ingr_0000000520;ingr_0000000045,train,"[312, 515, 189, 517, 462, 152, 524, 126, 291, 122, 38, 448, 116, 21, 514, 201, 161, 82, 520, 45]",pepper arugula vinegar chard pork cabbage parsley mustard salt garlic pineapple jalapenos mayonnaise squash wheat berry blueberries olive oil pecans lemon juice carrot
dish_1566501324,65.269997,113.0,ingr_0000000094;ingr_0000000045;ingr_0000000012,train,"[94, 45, 12]",onions carrot olives
dish_1568404889,247.288361,219.0,ingr_0000000161;ingr_0000000189;ingr_0000000073;ingr_0000000508;ingr_0000000045;ingr_0000000194;ingr_0000000029;ingr_0000000122;ingr_0000000535;ingr_0000000152;ingr_0000000180,train,"[161, 189, 73, 508, 45, 194, 29, 122, 535, 152, 180]",olive oil vinegar radishes soy sauce carrot fried rice mixed greens garlic green onions cabbage rice noodles
dish_1562946075,557.884033,297.0,ingr_0000000039;ingr_0000000008;ingr_0000000121,train,"[39, 8, 121]",sausage scrambled eggs watermelon
dish_1562184628,444.01001,121.0,ingr_0000000004;ingr_0000000010,train,"[4, 10]",bacon steak
dish_1558641108,96.62999,243.0,ingr_0000000471;ingr_0000000054;ingr_0000000045,train,"[471, 54, 45]",cherry tomatoes apple carrot
dish_1558640917,5.25,21.0,ingr_0000000007,train,[7],cauliflower
dish_1562872498,306.264984,320.0,ingr_0000000049;ingr_0000000045;ingr_0000000524;ingr_0000000122;ingr_0000000485;ingr_0000000516;ingr_0000000520;ingr_0000000472;ingr_0000000036;ingr_0000000021;ingr_0000000538;ingr_0000000515;ingr_0000000527;ingr_0000000291;ingr_0000000367;ingr_0000000518;ingr_0000000161;ingr_0000000521;ingr_0000000043;ingr_0000000434;ingr_0000000539;ingr_0000000028;ingr_0000000514;ingr_0000000525;ingr_0000000047;ingr_0000000312,train,"[49, 45, 524, 122, 485, 516, 520, 472, 36, 21, 538, 515, 527, 291, 367, 518, 161, 521, 43, 434, 539, 28, 514, 525, 47, 312]",fish carrot parsley garlic zucchini rosemary lemon juice couscous spinach (raw) squash jicama arugula chive salt lime thyme olive oil basil green beans sour cream nopales chicken wheat berry bok choy corn pepper
dish_1568316041,149.125931,149.0,ingr_0000000515;ingr_0000000517;ingr_0000000189;ingr_0000000050;ingr_0000000161;ingr_0000000312;ingr_0000000291;ingr_0000000124;ingr_0000000126;ingr_0000000201,train,"[515, 517, 189, 50, 161, 312, 291, 124, 126, 201]",arugula chard vinegar tofu olive oil pepper salt walnuts mustard blueberries
dish_1558459462,58.650002,85.0,ingr_0000000440,train,[440],grapes
dish_1565898544,181.954498,182.0,ingr_0000000133;ingr_0000000471;ingr_0000000540;ingr_0000000094;ingr_0000000520;ingr_0000000367;ingr_0000000122;ingr_0000000523;ingr_0000000332;ingr_0000000012;ingr_0000000448;ingr_0000000023;ingr_0000000036;ingr_0000000291;ingr_0000000161;ingr_0000000203,train,"[133, 471, 540, 94, 520, 367, 122, 523, 332, 12, 448, 23, 36, 291, 161, 203]",shallots cherry tomatoes ginger onions lemon juice lime garlic cilantro salmon olives jalapenos brown rice spinach (raw) salt olive oil chili
dish_1563464670,384.175995,156.0,ingr_0000000495;ingr_0000000264;ingr_0000000031;ingr_0000000243,train,"[495, 264, 31, 243]",cream cheese bagels cucumbers mozzarella cheese
dish_1558636582,530.551025,410.0,ingr_0000000471;ingr_0000000054;ingr_0000000007;ingr_0000000077,train,"[471, 54, 7, 77]",cherry tomatoes apple cauliflower almonds
dish_1558723512,15.99,39.0,ingr_0000000045,train,[45],carrot
dish_1558381084,36.57,53.0,ingr_0000000440,train,[440],grapes
dish_1568401018,587.709961,447.0,ingr_0000000027;ingr_0000000028;ingr_0000000029,train,"[27, 28, 29]",broccoli chicken mixed greens
dish_1560443537,237.639999,411.0,ingr_0000000013;ingr_0000000038;ingr_0000000440,train,"[13, 38, 440]",berries pineapple grapes
dish_1566500988,21.33,63.0,ingr_0000000036;ingr_0000000045,train,"[36, 45]",spinach (raw) carrot
dish_1565379868,560.774963,434.0,ingr_0000000525;ingr_0000000462;ingr_0000000189;ingr_0000000508;ingr_0000000291;ingr_0000000073;ingr_0000000312;ingr_0000000122;ingr_0000000026;ingr_0000000180;ingr_0000000152;ingr_0000000328;ingr_0000000161;ingr_0000000045;ingr_0000000029;ingr_0000000535,train,"[525, 462, 189, 508, 291, 73, 312, 122, 26, 180, 152, 328, 161, 45, 29, 535]",bok choy pork vinegar soy sauce salt radishes pepper garlic white rice rice noodles cabbage sugar olive oil carrot mixed greens green onions
dish_1565119439,465.412231,189.0,ingr_0000000189;ingr_0000000513;ingr_0000000525;ingr_0000000025;ingr_0000000011;ingr_0000000511;ingr_0000000133;ingr_0000000291;ingr_0000000161;ingr_0000000094,train,"[189, 513, 525, 25, 11, 511, 133, 291, 161, 94]",vinegar millet bok choy beef cheese pizza spinach (cooked) shallots salt olive oil onions
dish_1564775147,327.810303,151.0,ingr_0000000332;ingr_0000000515;ingr_0000000116;ingr_0000000524;ingr_0000000072;ingr_0000000133;ingr_0000000161;ingr_0000000122;ingr_0000000312;ingr_0000000471;ingr_0000000081;ingr_0000000291;ingr_0000000357;ingr_0000000520;ingr_0000000527,train,"[332, 515, 116, 524, 72, 133, 161, 122, 312, 471, 81, 291, 357, 520, 527]",salmon arugula mayonnaise parsley kale shallots olive oil garlic pepper cherry tomatoes pickles salt lentils lemon juice chive
dish_1565640772,241.169998,191.0,ingr_0000000028;ingr_0000000029,train,"[28, 29]",chicken mixed greens
dish_1561737271,762.381958,520.0,ingr_0000000039;ingr_0000000015;ingr_0000000038;ingr_0000000027;ingr_0000000128,train,"[39, 15, 38, 27, 128]",sausage hash browns pineapple broccoli egg whites
dish_1565640868,395.97998,406.0,ingr_0000000012;ingr_0000000029;ingr_0000000320;ingr_0000000031;ingr_0000000028,train,"[12, 29, 320, 31, 28]",olives mixed greens black beans cucumbers chicken
dish_1558114937,13.72,49.0,ingr_0000000029,train,[29],mixed greens
dish_1558379182,323.736023,56.0,ingr_0000000077,train,[77],almonds
dish_1558725226,19.75,79.0,ingr_0000000007,train,[7],cauliflower
dish_1563389413,34.649998,99.0,ingr_0000000027,train,[27],broccoli
dish_1563826306,882.837463,312.0,ingr_0000000122;ingr_0000000367;ingr_0000000291;ingr_0000000257;ingr_0000000161;ingr_0000000514;ingr_0000000010;ingr_0000000392;ingr_0000000007,train,"[122, 367, 291, 257, 161, 514, 10, 392, 7]",garlic lime salt brownies olive oil wheat berry steak pepperoni pizza cauliflower
dish_1567538263,70.70092,56.0,ingr_0000000515;ingr_0000000524;ingr_0000000161;ingr_0000000520;ingr_0000000291;ingr_0000000213;ingr_0000000312;ingr_0000000122;ingr_0000000187,train,"[515, 524, 161, 520, 291, 213, 312, 122, 187]",arugula parsley olive oil lemon juice salt pears pepper garlic chickpeas
dish_1563305653,25.74,117.0,ingr_0000000046,train,[46],mushroom
dish_1559245589,25.562342,52.0,ingr_0000000045;ingr_0000000291;ingr_0000000312;ingr_0000000161,train,"[45, 291, 312, 161]",carrot salt pepper olive oil
dish_1566330399,265.190887,126.0,ingr_0000000189;ingr_0000000525;ingr_0000000513;ingr_0000000025;ingr_0000000291;ingr_0000000133;ingr_0000000511;ingr_0000000161;ingr_0000000094,train,"[189, 525, 513, 25, 291, 133, 511, 161, 94]",vinegar bok choy millet beef salt shallots spinach (cooked) olive oil onions
dish_1561579673,221.304153,360.0,ingr_0000000518;ingr_0000000521;ingr_0000000046;ingr_0000000312;ingr_0000000007;ingr_0000000433;ingr_0000000122;ingr_0000000520;ingr_0000000516;ingr_0000000161;ingr_0000000335;ingr_0000000519;ingr_0000000515;ingr_0000000028;ingr_0000000133;ingr_0000000291;ingr_0000000441;ingr_0000000428;ingr_0000000341;ingr_0000000514,train,"[518, 521, 46, 312, 7, 433, 122, 520, 516, 161, 335, 519, 515, 28, 133, 291, 441, 428, 341, 514]",thyme basil mushroom pepper cauliflower roasted potatoes garlic lemon juice rosemary olive oil eggplant oregano arugula chicken shallots salt butter white wine cream wheat berry
dish_1565640365,720.890137,623.0,ingr_0000000514;ingr_0000000161;ingr_0000000518;ingr_0000000291;ingr_0000000033;ingr_0000000122;ingr_0000000471;ingr_0000000244;ingr_0000000392;ingr_0000000148;ingr_0000000036,train,"[514, 161, 518, 291, 33, 122, 471, 244, 392, 148, 36]",wheat berry olive oil thyme salt bell peppers garlic cherry tomatoes chicken breast pepperoni pizza parmesan cheese spinach (raw)
dish_1566333324,608.104553,476.0,ingr_0000000011;ingr_0000000511;ingr_0000000312;ingr_0000000161;ingr_0000000094;ingr_0000000007;ingr_0000000006;ingr_0000000122;ingr_0000000525;ingr_0000000028;ingr_0000000025;ingr_0000000133;ingr_0000000032;ingr_0000000033;ingr_0000000016;ingr_0000000189;ingr_0000000036;ingr_0000000448;ingr_0000000513;ingr_0000000194;ingr_0000000291,train,"[11, 511, 312, 161, 94, 7, 6, 122, 525, 28, 25, 133, 32, 33, 16, 189, 36, 448, 513, 194, 291]",cheese pizza spinach (cooked) pepper olive oil onions cauliflower caesar salad garlic bok choy chicken beef shallots tomatoes bell peppers brussels sprouts vinegar spinach (raw) jalapenos millet fried rice salt
dish_1565378731,154.358154,207.0,ingr_0000000514;ingr_0000000045;ingr_0000000291;ingr_0000000312;ingr_0000000161,train,"[514, 45, 291, 312, 161]",wheat berry carrot salt pepper olive oil
dish_1558628956,9.044001,14.0,ingr_0000000003,train,[3],garden salad
dish_1558116090,30.940001,91.0,ingr_0000000037,train,[37],cantaloupe
dish_1559841091,163.423492,166.0,ingr_0000000041;ingr_0000000510;ingr_0000000437;ingr_0000000192,train,"[41, 510, 437, 192]",blackberries chicken apple sausage sweet potato yam
dish_1568061145,187.053268,196.0,ingr_0000000011;ingr_0000000161;ingr_0000000021;ingr_0000000291,train,"[11, 161, 21, 291]",cheese pizza olive oil squash salt
dish_1560973936,75.243256,44.0,ingr_0000000291;ingr_0000000312;ingr_0000000058;ingr_0000000515;ingr_0000000082;ingr_0000000126;ingr_0000000129;ingr_0000000161;ingr_0000000367,train,"[291, 312, 58, 515, 82, 126, 129, 161, 367]",salt pepper orange arugula pecans mustard raisins olive oil lime
dish_1567537422,109.319298,203.0,ingr_0000000030;ingr_0000000033;ingr_0000000027;ingr_0000000161;ingr_0000000031;ingr_0000000094;ingr_0000000319;ingr_0000000037;ingr_0000000338;ingr_0000000012;ingr_0000000471,train,"[30, 33, 27, 161, 31, 94, 319, 37, 338, 12, 471]",lettuce bell peppers broccoli olive oil cucumbers onions feta cheese cantaloupe vinaigrette olives cherry tomatoes
dish_1561579576,78.00235,267.0,ingr_0000000007;ingr_0000000161;ingr_0000000291;ingr_0000000335,train,"[7, 161, 291, 335]",cauliflower olive oil salt eggplant
dish_1562007817,444.121399,391.0,ingr_0000000122;ingr_0000000133;ingr_0000000377;ingr_0000000016;ingr_0000000518;ingr_0000000514;ingr_0000000152;ingr_0000000520;ingr_0000000006;ingr_0000000045;ingr_0000000312;ingr_0000000116;ingr_0000000448;ingr_0000000515;ingr_0000000462;ingr_0000000161;ingr_0000000524;ingr_0000000291,train,"[122, 133, 377, 16, 518, 514, 152, 520, 6, 45, 312, 116, 448, 515, 462, 161, 524, 291]",garlic shallots quinoa brussels sprouts thyme wheat berry cabbage lemon juice caesar salad carrot pepper mayonnaise jalapenos arugula pork olive oil parsley salt
dish_1563827482,894.521667,621.0,ingr_0000000006;ingr_0000000122;ingr_0000000027;ingr_0000000485;ingr_0000000367;ingr_0000000161;ingr_0000000010;ingr_0000000021;ingr_0000000514;ingr_0000000291;ingr_0000000007,train,"[6, 122, 27, 485, 367, 161, 10, 21, 514, 291, 7]",caesar salad garlic broccoli zucchini lime olive oil steak squash wheat berry salt cauliflower
dish_1562010315,671.106934,477.0,ingr_0000000006;ingr_0000000448;ingr_0000000462;ingr_0000000312;ingr_0000000514;ingr_0000000116;ingr_0000000016;ingr_0000000045;ingr_0000000122;ingr_0000000152;ingr_0000000291;ingr_0000000524;ingr_0000000520;ingr_0000000161,train,"[6, 448, 462, 312, 514, 116, 16, 45, 122, 152, 291, 524, 520, 161]",caesar salad jalapenos pork pepper wheat berry mayonnaise brussels sprouts carrot garlic cabbage salt parsley lemon juice olive oil
dish_1566402160,458.716125,697.0,ingr_0000000128;ingr_0000000121;ingr_0000000192;ingr_0000000037;ingr_0000000437;ingr_0000000161,train,"[128, 121, 192, 37, 437, 161]",egg whites watermelon yam cantaloupe sweet potato olive oil
dish_1562946106,578.963989,359.0,ingr_0000000037;ingr_0000000121;ingr_0000000039;ingr_0000000008,train,"[37, 121, 39, 8]",cantaloupe watermelon sausage scrambled eggs
dish_1562784266,131.804001,76.0,ingr_0000000205;ingr_0000000380,train,"[205, 380]",corn on the cob pizza
dish_1565798617,197.705719,311.0,ingr_0000000030;ingr_0000000312;ingr_0000000029;ingr_0000000161;ingr_0000000128;ingr_0000000013;ingr_0000000094;ingr_0000000031;ingr_0000000189;ingr_0000000027;ingr_0000000291;ingr_0000000471;ingr_0000000367,train,"[30, 312, 29, 161, 128, 13, 94, 31, 189, 27, 291, 471, 367]",lettuce pepper mixed greens olive oil egg whites berries onions cucumbers vinegar broccoli salt cherry tomatoes lime
dish_1564169254,161.75,201.0,ingr_0000000273;ingr_0000000121,train,"[273, 121]",sandwiches watermelon
dish_1562874282,427.879974,469.0,ingr_0000000047;ingr_0000000122;ingr_0000000527;ingr_0000000006;ingr_0000000539;ingr_0000000161;ingr_0000000312;ingr_0000000043;ingr_0000000367;ingr_0000000434;ingr_0000000524;ingr_0000000291;ingr_0000000538;ingr_0000000515;ingr_0000000049;ingr_0000000045,train,"[47, 122, 527, 6, 539, 161, 312, 43, 367, 434, 524, 291, 538, 515, 49, 45]",corn garlic chive caesar salad nopales olive oil pepper green beans lime sour cream parsley salt jicama arugula fish carrot
dish_1560799407,220.901733,122.0,ingr_0000000462;ingr_0000000036;ingr_0000000364;ingr_0000000026;ingr_0000000524;ingr_0000000520;ingr_0000000161;ingr_0000000473;ingr_0000000515;ingr_0000000129;ingr_0000000122;ingr_0000000045;ingr_0000000094;ingr_0000000291;ingr_0000000516;ingr_0000000485,train,"[462, 36, 364, 26, 524, 520, 161, 473, 515, 129, 122, 45, 94, 291, 516, 485]",pork spinach (raw) sunflower seeds white rice parsley lemon juice olive oil cranberries arugula raisins garlic carrot onions salt rosemary zucchini
dish_1558720289,20.0,80.0,ingr_0000000007,train,[7],cauliflower
dish_1558373492,888.22998,325.0,ingr_0000000037;ingr_0000000077;ingr_0000000039;ingr_0000000440,train,"[37, 77, 39, 440]",cantaloupe almonds sausage grapes
dish_1558630737,22.25,89.0,ingr_0000000007,train,[7],cauliflower
dish_1559581333,415.946747,234.0,ingr_0000000161;ingr_0000000189;ingr_0000000004;ingr_0000000179;ingr_0000000471;ingr_0000000030;ingr_0000000367;ingr_0000000291;ingr_0000000029;ingr_0000000312;ingr_0000000094;ingr_0000000031,train,"[161, 189, 4, 179, 471, 30, 367, 291, 29, 312, 94, 31]",olive oil vinegar bacon eggs cherry tomatoes lettuce lime salt mixed greens pepper onions cucumbers
dish_1563984771,582.809204,388.0,ingr_0000000029;ingr_0000000294;ingr_0000000040;ingr_0000000041;ingr_0000000510;ingr_0000000338;ingr_0000000008,train,"[29, 294, 40, 41, 510, 338, 8]",mixed greens granola raspberries blackberries chicken apple sausage vinaigrette scrambled eggs
dish_1568405499,562.269348,419.0,ingr_0000000073;ingr_0000000312;ingr_0000000189;ingr_0000000515;ingr_0000000152;ingr_0000000023;ingr_0000000526;ingr_0000000518;ingr_0000000032;ingr_0000000045;ingr_0000000291;ingr_0000000332;ingr_0000000038;ingr_0000000036;ingr_0000000031;ingr_0000000126;ingr_0000000161;ingr_0000000180;ingr_0000000029;ingr_0000000122;ingr_0000000508;ingr_0000000535,train,"[73, 312, 189, 515, 152, 23, 526, 518, 32, 45, 291, 332, 38, 36, 31, 126, 161, 180, 29, 122, 508, 535]",radishes pepper vinegar arugula cabbage brown rice mustard greens thyme tomatoes carrot salt salmon pineapple spinach (raw) cucumbers mustard olive oil rice noodles mixed greens garlic soy sauce green onions
dish_1563216659,190.057999,173.0,ingr_0000000122;ingr_0000000471;ingr_0000000244;ingr_0000000036;ingr_0000000148;ingr_0000000514;ingr_0000000021;ingr_0000000161;ingr_0000000518;ingr_0000000291,train,"[122, 471, 244, 36, 148, 514, 21, 161, 518, 291]",garlic cherry tomatoes chicken breast spinach (raw) parmesan cheese wheat berry squash olive oil thyme salt
dish_1558723568,179.618988,356.0,ingr_0000000037;ingr_0000000205;ingr_0000000045;ingr_0000000007;ingr_0000000054,train,"[37, 205, 45, 7, 54]",cantaloupe corn on the cob carrot cauliflower apple
dish_1561661500,374.775665,268.0,ingr_0000000122;ingr_0000000291;ingr_0000000508;ingr_0000000328;ingr_0000000031;ingr_0000000462;ingr_0000000312;ingr_0000000525;ingr_0000000026,train,"[122, 291, 508, 328, 31, 462, 312, 525, 26]",garlic salt soy sauce sugar cucumbers pork pepper bok choy white rice
dish_1558026623,29.880001,83.0,ingr_0000000112,train,[112],honeydew melons
dish_1564170173,79.880005,176.0,ingr_0000000033;ingr_0000000094;ingr_0000000471;ingr_0000000012,train,"[33, 94, 471, 12]",bell peppers onions cherry tomatoes olives
dish_1560543557,87.869995,191.0,ingr_0000000032;ingr_0000000023;ingr_0000000012;ingr_0000000006,train,"[32, 23, 12, 6]",tomatoes brown rice olives caesar salad
dish_1558724992,456.699005,79.0,ingr_0000000077,train,[77],almonds
dish_1558373284,389.39801,113.0,ingr_0000000039,train,[39],sausage
dish_1568405273,386.199768,288.0,ingr_0000000032;ingr_0000000332;ingr_0000000189;ingr_0000000031;ingr_0000000072;ingr_0000000126;ingr_0000000518;ingr_0000000312;ingr_0000000291;ingr_0000000023;ingr_0000000148;ingr_0000000036;ingr_0000000515;ingr_0000000526;ingr_0000000140;ingr_0000000161;ingr_0000000122;ingr_0000000306,train,"[32, 332, 189, 31, 72, 126, 518, 312, 291, 23, 148, 36, 515, 526, 140, 161, 122, 306]",tomatoes salmon vinegar cucumbers kale mustard thyme pepper salt brown rice parmesan cheese spinach (raw) arugula mustard greens caesar dressing olive oil garlic croutons
dish_1563391375,84.283714,139.0,ingr_0000000523;ingr_0000000291;ingr_0000000094;ingr_0000000520;ingr_0000000161;ingr_0000000448;ingr_0000000021;ingr_0000000377;ingr_0000000049;ingr_0000000515;ingr_0000000122;ingr_0000000312;ingr_0000000541,train,"[523, 291, 94, 520, 161, 448, 21, 377, 49, 515, 122, 312, 541]",cilantro salt onions lemon juice olive oil jalapenos squash quinoa fish arugula garlic pepper tomatillo
dish_1562008429,94.465088,69.0,ingr_0000000448;ingr_0000000520;ingr_0000000514;ingr_0000000462;ingr_0000000045;ingr_0000000312;ingr_0000000291;ingr_0000000152;ingr_0000000031;ingr_0000000122;ingr_0000000161;ingr_0000000524;ingr_0000000116,train,"[448, 520, 514, 462, 45, 312, 291, 152, 31, 122, 161, 524, 116]",jalapenos lemon juice wheat berry pork carrot pepper salt cabbage cucumbers garlic olive oil parsley mayonnaise
dish_1562702044,44.034069,177.0,ingr_0000000161;ingr_0000000021;ingr_0000000291;ingr_0000000471;ingr_0000000007,train,"[161, 21, 291, 471, 7]",olive oil squash salt cherry tomatoes cauliflower
dish_1561060531,162.078995,177.0,ingr_0000000525;ingr_0000000016;ingr_0000000011;ingr_0000000038,train,"[525, 16, 11, 38]",bok choy brussels sprouts cheese pizza pineapple
dish_1560453132,142.09024,108.0,ingr_0000000126;ingr_0000000036;ingr_0000000161;ingr_0000000077;ingr_0000000045;ingr_0000000291;ingr_0000000524;ingr_0000000201;ingr_0000000189,train,"[126, 36, 161, 77, 45, 291, 524, 201, 189]",mustard spinach (raw) olive oil almonds carrot salt parsley blueberries vinegar
dish_1565637578,197.301407,168.0,ingr_0000000038;ingr_0000000148;ingr_0000000291;ingr_0000000518;ingr_0000000161;ingr_0000000514;ingr_0000000122;ingr_0000000036;ingr_0000000471;ingr_0000000377;ingr_0000000244,train,"[38, 148, 291, 518, 161, 514, 122, 36, 471, 377, 244]",pineapple parmesan cheese salt thyme olive oil wheat berry garlic spinach (raw) cherry tomatoes quinoa chicken breast
dish_1559149688,281.454987,181.0,ingr_0000000179,train,[179],eggs
dish_1558373639,5.6,20.0,ingr_0000000029,train,[29],mixed greens
dish_1562602832,144.182281,188.0,ingr_0000000002;ingr_0000000545;ingr_0000000543;ingr_0000000502,train,"[2, 545, 543, 502]",strawberries greek yogurt chia seeds milk
dish_1558026714,129.839996,24.0,ingr_0000000004,train,[4],bacon
dish_1561404956,97.600792,82.0,ingr_0000000535;ingr_0000000026;ingr_0000000189;ingr_0000000540;ingr_0000000148;ingr_0000000508;ingr_0000000306;ingr_0000000028;ingr_0000000036;ingr_0000000043;ingr_0000000072;ingr_0000000140;ingr_0000000161;ingr_0000000291;ingr_0000000122;ingr_0000000027,train,"[535, 26, 189, 540, 148, 508, 306, 28, 36, 43, 72, 140, 161, 291, 122, 27]",green onions white rice vinegar ginger parmesan cheese soy sauce croutons chicken spinach (raw) green beans kale caesar dressing olive oil salt garlic broccoli
dish_1568315040,555.92041,400.0,ingr_0000000042;ingr_0000000448;ingr_0000000036;ingr_0000000023;ingr_0000000540;ingr_0000000203;ingr_0000000122;ingr_0000000511;ingr_0000000094;ingr_0000000291;ingr_0000000367;ingr_0000000520;ingr_0000000377;ingr_0000000523;ingr_0000000189;ingr_0000000332;ingr_0000000025;ingr_0000000513;ingr_0000000525;ingr_0000000046;ingr_0000000133;ingr_0000000032;ingr_0000000161,train,"[42, 448, 36, 23, 540, 203, 122, 511, 94, 291, 367, 520, 377, 523, 189, 332, 25, 513, 525, 46, 133, 32, 161]",avocado jalapenos spinach (raw) brown rice ginger chili garlic spinach (cooked) onions salt lime lemon juice quinoa cilantro vinegar salmon beef millet bok choy mushroom shallots tomatoes olive oil
dish_1565379827,150.530945,235.0,ingr_0000000189;ingr_0000000508;ingr_0000000122;ingr_0000000073;ingr_0000000312;ingr_0000000029;ingr_0000000045;ingr_0000000291;ingr_0000000152;ingr_0000000535;ingr_0000000161;ingr_0000000180,train,"[189, 508, 122, 73, 312, 29, 45, 291, 152, 535, 161, 180]",vinegar soy sauce garlic radishes pepper mixed greens carrot salt cabbage green onions olive oil rice noodles
dish_1564691420,212.347305,226.0,ingr_0000000029;ingr_0000000367;ingr_0000000030;ingr_0000000291;ingr_0000000031;ingr_0000000094;ingr_0000000161;ingr_0000000312;ingr_0000000189;ingr_0000000205;ingr_0000000043;ingr_0000000471,train,"[29, 367, 30, 291, 31, 94, 161, 312, 189, 205, 43, 471]",mixed greens lime lettuce salt cucumbers onions olive oil pepper vinegar corn on the cob green beans cherry tomatoes
dish_1565725095,121.720001,257.0,ingr_0000000471;ingr_0000000012;ingr_0000000045;ingr_0000000033,train,"[471, 12, 45, 33]",cherry tomatoes olives carrot bell peppers
dish_1558638844,80.079994,154.0,ingr_0000000054,train,[54],apple
dish_1558379273,227.436005,66.0,ingr_0000000039,train,[39],sausage
dish_1564761426,207.569,202.0,ingr_0000000128;ingr_0000000194,train,"[128, 194]",egg whites fried rice
dish_1562876645,220.774597,112.0,ingr_0000000312;ingr_0000000028;ingr_0000000021;ingr_0000000036;ingr_0000000520;ingr_0000000521;ingr_0000000516;ingr_0000000122;ingr_0000000161;ingr_0000000485;ingr_0000000291;ingr_0000000524;ingr_0000000514;ingr_0000000518;ingr_0000000011,train,"[312, 28, 21, 36, 520, 521, 516, 122, 161, 485, 291, 524, 514, 518, 11]",pepper chicken squash spinach (raw) lemon juice basil rosemary garlic olive oil zucchini salt parsley wheat berry thyme cheese pizza
dish_1563900205,262.261963,301.0,ingr_0000000437;ingr_0000000027;ingr_0000000161;ingr_0000000008;ingr_0000000037,train,"[437, 27, 161, 8, 37]",sweet potato broccoli olive oil scrambled eggs cantaloupe
dish_1561580278,23.32,53.0,ingr_0000000006,train,[6],caesar salad
dish_1563824065,15.51,66.0,ingr_0000000485;ingr_0000000027;ingr_0000000021,train,"[485, 27, 21]",zucchini broccoli squash
dish_1566316612,665.237,367.0,ingr_0000000015;ingr_0000000004;ingr_0000000189;ingr_0000000073;ingr_0000000008;ingr_0000000122;ingr_0000000033;ingr_0000000291;ingr_0000000335;ingr_0000000126;ingr_0000000031;ingr_0000000161,train,"[15, 4, 189, 73, 8, 122, 33, 291, 335, 126, 31, 161]",hash browns bacon vinegar radishes scrambled eggs garlic bell peppers salt eggplant mustard cucumbers olive oil
dish_1558373687,306.694,89.0,ingr_0000000039,train,[39],sausage
dish_1562949494,68.545609,149.0,ingr_0000000525;ingr_0000000161;ingr_0000000013,train,"[525, 161, 13]",bok choy olive oil berries
dish_1562945499,454.508362,625.0,ingr_0000000013;ingr_0000000027;ingr_0000000545;ingr_0000000437;ingr_0000000161;ingr_0000000440;ingr_0000000543;ingr_0000000502;ingr_0000000128,train,"[13, 27, 545, 437, 161, 440, 543, 502, 128]",berries broccoli greek yogurt sweet potato olive oil grapes chia seeds milk egg whites
dish_1564429843,395.729828,474.0,ingr_0000000312;ingr_0000000122;ingr_0000000520;ingr_0000000524;ingr_0000000152;ingr_0000000515;ingr_0000000007;ingr_0000000377;ingr_0000000133;ingr_0000000045;ingr_0000000161;ingr_0000000518;ingr_0000000116;ingr_0000000448;ingr_0000000514;ingr_0000000462;ingr_0000000021;ingr_0000000291,train,"[312, 122, 520, 524, 152, 515, 7, 377, 133, 45, 161, 518, 116, 448, 514, 462, 21, 291]",pepper garlic lemon juice parsley cabbage arugula cauliflower quinoa shallots carrot olive oil thyme mayonnaise jalapenos wheat berry pork squash salt
dish_1565728634,436.406616,418.0,ingr_0000000525;ingr_0000000513;ingr_0000000028;ingr_0000000025;ingr_0000000189;ingr_0000000514;ingr_0000000433;ingr_0000000520;ingr_0000000291;ingr_0000000011;ingr_0000000122;ingr_0000000038;ingr_0000000036;ingr_0000000021;ingr_0000000161;ingr_0000000518;ingr_0000000094;ingr_0000000524;ingr_0000000027;ingr_0000000133;ingr_0000000511,train,"[525, 513, 28, 25, 189, 514, 433, 520, 291, 11, 122, 38, 36, 21, 161, 518, 94, 524, 27, 133, 511]",bok choy millet chicken beef vinegar wheat berry roasted potatoes lemon juice salt cheese pizza garlic pineapple spinach (raw) squash olive oil thyme onions parsley broccoli shallots spinach (cooked)
dish_1564685144,26.1625,50.0,ingr_0000000043;ingr_0000000161,train,"[43, 161]",green beans olive oil
dish_1565203094,898.019653,485.0,ingr_0000000516;ingr_0000000524;ingr_0000000122;ingr_0000000028;ingr_0000000380;ingr_0000000291;ingr_0000000527;ingr_0000000520;ingr_0000000517;ingr_0000000521;ingr_0000000161;ingr_0000000023,train,"[516, 524, 122, 28, 380, 291, 527, 520, 517, 521, 161, 23]",rosemary parsley garlic chicken pizza salt chive lemon juice chard basil olive oil brown rice
dish_1560368162,41.639214,178.0,ingr_0000000161;ingr_0000000471;ingr_0000000046;ingr_0000000291;ingr_0000000335,train,"[161, 471, 46, 291, 335]",olive oil cherry tomatoes mushroom salt eggplant
dish_1559233055,25.194,39.0,ingr_0000000003,train,[3],garden salad
dish_1562704528,148.903992,56.0,ingr_0000000011,train,[11],cheese pizza
dish_1565884692,212.159988,408.0,ingr_0000000128,train,[128],egg whites
dish_1565031283,252.680466,116.0,ingr_0000000072;ingr_0000000094;ingr_0000000161;ingr_0000000535;ingr_0000000027;ingr_0000000122;ingr_0000000203;ingr_0000000025;ingr_0000000026;ingr_0000000508;ingr_0000000291;ingr_0000000498;ingr_0000000189,train,"[72, 94, 161, 535, 27, 122, 203, 25, 26, 508, 291, 498, 189]",kale onions olive oil green onions broccoli garlic chili beef white rice soy sauce salt orange juice vinegar
dish_1558640593,60.32,116.0,ingr_0000000054,train,[54],apple
dish_1562687554,409.334595,281.0,ingr_0000000013;ingr_0000000291;ingr_0000000126;ingr_0000000031;ingr_0000000161;ingr_0000000337;ingr_0000000510;ingr_0000000189;ingr_0000000112;ingr_0000000073;ingr_0000000122;ingr_0000000033,train,"[13, 291, 126, 31, 161, 337, 510, 189, 112, 73, 122, 33]",berries salt mustard cucumbers olive oil waffles chicken apple sausage vinegar honeydew melons radishes garlic bell peppers
dish_1561145732,19.698,67.0,ingr_0000000537,train,[537],orange with peel
dish_1560539314,165.738342,158.0,ingr_0000000049;ingr_0000000377;ingr_0000000541;ingr_0000000448;ingr_0000000515;ingr_0000000520;ingr_0000000094;ingr_0000000291;ingr_0000000523;ingr_0000000161;ingr_0000000122;ingr_0000000312,train,"[49, 377, 541, 448, 515, 520, 94, 291, 523, 161, 122, 312]",fish quinoa tomatillo jalapenos arugula lemon juice onions salt cilantro olive oil garlic pepper
dish_1558639221,24.5,98.0,ingr_0000000007,train,[7],cauliflower
dish_1559172356,313.103912,176.0,ingr_0000000291;ingr_0000000023;ingr_0000000515;ingr_0000000312;ingr_0000000332;ingr_0000000518;ingr_0000000161,train,"[291, 23, 515, 312, 332, 518, 161]",salt brown rice arugula pepper salmon thyme olive oil
dish_1562959344,5.54,44.0,ingr_0000000073;ingr_0000000031,train,"[73, 31]",radishes cucumbers
dish_1563811639,217.139999,198.0,ingr_0000000002;ingr_0000000008,train,"[2, 8]",strawberries scrambled eggs
dish_1562860723,87.909996,160.0,ingr_0000000013;ingr_0000000038,train,"[13, 38]",berries pineapple
dish_1559232986,189.349991,35.0,ingr_0000000004,train,[4],bacon
dish_1561737176,403.182007,117.0,ingr_0000000039,train,[39],sausage
dish_1567537280,733.018555,404.0,ingr_0000000203;ingr_0000000094;ingr_0000000072;ingr_0000000498;ingr_0000000508;ingr_0000000535;ingr_0000000045;ingr_0000000312;ingr_0000000026;ingr_0000000189;ingr_0000000161;ingr_0000000011;ingr_0000000291;ingr_0000000122;ingr_0000000027;ingr_0000000025,train,"[203, 94, 72, 498, 508, 535, 45, 312, 26, 189, 161, 11, 291, 122, 27, 25]",chili onions kale orange juice soy sauce green onions carrot pepper white rice vinegar olive oil cheese pizza salt garlic broccoli beef
dish_1561578188,57.990978,201.0,ingr_0000000007;ingr_0000000335;ingr_0000000291;ingr_0000000161,train,"[7, 335, 291, 161]",cauliflower eggplant salt olive oil
dish_1562180089,851.298767,437.0,ingr_0000000221;ingr_0000000161;ingr_0000000200;ingr_0000000318;ingr_0000000028;ingr_0000000004;ingr_0000000122;ingr_0000000021;ingr_0000000291;ingr_0000000520;ingr_0000000518;ingr_0000000524,train,"[221, 161, 200, 318, 28, 4, 122, 21, 291, 520, 518, 524]",vegetable oil olive oil buttermilk flour chicken bacon garlic squash salt lemon juice thyme parsley
dish_1567022251,111.910004,254.0,ingr_0000000094;ingr_0000000471;ingr_0000000012;ingr_0000000045;ingr_0000000033,train,"[94, 471, 12, 45, 33]",onions cherry tomatoes olives carrot bell peppers
dish_1566933401,27.052683,79.0,ingr_0000000525;ingr_0000000161,train,"[525, 161]",bok choy olive oil
dish_1560357832,181.351425,82.0,ingr_0000000126;ingr_0000000337;ingr_0000000189;ingr_0000000031;ingr_0000000036;ingr_0000000526;ingr_0000000161;ingr_0000000291;ingr_0000000122;ingr_0000000032,train,"[126, 337, 189, 31, 36, 526, 161, 291, 122, 32]",mustard waffles vinegar cucumbers spinach (raw) mustard greens olive oil salt garlic tomatoes
dish_1562875870,256.946411,233.0,ingr_0000000049;ingr_0000000515;ingr_0000000538;ingr_0000000539;ingr_0000000291;ingr_0000000367;ingr_0000000045;ingr_0000000472;ingr_0000000047;ingr_0000000312;ingr_0000000161;ingr_0000000434;ingr_0000000527;ingr_0000000524;ingr_0000000122,train,"[49, 515, 538, 539, 291, 367, 45, 472, 47, 312, 161, 434, 527, 524, 122]",fish arugula jicama nopales salt lime carrot couscous corn pepper olive oil sour cream chive parsley garlic
dish_1563302345,265.855438,215.0,ingr_0000000514;ingr_0000000524;ingr_0000000036;ingr_0000000046;ingr_0000000028;ingr_0000000133;ingr_0000000122;ingr_0000000291;ingr_0000000161;ingr_0000000518;ingr_0000000520,train,"[514, 524, 36, 46, 28, 133, 122, 291, 161, 518, 520]",wheat berry parsley spinach (raw) mushroom chicken shallots garlic salt olive oil thyme lemon juice
dish_1566923060,515.820007,248.0,ingr_0000000004;ingr_0000000008;ingr_0000000038;ingr_0000000015,train,"[4, 8, 38, 15]",bacon scrambled eggs pineapple hash browns
dish_1558462036,2.99,13.0,ingr_0000000036,train,[36],spinach (raw)
dish_1558637247,117.770996,111.0,ingr_0000000205,train,[205],corn on the cob
dish_1558028142,21.900002,73.0,ingr_0000000458,train,[458],deprecated
dish_1560543625,560.300903,554.0,ingr_0000000028;ingr_0000000540;ingr_0000000541;ingr_0000000023;ingr_0000000036;ingr_0000000433;ingr_0000000161;ingr_0000000094;ingr_0000000189;ingr_0000000027;ingr_0000000535;ingr_0000000043;ingr_0000000012;ingr_0000000006;ingr_0000000515;ingr_0000000312;ingr_0000000377;ingr_0000000049;ingr_0000000122;ingr_0000000448;ingr_0000000508;ingr_0000000032;ingr_0000000520;ingr_0000000026;ingr_0000000291;ingr_0000000523,train,"[28, 540, 541, 23, 36, 433, 161, 94, 189, 27, 535, 43, 12, 6, 515, 312, 377, 49, 122, 448, 508, 32, 520, 26, 291, 523]",chicken ginger tomatillo brown rice spinach (raw) roasted potatoes olive oil onions vinegar broccoli green onions green beans olives caesar salad arugula pepper quinoa fish garlic jalapenos soy sauce tomatoes lemon juice white rice salt cilantro
dish_1558379639,385.952026,112.0,ingr_0000000039,train,[39],sausage
dish_1559932674,58.279999,124.0,ingr_0000000058,train,[58],orange
dish_1559245801,60.989998,107.0,ingr_0000000013,train,[13],berries
dish_1562873814,106.580215,134.0,ingr_0000000471;ingr_0000000291;ingr_0000000312;ingr_0000000043;ingr_0000000189;ingr_0000000031;ingr_0000000094;ingr_0000000161;ingr_0000000029;ingr_0000000367;ingr_0000000030,train,"[471, 291, 312, 43, 189, 31, 94, 161, 29, 367, 30]",cherry tomatoes salt pepper green beans vinegar cucumbers onions olive oil mixed greens lime lettuce
dish_1566931620,494.579987,461.0,ingr_0000000042;ingr_0000000012;ingr_0000000029;ingr_0000000028;ingr_0000000027,train,"[42, 12, 29, 28, 27]",avocado olives mixed greens chicken broccoli
dish_1567785223,487.712494,261.0,ingr_0000000338;ingr_0000000040;ingr_0000000039;ingr_0000000029;ingr_0000000008;ingr_0000000294;ingr_0000000041,train,"[338, 40, 39, 29, 8, 294, 41]",vinaigrette raspberries sausage mixed greens scrambled eggs granola blackberries
dish_1562873187,64.216751,255.0,ingr_0000000043;ingr_0000000161;ingr_0000000525,train,"[43, 161, 525]",green beans olive oil bok choy
dish_1561491180,236.347488,217.0,ingr_0000000133;ingr_0000000049;ingr_0000000036;ingr_0000000201;ingr_0000000514;ingr_0000000161;ingr_0000000520;ingr_0000000126;ingr_0000000291;ingr_0000000524;ingr_0000000471;ingr_0000000517;ingr_0000000189;ingr_0000000073;ingr_0000000009;ingr_0000000527;ingr_0000000122,train,"[133, 49, 36, 201, 514, 161, 520, 126, 291, 524, 471, 517, 189, 73, 9, 527, 122]",shallots fish spinach (raw) blueberries wheat berry olive oil lemon juice mustard salt parsley cherry tomatoes chard vinegar radishes wild rice chive garlic
dish_1558725702,50.310001,117.0,ingr_0000000016,train,[16],brussels sprouts
dish_1562789240,361.555603,154.0,ingr_0000000471;ingr_0000000524;ingr_0000000521;ingr_0000000520;ingr_0000000094;ingr_0000000291;ingr_0000000011;ingr_0000000027;ingr_0000000122;ingr_0000000462;ingr_0000000189;ingr_0000000023;ingr_0000000161;ingr_0000000133;ingr_0000000312,train,"[471, 524, 521, 520, 94, 291, 11, 27, 122, 462, 189, 23, 161, 133, 312]",cherry tomatoes parsley basil lemon juice onions salt cheese pizza broccoli garlic pork vinegar brown rice olive oil shallots pepper
dish_1559590031,402.746216,269.0,ingr_0000000014;ingr_0000000377;ingr_0000000312;ingr_0000000036;ingr_0000000161;ingr_0000000094;ingr_0000000126;ingr_0000000531;ingr_0000000189;ingr_0000000046;ingr_0000000201;ingr_0000000072;ingr_0000000380;ingr_0000000473;ingr_0000000291;ingr_0000000054,train,"[14, 377, 312, 36, 161, 94, 126, 531, 189, 46, 201, 72, 380, 473, 291, 54]",asparagus quinoa pepper spinach (raw) olive oil onions mustard pumpkin seeds vinegar mushroom blueberries kale pizza cranberries salt apple
dish_1563389693,500.218018,383.0,ingr_0000000045;ingr_0000000105;ingr_0000000471,train,"[45, 105, 471]",carrot grilled chicken cherry tomatoes
dish_1566416388,259.869873,315.0,ingr_0000000291;ingr_0000000433;ingr_0000000161;ingr_0000000335;ingr_0000000043,train,"[291, 433, 161, 335, 43]",salt roasted potatoes olive oil eggplant green beans
dish_1565728388,124.973,47.0,ingr_0000000011,train,[11],cheese pizza
dish_1562963059,369.527283,389.0,ingr_0000000122;ingr_0000000541;ingr_0000000312;ingr_0000000049;ingr_0000000515;ingr_0000000377;ingr_0000000291;ingr_0000000471;ingr_0000000094;ingr_0000000161;ingr_0000000520;ingr_0000000433;ingr_0000000523;ingr_0000000448,train,"[122, 541, 312, 49, 515, 377, 291, 471, 94, 161, 520, 433, 523, 448]",garlic tomatillo pepper fish arugula quinoa salt cherry tomatoes onions olive oil lemon juice roasted potatoes cilantro jalapenos
dish_1560543729,219.529907,213.0,ingr_0000000027;ingr_0000000007;ingr_0000000122;ingr_0000000161;ingr_0000000189;ingr_0000000043;ingr_0000000036;ingr_0000000540;ingr_0000000291;ingr_0000000508;ingr_0000000535;ingr_0000000433;ingr_0000000026;ingr_0000000028,train,"[27, 7, 122, 161, 189, 43, 36, 540, 291, 508, 535, 433, 26, 28]",broccoli cauliflower garlic olive oil vinegar green beans spinach (raw) ginger salt soy sauce green onions roasted potatoes white rice chicken
dish_1564588567,450.666016,312.0,ingr_0000000039;ingr_0000000008;ingr_0000000128,train,"[39, 8, 128]",sausage scrambled eggs egg whites
dish_1558381665,17.85,51.0,ingr_0000000027,train,[27],broccoli
dish_1560455343,53.941677,41.0,ingr_0000000045;ingr_0000000291;ingr_0000000524;ingr_0000000126;ingr_0000000161;ingr_0000000077;ingr_0000000189;ingr_0000000201;ingr_0000000036,train,"[45, 291, 524, 126, 161, 77, 189, 201, 36]",carrot salt parsley mustard olive oil almonds vinegar blueberries spinach (raw)
dish_1565203015,663.939575,397.0,ingr_0000000524;ingr_0000000517;ingr_0000000520;ingr_0000000122;ingr_0000000028;ingr_0000000527;ingr_0000000291;ingr_0000000023;ingr_0000000161;ingr_0000000521;ingr_0000000516,train,"[524, 517, 520, 122, 28, 527, 291, 23, 161, 521, 516]",parsley chard lemon juice garlic chicken chive salt brown rice olive oil basil rosemary
dish_1560455380,60.97168,78.0,ingr_0000000189;ingr_0000000077;ingr_0000000161;ingr_0000000045;ingr_0000000291;ingr_0000000517;ingr_0000000201;ingr_0000000524;ingr_0000000126;ingr_0000000036,train,"[189, 77, 161, 45, 291, 517, 201, 524, 126, 36]",vinegar almonds olive oil carrot salt chard blueberries parsley mustard spinach (raw)
dish_1565721855,479.034454,450.0,ingr_0000000485;ingr_0000000529;ingr_0000000036;ingr_0000000028;ingr_0000000514;ingr_0000000291;ingr_0000000524;ingr_0000000433;ingr_0000000133;ingr_0000000122;ingr_0000000518;ingr_0000000161;ingr_0000000520,train,"[485, 529, 36, 28, 514, 291, 524, 433, 133, 122, 518, 161, 520]",zucchini chayote squash spinach (raw) chicken wheat berry salt parsley roasted potatoes shallots garlic thyme olive oil lemon juice
dish_1567020394,176.15863,265.0,ingr_0000000049;ingr_0000000312;ingr_0000000072;ingr_0000000524;ingr_0000000161;ingr_0000000527;ingr_0000000027;ingr_0000000471;ingr_0000000514;ingr_0000000517;ingr_0000000520;ingr_0000000291;ingr_0000000133;ingr_0000000122;ingr_0000000016,train,"[49, 312, 72, 524, 161, 527, 27, 471, 514, 517, 520, 291, 133, 122, 16]",fish pepper kale parsley olive oil chive broccoli cherry tomatoes wheat berry chard lemon juice salt shallots garlic brussels sprouts
dish_1558723671,38.130001,93.0,ingr_0000000045,train,[45],carrot
dish_1563897395,135.913651,233.0,ingr_0000000037;ingr_0000000437;ingr_0000000161;ingr_0000000027,train,"[37, 437, 161, 27]",cantaloupe sweet potato olive oil broccoli
dish_1561664061,303.643036,269.0,ingr_0000000525;ingr_0000000028;ingr_0000000312;ingr_0000000043;ingr_0000000462;ingr_0000000161;ingr_0000000031;ingr_0000000524;ingr_0000000291;ingr_0000000045;ingr_0000000122;ingr_0000000508;ingr_0000000527;ingr_0000000026;ingr_0000000517;ingr_0000000023;ingr_0000000328;ingr_0000000520;ingr_0000000521;ingr_0000000516,train,"[525, 28, 312, 43, 462, 161, 31, 524, 291, 45, 122, 508, 527, 26, 517, 23, 328, 520, 521, 516]",bok choy chicken pepper green beans pork olive oil cucumbers parsley salt carrot garlic soy sauce chive white rice chard brown rice sugar lemon juice basil rosemary
dish_1558379324,16.32,48.0,ingr_0000000037,train,[37],cantaloupe
dish_1558458584,351.181,142.0,ingr_0000000036;ingr_0000000440;ingr_0000000077,train,"[36, 440, 77]",spinach (raw) grapes almonds
dish_1567024187,334.945831,235.0,ingr_0000000377;ingr_0000000092;ingr_0000000520;ingr_0000000161;ingr_0000000511;ingr_0000000291;ingr_0000000011;ingr_0000000529;ingr_0000000021;ingr_0000000155;ingr_0000000335;ingr_0000000485;ingr_0000000046;ingr_0000000433;ingr_0000000122;ingr_0000000133,train,"[377, 92, 520, 161, 511, 291, 11, 529, 21, 155, 335, 485, 46, 433, 122, 133]",quinoa wine lemon juice olive oil spinach (cooked) salt cheese pizza chayote squash squash chicken thighs eggplant zucchini mushroom roasted potatoes garlic shallots
dish_1558639012,257.436005,490.0,ingr_0000000471;ingr_0000000205;ingr_0000000007;ingr_0000000054;ingr_0000000440,train,"[471, 205, 7, 54, 440]",cherry tomatoes corn on the cob cauliflower apple grapes
dish_1565382733,287.639984,102.0,ingr_0000000392,train,[392],pepperoni pizza
dish_1561575347,554.760071,327.0,ingr_0000000161;ingr_0000000433;ingr_0000000033;ingr_0000000094;ingr_0000000133;ingr_0000000511;ingr_0000000291;ingr_0000000513;ingr_0000000525;ingr_0000000380;ingr_0000000025;ingr_0000000189,train,"[161, 433, 33, 94, 133, 511, 291, 513, 525, 380, 25, 189]",olive oil roasted potatoes bell peppers onions shallots spinach (cooked) salt millet bok choy pizza beef vinegar
dish_1563564707,143.991699,150.0,ingr_0000000140;ingr_0000000306;ingr_0000000072;ingr_0000000205;ingr_0000000148,train,"[140, 306, 72, 205, 148]",caesar dressing croutons kale corn on the cob parmesan cheese
dish_1561575033,354.445312,339.0,ingr_0000000519;ingr_0000000312;ingr_0000000028;ingr_0000000521;ingr_0000000520;ingr_0000000122;ingr_0000000291;ingr_0000000133;ingr_0000000518;ingr_0000000441;ingr_0000000161;ingr_0000000335;ingr_0000000046;ingr_0000000515;ingr_0000000341;ingr_0000000428;ingr_0000000516;ingr_0000000514,train,"[519, 312, 28, 521, 520, 122, 291, 133, 518, 441, 161, 335, 46, 515, 341, 428, 516, 514]",oregano pepper chicken basil lemon juice garlic salt shallots thyme butter olive oil eggplant mushroom arugula cream white wine rosemary wheat berry
dish_1567023375,248.566406,268.0,ingr_0000000050;ingr_0000000077;ingr_0000000517;ingr_0000000201;ingr_0000000189;ingr_0000000082;ingr_0000000515;ingr_0000000045;ingr_0000000126;ingr_0000000161;ingr_0000000122;ingr_0000000409;ingr_0000000040;ingr_0000000291,train,"[50, 77, 517, 201, 189, 82, 515, 45, 126, 161, 122, 409, 40, 291]",tofu almonds chard blueberries vinegar pecans arugula carrot mustard olive oil garlic greek salad raspberries salt
dish_1558721533,18.700001,55.0,ingr_0000000037,train,[37],cantaloupe
dish_1562874049,412.144989,155.0,ingr_0000000011,train,[11],cheese pizza
dish_1562872746,242.363983,203.0,ingr_0000000312;ingr_0000000049;ingr_0000000047;ingr_0000000122;ingr_0000000189;ingr_0000000434;ingr_0000000539;ingr_0000000126;ingr_0000000161;ingr_0000000002;ingr_0000000538;ingr_0000000515;ingr_0000000524;ingr_0000000070;ingr_0000000045;ingr_0000000367;ingr_0000000291;ingr_0000000527,train,"[312, 49, 47, 122, 189, 434, 539, 126, 161, 2, 538, 515, 524, 70, 45, 367, 291, 527]",pepper fish corn garlic vinegar sour cream nopales mustard olive oil strawberries jicama arugula parsley figs carrot lime salt chive
dish_1558638954,89.010002,129.0,ingr_0000000440,train,[440],grapes
dish_1562611824,192.566193,109.0,ingr_0000000291;ingr_0000000187;ingr_0000000161;ingr_0000000526;ingr_0000000524;ingr_0000000189;ingr_0000000515;ingr_0000000312,train,"[291, 187, 161, 526, 524, 189, 515, 312]",salt chickpeas olive oil mustard greens parsley vinegar arugula pepper
dish_1560366389,46.909065,38.0,ingr_0000000126;ingr_0000000161;ingr_0000000124;ingr_0000000291;ingr_0000000312;ingr_0000000517;ingr_0000000189;ingr_0000000201;ingr_0000000515,train,"[126, 161, 124, 291, 312, 517, 189, 201, 515]",mustard olive oil walnuts salt pepper chard vinegar blueberries arugula
dish_1561392632,500.114899,352.0,ingr_0000000161;ingr_0000000031;ingr_0000000126;ingr_0000000004;ingr_0000000013;ingr_0000000291;ingr_0000000033;ingr_0000000122;ingr_0000000027;ingr_0000000008;ingr_0000000073;ingr_0000000189,train,"[161, 31, 126, 4, 13, 291, 33, 122, 27, 8, 73, 189]",olive oil cucumbers mustard bacon berries salt bell peppers garlic broccoli scrambled eggs radishes vinegar
dish_1566499686,674.706787,388.0,ingr_0000000312;ingr_0000000036;ingr_0000000189;ingr_0000000026;ingr_0000000012;ingr_0000000525;ingr_0000000122;ingr_0000000508;ingr_0000000126;ingr_0000000094;ingr_0000000161;ingr_0000000462;ingr_0000000457;ingr_0000000328;ingr_0000000291;ingr_0000000031,train,"[312, 36, 189, 26, 12, 525, 122, 508, 126, 94, 161, 462, 457, 328, 291, 31]",pepper spinach (raw) vinegar white rice olives bok choy garlic soy sauce mustard onions olive oil pork sun dried tomatoes sugar salt cucumbers
dish_1563395510,415.627411,372.0,ingr_0000000027;ingr_0000000045;ingr_0000000291;ingr_0000000367;ingr_0000000161;ingr_0000000524;ingr_0000000485;ingr_0000000047;ingr_0000000312;ingr_0000000377;ingr_0000000523;ingr_0000000238;ingr_0000000122;ingr_0000000434;ingr_0000000448;ingr_0000000036;ingr_0000000320;ingr_0000000515;ingr_0000000052;ingr_0000000251;ingr_0000000155;ingr_0000000021;ingr_0000000541;ingr_0000000011;ingr_0000000049;ingr_0000000471;ingr_0000000203;ingr_0000000033;ingr_0000000520;ingr_0000000152;ingr_0000000094;ingr_0000000032,train,"[27, 45, 291, 367, 161, 524, 485, 47, 312, 377, 523, 238, 122, 434, 448, 36, 320, 515, 52, 251, 155, 21, 541, 11, 49, 471, 203, 33, 520, 152, 94, 32]",broccoli carrot salt lime olive oil parsley zucchini corn pepper quinoa cilantro hominy garlic sour cream jalapenos spinach (raw) black beans arugula cheese tortilla chips chicken thighs squash tomatillo cheese pizza fish cherry tomatoes chili bell peppers lemon juice cabbage onions tomatoes
dish_1563563348,362.641998,294.0,ingr_0000000471;ingr_0000000012;ingr_0000000105;ingr_0000000045;ingr_0000000033,train,"[471, 12, 105, 45, 33]",cherry tomatoes olives grilled chicken carrot bell peppers
dish_1558629818,156.087006,27.0,ingr_0000000077,train,[77],almonds
dish_1568320296,226.014999,85.0,ingr_0000000011,train,[11],cheese pizza
dish_1558116399,7.0,25.0,ingr_0000000029,train,[29],mixed greens
dish_1562875211,282.240021,147.0,ingr_0000000380;ingr_0000000006,train,"[380, 6]",pizza caesar salad
dish_1561492519,271.320007,206.0,ingr_0000000536;ingr_0000000245,train,"[536, 245]",banana with peel wheat bread
dish_1563304333,451.235687,308.0,ingr_0000000306;ingr_0000000291;ingr_0000000028;ingr_0000000036;ingr_0000000524;ingr_0000000520;ingr_0000000140;ingr_0000000161;ingr_0000000122;ingr_0000000514;ingr_0000000148;ingr_0000000072;ingr_0000000518;ingr_0000000133;ingr_0000000433,train,"[306, 291, 28, 36, 524, 520, 140, 161, 122, 514, 148, 72, 518, 133, 433]",croutons salt chicken spinach (raw) parsley lemon juice caesar dressing olive oil garlic wheat berry parmesan cheese kale thyme shallots roasted potatoes
dish_1558723719,231.240005,40.0,ingr_0000000077,train,[77],almonds
dish_1560798744,357.152008,220.0,ingr_0000000027;ingr_0000000011;ingr_0000000050,train,"[27, 11, 50]",broccoli cheese pizza tofu
dish_1558113304,247.070999,175.0,ingr_0000000440;ingr_0000000037;ingr_0000000077,train,"[440, 37, 77]",grapes cantaloupe almonds
dish_1563308428,406.307678,329.0,ingr_0000000498;ingr_0000000508;ingr_0000000189;ingr_0000000094;ingr_0000000072;ingr_0000000161;ingr_0000000122;ingr_0000000203;ingr_0000000045;ingr_0000000025;ingr_0000000026;ingr_0000000335;ingr_0000000291;ingr_0000000433;ingr_0000000027;ingr_0000000535,train,"[498, 508, 189, 94, 72, 161, 122, 203, 45, 25, 26, 335, 291, 433, 27, 535]",orange juice soy sauce vinegar onions kale olive oil garlic chili carrot beef white rice eggplant salt roasted potatoes broccoli green onions
dish_1558630932,292.643982,265.0,ingr_0000000054;ingr_0000000007;ingr_0000000077,train,"[54, 7, 77]",apple cauliflower almonds
dish_1563911255,293.192169,235.0,ingr_0000000194;ingr_0000000291;ingr_0000000516;ingr_0000000520;ingr_0000000161;ingr_0000000094;ingr_0000000036;ingr_0000000043;ingr_0000000377;ingr_0000000122;ingr_0000000033;ingr_0000000032;ingr_0000000448;ingr_0000000513;ingr_0000000312;ingr_0000000028,train,"[194, 291, 516, 520, 161, 94, 36, 43, 377, 122, 33, 32, 448, 513, 312, 28]",fried rice salt rosemary lemon juice olive oil onions spinach (raw) green beans quinoa garlic bell peppers tomatoes jalapenos millet pepper chicken
dish_1563813833,256.865997,207.0,ingr_0000000039;ingr_0000000128,train,"[39, 128]",sausage egg whites
dish_1562775373,329.080017,148.0,ingr_0000000004;ingr_0000000008,train,"[4, 8]",bacon scrambled eggs
dish_1559242221,659.033997,114.0,ingr_0000000077,train,[77],almonds
dish_1566332193,527.450012,504.0,ingr_0000000036;ingr_0000000042;ingr_0000000012;ingr_0000000028;ingr_0000000031,train,"[36, 42, 12, 28, 31]",spinach (raw) avocado olives chicken cucumbers
dish_1563295292,119.019997,22.0,ingr_0000000004,train,[4],bacon
dish_1567106794,102.338257,48.0,ingr_0000000126;ingr_0000000161;ingr_0000000029;ingr_0000000124;ingr_0000000030;ingr_0000000291;ingr_0000000122;ingr_0000000035;ingr_0000000189,train,"[126, 161, 29, 124, 30, 291, 122, 35, 189]",mustard olive oil mixed greens walnuts lettuce salt garlic blue cheese vinegar
dish_1562691566,100.613655,187.0,ingr_0000000027;ingr_0000000161;ingr_0000000128,train,"[27, 161, 128]",broccoli olive oil egg whites
dish_1566414723,728.810608,482.0,ingr_0000000535;ingr_0000000291;ingr_0000000428;ingr_0000000161;ingr_0000000516;ingr_0000000520;ingr_0000000341;ingr_0000000028;ingr_0000000049;ingr_0000000534;ingr_0000000433;ingr_0000000518;ingr_0000000133;ingr_0000000122;ingr_0000000521;ingr_0000000094;ingr_0000000441;ingr_0000000046;ingr_0000000515;ingr_0000000514;ingr_0000000519;ingr_0000000312,train,"[535, 291, 428, 161, 516, 520, 341, 28, 49, 534, 433, 518, 133, 122, 521, 94, 441, 46, 515, 514, 519, 312]",green onions salt white wine olive oil rosemary lemon juice cream chicken fish country rice roasted potatoes thyme shallots garlic basil onions butter mushroom arugula wheat berry oregano pepper
dish_1564589025,48.810734,51.0,ingr_0000000437;ingr_0000000161,train,"[437, 161]",sweet potato olive oil
dish_1558458847,74.360001,143.0,ingr_0000000054,train,[54],apple
dish_1558632130,33.66,99.0,ingr_0000000037,train,[37],cantaloupe
dish_1562787783,114.013741,76.0,ingr_0000000133;ingr_0000000161;ingr_0000000526;ingr_0000000520;ingr_0000000473;ingr_0000000524;ingr_0000000122;ingr_0000000515;ingr_0000000413;ingr_0000000054;ingr_0000000291;ingr_0000000153,train,"[133, 161, 526, 520, 473, 524, 122, 515, 413, 54, 291, 153]",shallots olive oil mustard greens lemon juice cranberries parsley garlic arugula pilaf apple salt bulgur
dish_1567022383,527.088013,508.0,ingr_0000000094;ingr_0000000140;ingr_0000000033;ingr_0000000045;ingr_0000000471;ingr_0000000012;ingr_0000000028;ingr_0000000148,train,"[94, 140, 33, 45, 471, 12, 28, 148]",onions caesar dressing bell peppers carrot cherry tomatoes olives chicken parmesan cheese
dish_1563567663,514.112061,461.0,ingr_0000000049;ingr_0000000189;ingr_0000000517;ingr_0000000471;ingr_0000000514;ingr_0000000082;ingr_0000000520;ingr_0000000524;ingr_0000000133;ingr_0000000515;ingr_0000000161;ingr_0000000201;ingr_0000000205;ingr_0000000072;ingr_0000000126;ingr_0000000291;ingr_0000000527;ingr_0000000122,train,"[49, 189, 517, 471, 514, 82, 520, 524, 133, 515, 161, 201, 205, 72, 126, 291, 527, 122]",fish vinegar chard cherry tomatoes wheat berry pecans lemon juice parsley shallots arugula olive oil blueberries corn on the cob kale mustard salt chive garlic
dish_1563822636,237.019379,258.0,ingr_0000000007;ingr_0000000367;ingr_0000000010;ingr_0000000514;ingr_0000000021;ingr_0000000161;ingr_0000000485;ingr_0000000291;ingr_0000000027;ingr_0000000122;ingr_0000000006,train,"[7, 367, 10, 514, 21, 161, 485, 291, 27, 122, 6]",cauliflower lime steak wheat berry squash olive oil zucchini salt broccoli garlic caesar salad
dish_1560442450,87.761002,149.0,ingr_0000000262,train,[262],yogurt
dish_1566923004,158.820007,153.0,ingr_0000000008;ingr_0000000038,train,"[8, 38]",scrambled eggs pineapple
dish_1558115512,434.196014,126.0,ingr_0000000039,train,[39],sausage
dish_1564588533,236.06601,167.0,ingr_0000000039;ingr_0000000128,train,"[39, 128]",sausage egg whites
dish_1558544427,160.164993,103.0,ingr_0000000179,train,[179],eggs
dish_1561749664,288.197937,162.0,ingr_0000000518;ingr_0000000161;ingr_0000000291;ingr_0000000023;ingr_0000000515;ingr_0000000312;ingr_0000000332,train,"[518, 161, 291, 23, 515, 312, 332]",thyme olive oil salt brown rice arugula pepper salmon
dish_1561578441,387.084412,309.0,ingr_0000000006;ingr_0000000033;ingr_0000000511;ingr_0000000433;ingr_0000000030;ingr_0000000025;ingr_0000000471;ingr_0000000291;ingr_0000000319;ingr_0000000189;ingr_0000000031;ingr_0000000094;ingr_0000000161;ingr_0000000011;ingr_0000000133;ingr_0000000338;ingr_0000000007;ingr_0000000513;ingr_0000000525;ingr_0000000012,train,"[6, 33, 511, 433, 30, 25, 471, 291, 319, 189, 31, 94, 161, 11, 133, 338, 7, 513, 525, 12]",caesar salad bell peppers spinach (cooked) roasted potatoes lettuce beef cherry tomatoes salt feta cheese vinegar cucumbers onions olive oil cheese pizza shallots vinaigrette cauliflower millet bok choy olives
dish_1565897617,356.831787,211.0,ingr_0000000291;ingr_0000000367;ingr_0000000161;ingr_0000000514;ingr_0000000010;ingr_0000000043;ingr_0000000122;ingr_0000000007,train,"[291, 367, 161, 514, 10, 43, 122, 7]",salt lime olive oil wheat berry steak green beans garlic cauliflower
dish_1561665671,158.389008,89.0,ingr_0000000205;ingr_0000000380,train,"[205, 380]",corn on the cob pizza
dish_1558113204,179.210999,31.0,ingr_0000000077,train,[77],almonds
dish_1560356523,497.719971,92.0,ingr_0000000004,train,[4],bacon
dish_1559332487,19.110001,98.0,ingr_0000000485;ingr_0000000529,train,"[485, 529]",zucchini chayote squash
dish_1558628888,111.959999,72.0,ingr_0000000179,train,[179],eggs
dish_1561749016,280.118103,272.0,ingr_0000000332;ingr_0000000528;ingr_0000000291;ingr_0000000126;ingr_0000000471;ingr_0000000518;ingr_0000000161;ingr_0000000189;ingr_0000000023;ingr_0000000515;ingr_0000000312;ingr_0000000029;ingr_0000000112,train,"[332, 528, 291, 126, 471, 518, 161, 189, 23, 515, 312, 29, 112]",salmon celery root salt mustard cherry tomatoes thyme olive oil vinegar brown rice arugula pepper mixed greens honeydew melons
dish_1564601569,208.098145,291.0,ingr_0000000342;ingr_0000000433;ingr_0000000016;ingr_0000000291;ingr_0000000312;ingr_0000000161,train,"[342, 433, 16, 291, 312, 161]",turnips roasted potatoes brussels sprouts salt pepper olive oil
dish_1568044581,386.223419,696.0,ingr_0000000437;ingr_0000000128;ingr_0000000121;ingr_0000000161,train,"[437, 128, 121, 161]",sweet potato egg whites watermelon olive oil
dish_1560787781,108.628998,97.0,ingr_0000000004;ingr_0000000013;ingr_0000000192,train,"[4, 13, 192]",bacon berries yam
dish_1563205982,316.239502,469.0,ingr_0000000128;ingr_0000000192;ingr_0000000013;ingr_0000000510;ingr_0000000437;ingr_0000000038,train,"[128, 192, 13, 510, 437, 38]",egg whites yam berries chicken apple sausage sweet potato pineapple
dish_1558723818,113.527,107.0,ingr_0000000205,train,[205],corn on the cob
dish_1561480414,125.161995,129.0,ingr_0000000080;ingr_0000000013,train,"[80, 13]",turkey bacon berries
dish_1565032714,315.591034,330.0,ingr_0000000189;ingr_0000000161;ingr_0000000002;ingr_0000000070;ingr_0000000291;ingr_0000000021;ingr_0000000126;ingr_0000000515,train,"[189, 161, 2, 70, 291, 21, 126, 515]",vinegar olive oil strawberries figs salt squash mustard arugula
dish_1561049435,338.179993,257.0,ingr_0000000040;ingr_0000000037;ingr_0000000008;ingr_0000000004,train,"[40, 37, 8, 4]",raspberries cantaloupe scrambled eggs bacon
dish_1561407208,44.347641,29.0,ingr_0000000027;ingr_0000000026;ingr_0000000028;ingr_0000000291;ingr_0000000189;ingr_0000000540;ingr_0000000036;ingr_0000000043;ingr_0000000161;ingr_0000000508;ingr_0000000122;ingr_0000000535,train,"[27, 26, 28, 291, 189, 540, 36, 43, 161, 508, 122, 535]",broccoli white rice chicken salt vinegar ginger spinach (raw) green beans olive oil soy sauce garlic green onions
dish_1559062051,56.239998,74.0,ingr_0000000437,train,[437],sweet potato
dish_1562169762,262.330139,210.0,ingr_0000000008;ingr_0000000291;ingr_0000000016;ingr_0000000161;ingr_0000000312,train,"[8, 291, 16, 161, 312]",scrambled eggs salt brussels sprouts olive oil pepper
dish_1563826223,301.086548,139.0,ingr_0000000291;ingr_0000000010;ingr_0000000367;ingr_0000000514;ingr_0000000007;ingr_0000000122;ingr_0000000161,train,"[291, 10, 367, 514, 7, 122, 161]",salt steak lime wheat berry cauliflower garlic olive oil
dish_1558031019,206.442001,197.0,ingr_0000000192;ingr_0000000004;ingr_0000000458;ingr_0000000112,train,"[192, 4, 458, 112]",yam bacon deprecated honeydew melons
dish_1564589308,227.009995,161.0,ingr_0000000433,train,[433],roasted potatoes
dish_1558379391,604.062073,223.0,ingr_0000000037;ingr_0000000039;ingr_0000000077;ingr_0000000440,train,"[37, 39, 77, 440]",cantaloupe sausage almonds grapes
dish_1564086748,443.77182,339.0,ingr_0000000028;ingr_0000000291;ingr_0000000471;ingr_0000000074;ingr_0000000517;ingr_0000000205;ingr_0000000521;ingr_0000000161;ingr_0000000516;ingr_0000000094;ingr_0000000011;ingr_0000000045;ingr_0000000052;ingr_0000000023;ingr_0000000036;ingr_0000000122;ingr_0000000524;ingr_0000000527;ingr_0000000520;ingr_0000000532;ingr_0000000006,train,"[28, 291, 471, 74, 517, 205, 521, 161, 516, 94, 11, 45, 52, 23, 36, 122, 524, 527, 520, 532, 6]",chicken salt cherry tomatoes pasta chard corn on the cob basil olive oil rosemary onions cheese pizza carrot cheese brown rice spinach (raw) garlic parsley chive lemon juice pesto caesar salad
dish_1561752035,454.936401,374.0,ingr_0000000023;ingr_0000000515;ingr_0000000514;ingr_0000000312;ingr_0000000332;ingr_0000000291;ingr_0000000518;ingr_0000000161;ingr_0000000021,train,"[23, 515, 514, 312, 332, 291, 518, 161, 21]",brown rice arugula wheat berry pepper salmon salt thyme olive oil squash
dish_1560444592,244.421005,175.0,ingr_0000000008;ingr_0000000192,train,"[8, 192]",scrambled eggs yam
dish_1562958775,227.182785,251.0,ingr_0000000291;ingr_0000000126;ingr_0000000517;ingr_0000000031;ingr_0000000180;ingr_0000000161;ingr_0000000070;ingr_0000000122;ingr_0000000073;ingr_0000000535;ingr_0000000189;ingr_0000000036;ingr_0000000152;ingr_0000000508;ingr_0000000045;ingr_0000000029;ingr_0000000471,train,"[291, 126, 517, 31, 180, 161, 70, 122, 73, 535, 189, 36, 152, 508, 45, 29, 471]",salt mustard chard cucumbers rice noodles olive oil figs garlic radishes green onions vinegar spinach (raw) cabbage soy sauce carrot mixed greens cherry tomatoes
dish_1565813446,202.676971,230.0,ingr_0000000124;ingr_0000000122;ingr_0000000291;ingr_0000000312;ingr_0000000126;ingr_0000000161;ingr_0000000201;ingr_0000000515;ingr_0000000050;ingr_0000000036;ingr_0000000073;ingr_0000000189;ingr_0000000517,train,"[124, 122, 291, 312, 126, 161, 201, 515, 50, 36, 73, 189, 517]",walnuts garlic salt pepper mustard olive oil blueberries arugula tofu spinach (raw) radishes vinegar chard
dish_1558468494,15.785,77.0,ingr_0000000021,train,[21],squash
dish_1561567053,26.1,87.0,ingr_0000000121,train,[121],watermelon
dish_1567525712,510.544769,184.0,ingr_0000000291;ingr_0000000122;ingr_0000000031;ingr_0000000033;ingr_0000000161;ingr_0000000126;ingr_0000000004;ingr_0000000189;ingr_0000000015;ingr_0000000073,train,"[291, 122, 31, 33, 161, 126, 4, 189, 15, 73]",salt garlic cucumbers bell peppers olive oil mustard bacon vinegar hash browns radishes
dish_1561576483,209.595428,371.0,ingr_0000000189;ingr_0000000525;ingr_0000000513;ingr_0000000007;ingr_0000000025;ingr_0000000291;ingr_0000000133;ingr_0000000511;ingr_0000000161;ingr_0000000094,train,"[189, 525, 513, 7, 25, 291, 133, 511, 161, 94]",vinegar bok choy millet cauliflower beef salt shallots spinach (cooked) olive oil onions
dish_1561060503,145.30899,138.0,ingr_0000000038;ingr_0000000525;ingr_0000000011,train,"[38, 525, 11]",pineapple bok choy cheese pizza
dish_1558721980,26.860001,79.0,ingr_0000000037,train,[37],cantaloupe
dish_1563897369,117.013657,179.0,ingr_0000000037;ingr_0000000161;ingr_0000000437,train,"[37, 161, 437]",cantaloupe olive oil sweet potato
dish_1561049409,317.779999,197.0,ingr_0000000004;ingr_0000000008;ingr_0000000040,train,"[4, 8, 40]",bacon scrambled eggs raspberries
dish_1558460908,151.999985,302.0,ingr_0000000054;ingr_0000000440;ingr_0000000471;ingr_0000000036,train,"[54, 440, 471, 36]",apple grapes cherry tomatoes spinach (raw)
dish_1559593646,55.385956,37.0,ingr_0000000189;ingr_0000000126;ingr_0000000201;ingr_0000000312;ingr_0000000377;ingr_0000000291;ingr_0000000531;ingr_0000000161;ingr_0000000072,train,"[189, 126, 201, 312, 377, 291, 531, 161, 72]",vinegar mustard blueberries pepper quinoa salt pumpkin seeds olive oil kale
dish_1560798928,485.038239,399.0,ingr_0000000129;ingr_0000000189;ingr_0000000036;ingr_0000000473;ingr_0000000140;ingr_0000000520;ingr_0000000471;ingr_0000000291;ingr_0000000027;ingr_0000000364;ingr_0000000045;ingr_0000000007;ingr_0000000029;ingr_0000000148;ingr_0000000050;ingr_0000000306;ingr_0000000213;ingr_0000000161;ingr_0000000072;ingr_0000000126;ingr_0000000094;ingr_0000000011;ingr_0000000122,train,"[129, 189, 36, 473, 140, 520, 471, 291, 27, 364, 45, 7, 29, 148, 50, 306, 213, 161, 72, 126, 94, 11, 122]",raisins vinegar spinach (raw) cranberries caesar dressing lemon juice cherry tomatoes salt broccoli sunflower seeds carrot cauliflower mixed greens parmesan cheese tofu croutons pears olive oil kale mustard onions cheese pizza garlic
dish_1558640267,63.48,92.0,ingr_0000000440,train,[440],grapes
dish_1562688382,113.599998,71.0,ingr_0000000510,train,[510],chicken apple sausage
dish_1562774475,320.963989,128.0,ingr_0000000039;ingr_0000000433,train,"[39, 433]",sausage roasted potatoes
dish_1561739576,63.84,84.0,ingr_0000000437,train,[437],sweet potato
dish_1562603842,594.2453,237.0,ingr_0000000029;ingr_0000000015;ingr_0000000040;ingr_0000000041;ingr_0000000338;ingr_0000000294,train,"[29, 15, 40, 41, 338, 294]",mixed greens hash browns raspberries blackberries vinaigrette granola
dish_1563908996,269.916046,293.0,ingr_0000000094;ingr_0000000161;ingr_0000000312;ingr_0000000032;ingr_0000000006;ingr_0000000033;ingr_0000000028;ingr_0000000513;ingr_0000000291;ingr_0000000122;ingr_0000000043;ingr_0000000448;ingr_0000000036,train,"[94, 161, 312, 32, 6, 33, 28, 513, 291, 122, 43, 448, 36]",onions olive oil pepper tomatoes caesar salad bell peppers chicken millet salt garlic green beans jalapenos spinach (raw)
dish_1563305722,434.658997,405.0,ingr_0000000122;ingr_0000000133;ingr_0000000046;ingr_0000000036;ingr_0000000514;ingr_0000000518;ingr_0000000520;ingr_0000000031;ingr_0000000161;ingr_0000000524;ingr_0000000291;ingr_0000000028,train,"[122, 133, 46, 36, 514, 518, 520, 31, 161, 524, 291, 28]",garlic shallots mushroom spinach (raw) wheat berry thyme lemon juice cucumbers olive oil parsley salt chicken
dish_1558642490,61.950001,187.0,ingr_0000000045;ingr_0000000007,train,"[45, 7]",carrot cauliflower
dish_1558724689,19.75,79.0,ingr_0000000007,train,[7],cauliflower
dish_1560369313,392.135712,387.0,ingr_0000000161;ingr_0000000049;ingr_0000000312;ingr_0000000189;ingr_0000000026;ingr_0000000122;ingr_0000000133;ingr_0000000534;ingr_0000000520;ingr_0000000094;ingr_0000000535;ingr_0000000462;ingr_0000000023;ingr_0000000471;ingr_0000000014;ingr_0000000291;ingr_0000000027;ingr_0000000524;ingr_0000000521,train,"[161, 49, 312, 189, 26, 122, 133, 534, 520, 94, 535, 462, 23, 471, 14, 291, 27, 524, 521]",olive oil fish pepper vinegar white rice garlic shallots country rice lemon juice onions green onions pork brown rice cherry tomatoes asparagus salt broccoli parsley basil
dish_1560441288,165.200012,72.0,ingr_0000000525;ingr_0000000005;ingr_0000000004,train,"[525, 5, 4]",bok choy potatoes bacon
dish_1559243974,431.21994,306.0,ingr_0000000077;ingr_0000000161;ingr_0000000312;ingr_0000000213;ingr_0000000291;ingr_0000000045,train,"[77, 161, 312, 213, 291, 45]",almonds olive oil pepper pears salt carrot
dish_1567789154,382.506012,111.0,ingr_0000000039,train,[39],sausage
dish_1565898590,212.704514,257.0,ingr_0000000122;ingr_0000000332;ingr_0000000471;ingr_0000000448;ingr_0000000036;ingr_0000000094;ingr_0000000161;ingr_0000000520;ingr_0000000133;ingr_0000000045;ingr_0000000540;ingr_0000000023;ingr_0000000291;ingr_0000000367;ingr_0000000523;ingr_0000000203;ingr_0000000012,train,"[122, 332, 471, 448, 36, 94, 161, 520, 133, 45, 540, 23, 291, 367, 523, 203, 12]",garlic salmon cherry tomatoes jalapenos spinach (raw) onions olive oil lemon juice shallots carrot ginger brown rice salt lime cilantro chili olives
dish_1558718974,422.013,73.0,ingr_0000000077,train,[77],almonds
dish_1566590566,186.959702,142.0,ingr_0000000161;ingr_0000000518;ingr_0000000291;ingr_0000000045;ingr_0000000312;ingr_0000000332;ingr_0000000515;ingr_0000000023,train,"[161, 518, 291, 45, 312, 332, 515, 23]",olive oil thyme salt carrot pepper salmon arugula brown rice
dish_1565207662,145.937561,128.0,ingr_0000000094;ingr_0000000155;ingr_0000000072;ingr_0000000535;ingr_0000000038;ingr_0000000026;ingr_0000000049;ingr_0000000291;ingr_0000000122;ingr_0000000534;ingr_0000000523;ingr_0000000161;ingr_0000000520;ingr_0000000189,train,"[94, 155, 72, 535, 38, 26, 49, 291, 122, 534, 523, 161, 520, 189]",onions chicken thighs kale green onions pineapple white rice fish salt garlic country rice cilantro olive oil lemon juice vinegar
dish_1568315132,591.265503,440.0,ingr_0000000291;ingr_0000000377;ingr_0000000540;ingr_0000000046;ingr_0000000043;ingr_0000000161;ingr_0000000012;ingr_0000000133;ingr_0000000367;ingr_0000000032;ingr_0000000025;ingr_0000000513;ingr_0000000525;ingr_0000000332;ingr_0000000042;ingr_0000000189;ingr_0000000094;ingr_0000000036;ingr_0000000023;ingr_0000000448;ingr_0000000520;ingr_0000000203;ingr_0000000122;ingr_0000000511;ingr_0000000523,train,"[291, 377, 540, 46, 43, 161, 12, 133, 367, 32, 25, 513, 525, 332, 42, 189, 94, 36, 23, 448, 520, 203, 122, 511, 523]",salt quinoa ginger mushroom green beans olive oil olives shallots lime tomatoes beef millet bok choy salmon avocado vinegar onions spinach (raw) brown rice jalapenos lemon juice chili garlic spinach (cooked) cilantro
dish_1563897794,57.57,101.0,ingr_0000000013,train,[13],berries
dish_1558030724,18.300001,61.0,ingr_0000000458,train,[458],deprecated
dish_1561579706,284.444855,390.0,ingr_0000000161;ingr_0000000335;ingr_0000000515;ingr_0000000046;ingr_0000000189;ingr_0000000025;ingr_0000000511;ingr_0000000433;ingr_0000000428;ingr_0000000122;ingr_0000000291;ingr_0000000521;ingr_0000000520;ingr_0000000518;ingr_0000000525;ingr_0000000519;ingr_0000000341;ingr_0000000514;ingr_0000000094;ingr_0000000513;ingr_0000000312;ingr_0000000028;ingr_0000000007;ingr_0000000133;ingr_0000000441;ingr_0000000516,train,"[161, 335, 515, 46, 189, 25, 511, 433, 428, 122, 291, 521, 520, 518, 525, 519, 341, 514, 94, 513, 312, 28, 7, 133, 441, 516]",olive oil eggplant arugula mushroom vinegar beef spinach (cooked) roasted potatoes white wine garlic salt basil lemon juice thyme bok choy oregano cream wheat berry onions millet pepper chicken cauliflower shallots butter rosemary
dish_1563294575,485.90564,562.0,ingr_0000000002;ingr_0000000121;ingr_0000000015;ingr_0000000161;ingr_0000000440;ingr_0000000437;ingr_0000000128;ingr_0000000192;ingr_0000000038,train,"[2, 121, 15, 161, 440, 437, 128, 192, 38]",strawberries watermelon hash browns olive oil grapes sweet potato egg whites yam pineapple
dish_1565207631,64.405495,54.0,ingr_0000000189;ingr_0000000155;ingr_0000000026;ingr_0000000038;ingr_0000000291;ingr_0000000523;ingr_0000000122;ingr_0000000072;ingr_0000000161;ingr_0000000094;ingr_0000000520,train,"[189, 155, 26, 38, 291, 523, 122, 72, 161, 94, 520]",vinegar chicken thighs white rice pineapple salt cilantro garlic kale olive oil onions lemon juice
dish_1562688552,235.820007,304.0,ingr_0000000440;ingr_0000000433;ingr_0000000121;ingr_0000000002;ingr_0000000510,train,"[440, 433, 121, 2, 510]",grapes roasted potatoes watermelon strawberries chicken apple sausage
dish_1559675146,19.07,45.0,ingr_0000000016;ingr_0000000045,train,"[16, 45]",brussels sprouts carrot
dish_1564690085,170.615997,143.0,ingr_0000000122;ingr_0000000312;ingr_0000000515;ingr_0000000357;ingr_0000000161;ingr_0000000291;ingr_0000000524;ingr_0000000520;ingr_0000000213;ingr_0000000187,train,"[122, 312, 515, 357, 161, 291, 524, 520, 213, 187]",garlic pepper arugula lentils olive oil salt parsley lemon juice pears chickpeas
dish_1559668016,469.059998,279.0,ingr_0000000008;ingr_0000000015;ingr_0000000264;ingr_0000000495;ingr_0000000112,train,"[8, 15, 264, 495, 112]",scrambled eggs hash browns bagels cream cheese honeydew melons
dish_1558640190,19.719999,58.0,ingr_0000000037,train,[37],cantaloupe
dish_1565640195,21.6,54.0,ingr_0000000033,train,[33],bell peppers
dish_1561663891,247.168854,172.0,ingr_0000000513;ingr_0000000508;ingr_0000000026;ingr_0000000189;ingr_0000000517;ingr_0000000023;ingr_0000000462;ingr_0000000312;ingr_0000000328;ingr_0000000527;ingr_0000000094;ingr_0000000521;ingr_0000000291;ingr_0000000122;ingr_0000000029;ingr_0000000054;ingr_0000000028;ingr_0000000205;ingr_0000000161;ingr_0000000516;ingr_0000000520;ingr_0000000524;ingr_0000000525;ingr_0000000045,train,"[513, 508, 26, 189, 517, 23, 462, 312, 328, 527, 94, 521, 291, 122, 29, 54, 28, 205, 161, 516, 520, 524, 525, 45]",millet soy sauce white rice vinegar chard brown rice pork pepper sugar chive onions basil salt garlic mixed greens apple chicken corn on the cob olive oil rosemary lemon juice parsley bok choy carrot
dish_1566590987,639.911865,370.0,ingr_0000000028;ingr_0000000332;ingr_0000000023;ingr_0000000515;ingr_0000000161;ingr_0000000518;ingr_0000000312;ingr_0000000291,train,"[28, 332, 23, 515, 161, 518, 312, 291]",chicken salmon brown rice arugula olive oil thyme pepper salt
dish_1560356355,301.606934,148.0,ingr_0000000004;ingr_0000000036;ingr_0000000189;ingr_0000000161;ingr_0000000526;ingr_0000000126;ingr_0000000031;ingr_0000000192;ingr_0000000032;ingr_0000000122;ingr_0000000291,train,"[4, 36, 189, 161, 526, 126, 31, 192, 32, 122, 291]",bacon spinach (raw) vinegar olive oil mustard greens mustard cucumbers yam tomatoes garlic salt
dish_1568665052,345.654053,331.0,ingr_0000000448;ingr_0000000036;ingr_0000000021;ingr_0000000016;ingr_0000000094;ingr_0000000031;ingr_0000000126;ingr_0000000122;ingr_0000000291;ingr_0000000033;ingr_0000000513;ingr_0000000312;ingr_0000000189;ingr_0000000526;ingr_0000000161;ingr_0000000032;ingr_0000000028,train,"[448, 36, 21, 16, 94, 31, 126, 122, 291, 33, 513, 312, 189, 526, 161, 32, 28]",jalapenos spinach (raw) squash brussels sprouts onions cucumbers mustard garlic salt bell peppers millet pepper vinegar mustard greens olive oil tomatoes chicken
dish_1566936297,355.292206,266.0,ingr_0000000049;ingr_0000000155;ingr_0000000046;ingr_0000000312;ingr_0000000094;ingr_0000000102;ingr_0000000033;ingr_0000000133;ingr_0000000527;ingr_0000000095;ingr_0000000291;ingr_0000000377;ingr_0000000524;ingr_0000000092;ingr_0000000021;ingr_0000000542;ingr_0000000335;ingr_0000000520;ingr_0000000515;ingr_0000000161;ingr_0000000511;ingr_0000000122;ingr_0000000367,train,"[49, 155, 46, 312, 94, 102, 33, 133, 527, 95, 291, 377, 524, 92, 21, 542, 335, 520, 515, 161, 511, 122, 367]",fish chicken thighs mushroom pepper onions snow peas bell peppers shallots chive artichokes salt quinoa parsley wine squash white beans eggplant lemon juice arugula olive oil spinach (cooked) garlic lime
dish_1567110665,556.494568,532.0,ingr_0000000049;ingr_0000000471;ingr_0000000189;ingr_0000000026;ingr_0000000514;ingr_0000000043;ingr_0000000312;ingr_0000000448;ingr_0000000094;ingr_0000000072;ingr_0000000161;ingr_0000000030;ingr_0000000367;ingr_0000000291;ingr_0000000031;ingr_0000000523;ingr_0000000029;ingr_0000000033;ingr_0000000133;ingr_0000000113,train,"[49, 471, 189, 26, 514, 43, 312, 448, 94, 72, 161, 30, 367, 291, 31, 523, 29, 33, 133, 113]",fish cherry tomatoes vinegar white rice wheat berry green beans pepper jalapenos onions kale olive oil lettuce lime salt cucumbers cilantro mixed greens bell peppers shallots ketchup
dish_1562959295,3.04,19.0,ingr_0000000073,train,[73],radishes
dish_1561406789,184.905411,164.0,ingr_0000000026;ingr_0000000045;ingr_0000000291;ingr_0000000312;ingr_0000000161,train,"[26, 45, 291, 312, 161]",white rice carrot salt pepper olive oil
dish_1562960472,139.970001,166.0,ingr_0000000433;ingr_0000000006,train,"[433, 6]",roasted potatoes caesar salad
dish_1563308386,155.805481,214.0,ingr_0000000045;ingr_0000000335;ingr_0000000291;ingr_0000000433;ingr_0000000161,train,"[45, 335, 291, 433, 161]",carrot eggplant salt roasted potatoes olive oil
dish_1562788794,465.224457,281.0,ingr_0000000291;ingr_0000000027;ingr_0000000521;ingr_0000000520;ingr_0000000524;ingr_0000000094;ingr_0000000026;ingr_0000000189;ingr_0000000462;ingr_0000000023;ingr_0000000312;ingr_0000000534;ingr_0000000133;ingr_0000000471;ingr_0000000161;ingr_0000000122;ingr_0000000049;ingr_0000000535,train,"[291, 27, 521, 520, 524, 94, 26, 189, 462, 23, 312, 534, 133, 471, 161, 122, 49, 535]",salt broccoli basil lemon juice parsley onions white rice vinegar pork brown rice pepper country rice shallots cherry tomatoes olive oil garlic fish green onions
dish_1562687274,161.021606,141.0,ingr_0000000122;ingr_0000000033;ingr_0000000291;ingr_0000000031;ingr_0000000126;ingr_0000000161;ingr_0000000189;ingr_0000000073;ingr_0000000013,train,"[122, 33, 291, 31, 126, 161, 189, 73, 13]",garlic bell peppers salt cucumbers mustard olive oil vinegar radishes berries
dish_1561665378,74.269997,70.0,ingr_0000000205,train,[205],corn on the cob
dish_1559925174,88.349998,155.0,ingr_0000000013,train,[13],berries
dish_1568664972,303.422241,221.0,ingr_0000000189;ingr_0000000122;ingr_0000000448;ingr_0000000033;ingr_0000000126;ingr_0000000526;ingr_0000000161;ingr_0000000032;ingr_0000000312;ingr_0000000028;ingr_0000000513;ingr_0000000036;ingr_0000000031;ingr_0000000094;ingr_0000000291,train,"[189, 122, 448, 33, 126, 526, 161, 32, 312, 28, 513, 36, 31, 94, 291]",vinegar garlic jalapenos bell peppers mustard mustard greens olive oil tomatoes pepper chicken millet spinach (raw) cucumbers onions salt
dish_1567019993,28.083149,55.0,ingr_0000000291;ingr_0000000312;ingr_0000000016;ingr_0000000161,train,"[291, 312, 16, 161]",salt pepper brussels sprouts olive oil
dish_1565811335,121.479324,219.0,ingr_0000000525;ingr_0000000161;ingr_0000000514,train,"[525, 161, 514]",bok choy olive oil wheat berry
dish_1563476267,237.710983,51.0,ingr_0000000257,train,[257],brownies
dish_1563824377,454.046021,338.0,ingr_0000000471;ingr_0000000094;ingr_0000000012;ingr_0000000033;ingr_0000000105,train,"[471, 94, 12, 33, 105]",cherry tomatoes onions olives bell peppers grilled chicken
dish_1558115764,151.479996,28.0,ingr_0000000004,train,[4],bacon
dish_1567110631,252.613922,260.0,ingr_0000000029;ingr_0000000291;ingr_0000000161;ingr_0000000030;ingr_0000000031;ingr_0000000094;ingr_0000000367;ingr_0000000514;ingr_0000000043;ingr_0000000189;ingr_0000000471;ingr_0000000312,train,"[29, 291, 161, 30, 31, 94, 367, 514, 43, 189, 471, 312]",mixed greens salt olive oil lettuce cucumbers onions lime wheat berry green beans vinegar cherry tomatoes pepper
dish_1564685360,304.052368,129.0,ingr_0000000189;ingr_0000000094;ingr_0000000161;ingr_0000000291;ingr_0000000033;ingr_0000000513;ingr_0000000036;ingr_0000000010;ingr_0000000113,train,"[189, 94, 161, 291, 33, 513, 36, 10, 113]",vinegar onions olive oil salt bell peppers millet spinach (raw) steak ketchup
dish_1568666000,209.934982,197.0,ingr_0000000031;ingr_0000000520;ingr_0000000524;ingr_0000000312;ingr_0000000291;ingr_0000000011;ingr_0000000006;ingr_0000000122;ingr_0000000522;ingr_0000000072,train,"[31, 520, 524, 312, 291, 11, 6, 122, 522, 72]",cucumbers lemon juice parsley pepper salt cheese pizza caesar salad garlic tatsoi kale
dish_1562687299,180.821609,196.0,ingr_0000000013;ingr_0000000033;ingr_0000000291;ingr_0000000126;ingr_0000000031;ingr_0000000122;ingr_0000000161;ingr_0000000189;ingr_0000000073;ingr_0000000112,train,"[13, 33, 291, 126, 31, 122, 161, 189, 73, 112]",berries bell peppers salt mustard cucumbers garlic olive oil vinegar radishes honeydew melons
dish_1561665422,571.39386,385.0,ingr_0000000045;ingr_0000000520;ingr_0000000524;ingr_0000000023;ingr_0000000161;ingr_0000000516;ingr_0000000205;ingr_0000000517;ingr_0000000521;ingr_0000000122;ingr_0000000028;ingr_0000000291;ingr_0000000527,train,"[45, 520, 524, 23, 161, 516, 205, 517, 521, 122, 28, 291, 527]",carrot lemon juice parsley brown rice olive oil rosemary corn on the cob chard basil garlic chicken salt chive
dish_1565798591,148.115723,224.0,ingr_0000000030;ingr_0000000471;ingr_0000000367;ingr_0000000029;ingr_0000000291;ingr_0000000031;ingr_0000000094;ingr_0000000161;ingr_0000000189;ingr_0000000128;ingr_0000000312;ingr_0000000027,train,"[30, 471, 367, 29, 291, 31, 94, 161, 189, 128, 312, 27]",lettuce cherry tomatoes lime mixed greens salt cucumbers onions olive oil vinegar egg whites pepper broccoli
dish_1565036922,539.864685,336.0,ingr_0000000027;ingr_0000000203;ingr_0000000520;ingr_0000000122;ingr_0000000161;ingr_0000000498;ingr_0000000094;ingr_0000000023;ingr_0000000515;ingr_0000000189;ingr_0000000007;ingr_0000000026;ingr_0000000535;ingr_0000000291;ingr_0000000508;ingr_0000000518;ingr_0000000521;ingr_0000000072;ingr_0000000524;ingr_0000000155;ingr_0000000433;ingr_0000000073;ingr_0000000011;ingr_0000000025,train,"[27, 203, 520, 122, 161, 498, 94, 23, 515, 189, 7, 26, 535, 291, 508, 518, 521, 72, 524, 155, 433, 73, 11, 25]",broccoli chili lemon juice garlic olive oil orange juice onions brown rice arugula vinegar cauliflower white rice green onions salt soy sauce thyme basil kale parsley chicken thighs roasted potatoes radishes cheese pizza beef
dish_1563302315,13.86,63.0,ingr_0000000046,train,[46],mushroom
dish_1563220802,308.59436,252.0,ingr_0000000026;ingr_0000000122;ingr_0000000515;ingr_0000000462;ingr_0000000027;ingr_0000000291;ingr_0000000516;ingr_0000000485;ingr_0000000524;ingr_0000000094;ingr_0000000161,train,"[26, 122, 515, 462, 27, 291, 516, 485, 524, 94, 161]",white rice garlic arugula pork broccoli salt rosemary zucchini parsley onions olive oil
dish_1560442303,444.769989,297.0,ingr_0000000008;ingr_0000000013;ingr_0000000377;ingr_0000000004,train,"[8, 13, 377, 4]",scrambled eggs berries quinoa bacon
dish_1562691613,213.670166,300.0,ingr_0000000161;ingr_0000000128;ingr_0000000027;ingr_0000000192;ingr_0000000437,train,"[161, 128, 27, 192, 437]",olive oil egg whites broccoli yam sweet potato
dish_1562872662,133.21582,122.0,ingr_0000000291;ingr_0000000161;ingr_0000000524;ingr_0000000539;ingr_0000000527;ingr_0000000045;ingr_0000000122;ingr_0000000367;ingr_0000000047;ingr_0000000312;ingr_0000000515;ingr_0000000049;ingr_0000000434;ingr_0000000538,train,"[291, 161, 524, 539, 527, 45, 122, 367, 47, 312, 515, 49, 434, 538]",salt olive oil parsley nopales chive carrot garlic lime corn pepper arugula fish sour cream jicama
dish_1563563264,322.001984,163.0,ingr_0000000012;ingr_0000000105,train,"[12, 105]",olives grilled chicken
dish_1559843185,64.349998,161.0,ingr_0000000002;ingr_0000000507;ingr_0000000027,train,"[2, 507, 27]",strawberries mandarin oranges broccoli
dish_1563389719,529.817993,457.0,ingr_0000000471;ingr_0000000045;ingr_0000000105;ingr_0000000094,train,"[471, 45, 105, 94]",cherry tomatoes carrot grilled chicken onions
dish_1559841870,114.972008,201.0,ingr_0000000213,train,[213],pears
dish_1559843222,111.269997,229.0,ingr_0000000440;ingr_0000000027;ingr_0000000507;ingr_0000000002,train,"[440, 27, 507, 2]",grapes broccoli mandarin oranges strawberries
dish_1560455421,180.938934,189.0,ingr_0000000077;ingr_0000000524;ingr_0000000367;ingr_0000000434;ingr_0000000045;ingr_0000000205;ingr_0000000515;ingr_0000000189;ingr_0000000517;ingr_0000000201;ingr_0000000538;ingr_0000000161;ingr_0000000036;ingr_0000000539;ingr_0000000126;ingr_0000000291;ingr_0000000527;ingr_0000000122;ingr_0000000047;ingr_0000000049;ingr_0000000312,train,"[77, 524, 367, 434, 45, 205, 515, 189, 517, 201, 538, 161, 36, 539, 126, 291, 527, 122, 47, 49, 312]",almonds parsley lime sour cream carrot corn on the cob arugula vinegar chard blueberries jicama olive oil spinach (raw) nopales mustard salt chive garlic corn fish pepper
dish_1558109945,74.360001,143.0,ingr_0000000453,train,[453],deprecated
dish_1564170010,1264.54834,831.0,ingr_0000000060;ingr_0000000031;ingr_0000000522;ingr_0000000072;ingr_0000000523;ingr_0000000032;ingr_0000000203;ingr_0000000485;ingr_0000000312;ingr_0000000518;ingr_0000000052;ingr_0000000332;ingr_0000000524;ingr_0000000520;ingr_0000000094;ingr_0000000161;ingr_0000000027;ingr_0000000122;ingr_0000000291;ingr_0000000021;ingr_0000000023;ingr_0000000155;ingr_0000000515,train,"[60, 31, 522, 72, 523, 32, 203, 485, 312, 518, 52, 332, 524, 520, 94, 161, 27, 122, 291, 21, 23, 155, 515]",tortilla cucumbers tatsoi kale cilantro tomatoes chili zucchini pepper thyme cheese salmon parsley lemon juice onions olive oil broccoli garlic salt squash brown rice chicken thighs arugula
dish_1561664042,285.042999,209.0,ingr_0000000312;ingr_0000000517;ingr_0000000023;ingr_0000000161;ingr_0000000508;ingr_0000000520;ingr_0000000521;ingr_0000000527;ingr_0000000122;ingr_0000000291;ingr_0000000031;ingr_0000000026;ingr_0000000028;ingr_0000000462;ingr_0000000516;ingr_0000000524;ingr_0000000328;ingr_0000000525;ingr_0000000045,train,"[312, 517, 23, 161, 508, 520, 521, 527, 122, 291, 31, 26, 28, 462, 516, 524, 328, 525, 45]",pepper chard brown rice olive oil soy sauce lemon juice basil chive garlic salt cucumbers white rice chicken pork rosemary parsley sugar bok choy carrot
dish_1561405864,197.121201,106.0,ingr_0000000161;ingr_0000000027;ingr_0000000535;ingr_0000000122;ingr_0000000011;ingr_0000000508;ingr_0000000291;ingr_0000000189;ingr_0000000026;ingr_0000000036;ingr_0000000043;ingr_0000000028;ingr_0000000540,train,"[161, 27, 535, 122, 11, 508, 291, 189, 26, 36, 43, 28, 540]",olive oil broccoli green onions garlic cheese pizza soy sauce salt vinegar white rice spinach (raw) green beans chicken ginger
dish_1565711326,296.092896,285.0,ingr_0000000192;ingr_0000000037;ingr_0000000437;ingr_0000000440;ingr_0000000161,train,"[192, 37, 437, 440, 161]",yam cantaloupe sweet potato grapes olive oil
dish_1561576257,180.87999,134.0,ingr_0000000012;ingr_0000000433,train,"[12, 433]",olives roasted potatoes
dish_1562007739,28.6,65.0,ingr_0000000006,train,[6],caesar salad
dish_1563304301,190.950912,151.0,ingr_0000000072;ingr_0000000306;ingr_0000000140;ingr_0000000433;ingr_0000000148,train,"[72, 306, 140, 433, 148]",kale croutons caesar dressing roasted potatoes parmesan cheese
dish_1563216689,235.208008,302.0,ingr_0000000518;ingr_0000000021;ingr_0000000027;ingr_0000000291;ingr_0000000122;ingr_0000000161;ingr_0000000244;ingr_0000000471;ingr_0000000036;ingr_0000000148;ingr_0000000514,train,"[518, 21, 27, 291, 122, 161, 244, 471, 36, 148, 514]",thyme squash broccoli salt garlic olive oil chicken breast cherry tomatoes spinach (raw) parmesan cheese wheat berry
dish_1561480391,64.409996,113.0,ingr_0000000013,train,[13],berries
dish_1563389114,86.534439,148.0,ingr_0000000291;ingr_0000000045;ingr_0000000027;ingr_0000000082;ingr_0000000126;ingr_0000000161;ingr_0000000201;ingr_0000000517;ingr_0000000515;ingr_0000000189;ingr_0000000312;ingr_0000000122,train,"[291, 45, 27, 82, 126, 161, 201, 517, 515, 189, 312, 122]",salt carrot broccoli pecans mustard olive oil blueberries chard arugula vinegar pepper garlic
dish_1563813436,418.75946,242.0,ingr_0000000291;ingr_0000000312;ingr_0000000038;ingr_0000000039;ingr_0000000437;ingr_0000000161;ingr_0000000016;ingr_0000000004,train,"[291, 312, 38, 39, 437, 161, 16, 4]",salt pepper pineapple sausage sweet potato olive oil brussels sprouts bacon
dish_1566847454,346.747437,210.0,ingr_0000000515;ingr_0000000514;ingr_0000000462;ingr_0000000116;ingr_0000000524;ingr_0000000161;ingr_0000000133;ingr_0000000518;ingr_0000000045;ingr_0000000291;ingr_0000000377;ingr_0000000312;ingr_0000000448;ingr_0000000520;ingr_0000000152;ingr_0000000122,train,"[515, 514, 462, 116, 524, 161, 133, 518, 45, 291, 377, 312, 448, 520, 152, 122]",arugula wheat berry pork mayonnaise parsley olive oil shallots thyme carrot salt quinoa pepper jalapenos lemon juice cabbage garlic
dish_1561060477,141.018997,105.0,ingr_0000000038;ingr_0000000011,train,"[38, 11]",pineapple cheese pizza
dish_1562617446,291.190002,232.0,ingr_0000000027;ingr_0000000433;ingr_0000000006;ingr_0000000392,train,"[27, 433, 6, 392]",broccoli roasted potatoes caesar salad pepperoni pizza
dish_1558725829,278.307007,460.0,ingr_0000000016;ingr_0000000045;ingr_0000000205;ingr_0000000054,train,"[16, 45, 205, 54]",brussels sprouts carrot corn on the cob apple
dish_1565987269,119.654999,45.0,ingr_0000000011,train,[11],cheese pizza
dish_1560961012,191.699997,71.0,ingr_0000000495;ingr_0000000264,train,"[495, 264]",cream cheese bagels
dish_1558027243,263.36499,163.0,ingr_0000000458;ingr_0000000004;ingr_0000000192,train,"[458, 4, 192]",deprecated bacon yam
dish_1558636813,60.720001,88.0,ingr_0000000440,train,[440],grapes
dish_1566851198,463.047455,342.0,ingr_0000000377;ingr_0000000189;ingr_0000000152;ingr_0000000133;ingr_0000000094;ingr_0000000126;ingr_0000000031;ingr_0000000518;ingr_0000000045;ingr_0000000312;ingr_0000000116;ingr_0000000514;ingr_0000000462;ingr_0000000448;ingr_0000000036;ingr_0000000520;ingr_0000000515;ingr_0000000524;ingr_0000000161;ingr_0000000122;ingr_0000000291;ingr_0000000457,train,"[377, 189, 152, 133, 94, 126, 31, 518, 45, 312, 116, 514, 462, 448, 36, 520, 515, 524, 161, 122, 291, 457]",quinoa vinegar cabbage shallots onions mustard cucumbers thyme carrot pepper mayonnaise wheat berry pork jalapenos spinach (raw) lemon juice arugula parsley olive oil garlic salt sun dried tomatoes
dish_1566936352,424.292206,368.0,ingr_0000000377;ingr_0000000527;ingr_0000000312;ingr_0000000122;ingr_0000000133;ingr_0000000472;ingr_0000000094;ingr_0000000046;ingr_0000000007;ingr_0000000335;ingr_0000000542;ingr_0000000092;ingr_0000000049;ingr_0000000033;ingr_0000000291;ingr_0000000095;ingr_0000000511;ingr_0000000515;ingr_0000000161;ingr_0000000102;ingr_0000000520;ingr_0000000524;ingr_0000000155;ingr_0000000021;ingr_0000000367,train,"[377, 527, 312, 122, 133, 472, 94, 46, 7, 335, 542, 92, 49, 33, 291, 95, 511, 515, 161, 102, 520, 524, 155, 21, 367]",quinoa chive pepper garlic shallots couscous onions mushroom cauliflower eggplant white beans wine fish bell peppers salt artichokes spinach (cooked) arugula olive oil snow peas lemon juice parsley chicken thighs squash lime
dish_1562959517,91.140381,74.0,ingr_0000000036;ingr_0000000189;ingr_0000000515;ingr_0000000517;ingr_0000000471;ingr_0000000291;ingr_0000000531;ingr_0000000045;ingr_0000000029;ingr_0000000030;ingr_0000000126;ingr_0000000070;ingr_0000000031;ingr_0000000161,train,"[36, 189, 515, 517, 471, 291, 531, 45, 29, 30, 126, 70, 31, 161]",spinach (raw) vinegar arugula chard cherry tomatoes salt pumpkin seeds carrot mixed greens lettuce mustard figs cucumbers olive oil
dish_1561753168,245.501923,138.0,ingr_0000000023;ingr_0000000515;ingr_0000000332;ingr_0000000518;ingr_0000000161;ingr_0000000312;ingr_0000000291,train,"[23, 515, 332, 518, 161, 312, 291]",brown rice arugula salmon thyme olive oil pepper salt
dish_1566413321,14.030001,61.0,ingr_0000000036,train,[36],spinach (raw)
dish_1561407283,88.626671,86.0,ingr_0000000029;ingr_0000000028;ingr_0000000471;ingr_0000000540;ingr_0000000036;ingr_0000000189;ingr_0000000043;ingr_0000000161;ingr_0000000126;ingr_0000000094;ingr_0000000213;ingr_0000000291;ingr_0000000045;ingr_0000000026;ingr_0000000312;ingr_0000000508;ingr_0000000535;ingr_0000000027;ingr_0000000122,train,"[29, 28, 471, 540, 36, 189, 43, 161, 126, 94, 213, 291, 45, 26, 312, 508, 535, 27, 122]",mixed greens chicken cherry tomatoes ginger spinach (raw) vinegar green beans olive oil mustard onions pears salt carrot white rice pepper soy sauce green onions broccoli garlic
dish_1561746876,149.435959,84.0,ingr_0000000515;ingr_0000000291;ingr_0000000518;ingr_0000000332;ingr_0000000161;ingr_0000000312;ingr_0000000023,train,"[515, 291, 518, 332, 161, 312, 23]",arugula salt thyme salmon olive oil pepper brown rice
dish_1564775182,398.001526,277.0,ingr_0000000332;ingr_0000000081;ingr_0000000357;ingr_0000000161;ingr_0000000524;ingr_0000000072;ingr_0000000291;ingr_0000000133;ingr_0000000122;ingr_0000000312;ingr_0000000515;ingr_0000000471;ingr_0000000116;ingr_0000000527;ingr_0000000520;ingr_0000000027,train,"[332, 81, 357, 161, 524, 72, 291, 133, 122, 312, 515, 471, 116, 527, 520, 27]",salmon pickles lentils olive oil parsley kale salt shallots garlic pepper arugula cherry tomatoes mayonnaise chive lemon juice broccoli
dish_1565194852,428.59549,759.0,ingr_0000000121;ingr_0000000312;ingr_0000000291;ingr_0000000128;ingr_0000000161;ingr_0000000437;ingr_0000000440;ingr_0000000045,train,"[121, 312, 291, 128, 161, 437, 440, 45]",watermelon pepper salt egg whites olive oil sweet potato grapes carrot
dish_1565204855,53.613285,105.0,ingr_0000000291;ingr_0000000312;ingr_0000000016;ingr_0000000161,train,"[291, 312, 16, 161]",salt pepper brussels sprouts olive oil
dish_1562788732,57.292805,52.0,ingr_0000000049;ingr_0000000534;ingr_0000000094;ingr_0000000161;ingr_0000000122;ingr_0000000291;ingr_0000000535,train,"[49, 534, 94, 161, 122, 291, 535]",fish country rice onions olive oil garlic salt green onions
dish_1559059992,71.440002,94.0,ingr_0000000437,train,[437],sweet potato
dish_1558122583,46.969997,61.0,ingr_0000000005,train,[5],potatoes
dish_1559245697,163.716354,289.0,ingr_0000000291;ingr_0000000161;ingr_0000000312;ingr_0000000213;ingr_0000000003;ingr_0000000045,train,"[291, 161, 312, 213, 3, 45]",salt olive oil pepper pears garden salad carrot
dish_1560961261,192.519989,218.0,ingr_0000000027;ingr_0000000002;ingr_0000000008,train,"[27, 2, 8]",broccoli strawberries scrambled eggs
dish_1558548666,97.5,75.0,ingr_0000000026,train,[26],white rice
dish_1568666089,276.424072,335.0,ingr_0000000011;ingr_0000000033;ingr_0000000032;ingr_0000000485;ingr_0000000520;ingr_0000000161;ingr_0000000529;ingr_0000000448;ingr_0000000036;ingr_0000000513;ingr_0000000006;ingr_0000000122;ingr_0000000016;ingr_0000000094;ingr_0000000291;ingr_0000000524;ingr_0000000031;ingr_0000000522;ingr_0000000072;ingr_0000000312;ingr_0000000028,train,"[11, 33, 32, 485, 520, 161, 529, 448, 36, 513, 6, 122, 16, 94, 291, 524, 31, 522, 72, 312, 28]",cheese pizza bell peppers tomatoes zucchini lemon juice olive oil chayote squash jalapenos spinach (raw) millet caesar salad garlic brussels sprouts onions salt parsley cucumbers tatsoi kale pepper chicken
dish_1568060542,583.376404,481.0,ingr_0000000032;ingr_0000000016;ingr_0000000312;ingr_0000000026;ingr_0000000462;ingr_0000000515;ingr_0000000094;ingr_0000000526;ingr_0000000122;ingr_0000000291;ingr_0000000471;ingr_0000000516;ingr_0000000524;ingr_0000000485;ingr_0000000448;ingr_0000000520;ingr_0000000031;ingr_0000000161;ingr_0000000194;ingr_0000000523;ingr_0000000367;ingr_0000000349,train,"[32, 16, 312, 26, 462, 515, 94, 526, 122, 291, 471, 516, 524, 485, 448, 520, 31, 161, 194, 523, 367, 349]",tomatoes brussels sprouts pepper white rice pork arugula onions mustard greens garlic salt cherry tomatoes rosemary parsley zucchini jalapenos lemon juice cucumbers olive oil fried rice cilantro lime mangos
dish_1562085185,550.51001,227.0,ingr_0000000004;ingr_0000000015;ingr_0000000008,train,"[4, 15, 8]",bacon hash browns scrambled eggs
dish_1565208637,250.187943,305.0,ingr_0000000189;ingr_0000000155;ingr_0000000072;ingr_0000000038;ingr_0000000026;ingr_0000000312;ingr_0000000291;ingr_0000000122;ingr_0000000006;ingr_0000000520;ingr_0000000016;ingr_0000000161;ingr_0000000523;ingr_0000000094,train,"[189, 155, 72, 38, 26, 312, 291, 122, 6, 520, 16, 161, 523, 94]",vinegar chicken thighs kale pineapple white rice pepper salt garlic caesar salad lemon juice brussels sprouts olive oil cilantro onions
dish_1566402095,421.11615,577.0,ingr_0000000437;ingr_0000000192;ingr_0000000161;ingr_0000000128,train,"[437, 192, 161, 128]",sweet potato yam olive oil egg whites
dish_1566501012,132.87999,160.0,ingr_0000000012;ingr_0000000036;ingr_0000000045,train,"[12, 36, 45]",olives spinach (raw) carrot
dish_1567023296,107.181221,92.0,ingr_0000000409;ingr_0000000122;ingr_0000000291;ingr_0000000126;ingr_0000000082;ingr_0000000161;ingr_0000000201;ingr_0000000517;ingr_0000000515;ingr_0000000189,train,"[409, 122, 291, 126, 82, 161, 201, 517, 515, 189]",greek salad garlic salt mustard pecans olive oil blueberries chard arugula vinegar
dish_1562956486,103.660004,142.0,ingr_0000000050,train,[50],tofu
dish_1558722780,142.838989,367.0,ingr_0000000007;ingr_0000000045;ingr_0000000205;ingr_0000000037;ingr_0000000471,train,"[7, 45, 205, 37, 471]",cauliflower carrot corn on the cob cantaloupe cherry tomatoes
dish_1558640008,552.490051,212.0,ingr_0000000471;ingr_0000000037;ingr_0000000077,train,"[471, 37, 77]",cherry tomatoes cantaloupe almonds
dish_1561737200,478.582001,262.0,ingr_0000000128;ingr_0000000039,train,"[128, 39]",egg whites sausage
dish_1566844766,72.159996,164.0,ingr_0000000006,train,[6],caesar salad
dish_1564691380,96.261002,111.0,ingr_0000000043;ingr_0000000161;ingr_0000000205,train,"[43, 161, 205]",green beans olive oil corn on the cob
dish_1563568357,767.739746,448.0,ingr_0000000011;ingr_0000000026;ingr_0000000514;ingr_0000000421;ingr_0000000524;ingr_0000000515;ingr_0000000526;ingr_0000000094;ingr_0000000045;ingr_0000000122;ingr_0000000187;ingr_0000000179;ingr_0000000189;ingr_0000000205;ingr_0000000046;ingr_0000000341;ingr_0000000034;ingr_0000000072;ingr_0000000161;ingr_0000000518;ingr_0000000312;ingr_0000000527;ingr_0000000291,train,"[11, 26, 514, 421, 524, 515, 526, 94, 45, 122, 187, 179, 189, 205, 46, 341, 34, 72, 161, 518, 312, 527, 291]",cheese pizza white rice wheat berry ground turkey parsley arugula mustard greens onions carrot garlic chickpeas eggs vinegar corn on the cob mushroom cream celery kale olive oil thyme pepper chive salt
dish_1561574215,93.235489,134.0,ingr_0000000012;ingr_0000000033;ingr_0000000030;ingr_0000000031;ingr_0000000094;ingr_0000000471;ingr_0000000319;ingr_0000000338,train,"[12, 33, 30, 31, 94, 471, 319, 338]",olives bell peppers lettuce cucumbers onions cherry tomatoes feta cheese vinaigrette
dish_1558721636,163.069992,299.0,ingr_0000000045;ingr_0000000205;ingr_0000000037;ingr_0000000471,train,"[45, 205, 37, 471]",carrot corn on the cob cantaloupe cherry tomatoes
dish_1563568003,126.154343,135.0,ingr_0000000072;ingr_0000000520;ingr_0000000133;ingr_0000000122;ingr_0000000525;ingr_0000000527;ingr_0000000291;ingr_0000000471;ingr_0000000049;ingr_0000000161;ingr_0000000514;ingr_0000000517;ingr_0000000524,train,"[72, 520, 133, 122, 525, 527, 291, 471, 49, 161, 514, 517, 524]",kale lemon juice shallots garlic bok choy chive salt cherry tomatoes fish olive oil wheat berry chard parsley
dish_1566402197,480.946136,736.0,ingr_0000000128;ingr_0000000121;ingr_0000000192;ingr_0000000013;ingr_0000000037;ingr_0000000437;ingr_0000000161,train,"[128, 121, 192, 13, 37, 437, 161]",egg whites watermelon yam berries cantaloupe sweet potato olive oil
dish_1558373449,416.231995,72.0,ingr_0000000077,train,[77],almonds
dish_1558379128,36.57,53.0,ingr_0000000440,train,[440],grapes
dish_1558641897,116.709999,110.0,ingr_0000000205,train,[205],corn on the cob
dish_1562702441,209.189362,371.0,ingr_0000000033;ingr_0000000030;ingr_0000000007;ingr_0000000161;ingr_0000000031;ingr_0000000094;ingr_0000000377;ingr_0000000471;ingr_0000000319;ingr_0000000121;ingr_0000000338;ingr_0000000012,train,"[33, 30, 7, 161, 31, 94, 377, 471, 319, 121, 338, 12]",bell peppers lettuce cauliflower olive oil cucumbers onions quinoa cherry tomatoes feta cheese watermelon vinaigrette olives
dish_1562945779,37.69532,29.0,ingr_0000000338;ingr_0000000294;ingr_0000000041;ingr_0000000029;ingr_0000000040,train,"[338, 294, 41, 29, 40]",vinaigrette granola blackberries mixed greens raspberries
dish_1562085604,241.110001,423.0,ingr_0000000013,train,[13],berries
dish_1558462228,22.099998,17.0,ingr_0000000026,train,[26],white rice
dish_1558632445,526.070984,91.0,ingr_0000000077,train,[77],almonds
dish_1566317775,237.399994,410.0,ingr_0000000059;ingr_0000000041;ingr_0000000040,train,"[59, 41, 40]",oatmeal blackberries raspberries
dish_1563480505,767.266785,475.0,ingr_0000000332;ingr_0000000046;ingr_0000000036;ingr_0000000023;ingr_0000000341;ingr_0000000161;ingr_0000000133;ingr_0000000203;ingr_0000000367;ingr_0000000092;ingr_0000000434;ingr_0000000448;ingr_0000000540;ingr_0000000520;ingr_0000000518;ingr_0000000094;ingr_0000000074;ingr_0000000523;ingr_0000000122;ingr_0000000291;ingr_0000000025,train,"[332, 46, 36, 23, 341, 161, 133, 203, 367, 92, 434, 448, 540, 520, 518, 94, 74, 523, 122, 291, 25]",salmon mushroom spinach (raw) brown rice cream olive oil shallots chili lime wine sour cream jalapenos ginger lemon juice thyme onions pasta cilantro garlic salt beef
dish_1558115915,203.314011,59.0,ingr_0000000039,train,[39],sausage
dish_1562617470,440.867065,321.0,ingr_0000000515;ingr_0000000023;ingr_0000000520;ingr_0000000524;ingr_0000000392;ingr_0000000122;ingr_0000000433;ingr_0000000073;ingr_0000000155;ingr_0000000189;ingr_0000000521;ingr_0000000161;ingr_0000000518;ingr_0000000291;ingr_0000000006;ingr_0000000027,train,"[515, 23, 520, 524, 392, 122, 433, 73, 155, 189, 521, 161, 518, 291, 6, 27]",arugula brown rice lemon juice parsley pepperoni pizza garlic roasted potatoes radishes chicken thighs vinegar basil olive oil thyme salt caesar salad broccoli
dish_1558378634,874.966003,315.0,ingr_0000000440;ingr_0000000077;ingr_0000000039,train,"[440, 77, 39]",grapes almonds sausage
dish_1563476646,380.158081,218.0,ingr_0000000122;ingr_0000000434;ingr_0000000094;ingr_0000000291;ingr_0000000518;ingr_0000000341;ingr_0000000161;ingr_0000000046;ingr_0000000036;ingr_0000000092;ingr_0000000074;ingr_0000000025,train,"[122, 434, 94, 291, 518, 341, 161, 46, 36, 92, 74, 25]",garlic sour cream onions salt thyme cream olive oil mushroom spinach (raw) wine pasta beef
dish_1558719298,265.925995,46.0,ingr_0000000077,train,[77],almonds
dish_1559332418,482.108826,271.0,ingr_0000000518;ingr_0000000332;ingr_0000000161;ingr_0000000312;ingr_0000000023;ingr_0000000515;ingr_0000000291,train,"[518, 332, 161, 312, 23, 515, 291]",thyme salmon olive oil pepper brown rice arugula salt
dish_1563309285,59.450005,128.0,ingr_0000000012;ingr_0000000033;ingr_0000000030,train,"[12, 33, 30]",olives bell peppers lettuce
dish_1560888893,213.164108,141.0,ingr_0000000122;ingr_0000000133;ingr_0000000433;ingr_0000000518;ingr_0000000161;ingr_0000000520;ingr_0000000524;ingr_0000000036;ingr_0000000514;ingr_0000000028;ingr_0000000026;ingr_0000000291,train,"[122, 133, 433, 518, 161, 520, 524, 36, 514, 28, 26, 291]",garlic shallots roasted potatoes thyme olive oil lemon juice parsley spinach (raw) wheat berry chicken white rice salt
dish_1562184604,211.380005,78.0,ingr_0000000010,train,[10],steak
dish_1560370804,25.134001,6.0,ingr_0000000208,train,[208],ice cream cones
dish_1561577198,240.542908,174.0,ingr_0000000050;ingr_0000000517;ingr_0000000201;ingr_0000000515;ingr_0000000335;ingr_0000000433;ingr_0000000291;ingr_0000000312;ingr_0000000011;ingr_0000000161;ingr_0000000124;ingr_0000000126;ingr_0000000189,train,"[50, 517, 201, 515, 335, 433, 291, 312, 11, 161, 124, 126, 189]",tofu chard blueberries arugula eggplant roasted potatoes salt pepper cheese pizza olive oil walnuts mustard vinegar
dish_1558548958,2.3,10.0,ingr_0000000036,train,[36],spinach (raw)
dish_1559589902,16.368,76.0,ingr_0000000046;ingr_0000000014,train,"[46, 14]",mushroom asparagus
dish_1565813386,113.880005,156.0,ingr_0000000050,train,[50],tofu
dish_1563823292,450.546722,208.0,ingr_0000000367;ingr_0000000291;ingr_0000000161;ingr_0000000007;ingr_0000000514;ingr_0000000122;ingr_0000000010,train,"[367, 291, 161, 7, 514, 122, 10]",lime salt olive oil cauliflower wheat berry garlic steak
dish_1561405008,156.428101,134.0,ingr_0000000122;ingr_0000000508;ingr_0000000189;ingr_0000000036;ingr_0000000140;ingr_0000000526;ingr_0000000031;ingr_0000000032;ingr_0000000535;ingr_0000000027;ingr_0000000291;ingr_0000000026;ingr_0000000028;ingr_0000000126;ingr_0000000306;ingr_0000000540;ingr_0000000148;ingr_0000000043;ingr_0000000161;ingr_0000000072,train,"[122, 508, 189, 36, 140, 526, 31, 32, 535, 27, 291, 26, 28, 126, 306, 540, 148, 43, 161, 72]",garlic soy sauce vinegar spinach (raw) caesar dressing mustard greens cucumbers tomatoes green onions broccoli salt white rice chicken mustard croutons ginger parmesan cheese green beans olive oil kale
dish_1565379788,49.649929,101.0,ingr_0000000045;ingr_0000000161;ingr_0000000291;ingr_0000000312,train,"[45, 161, 291, 312]",carrot olive oil salt pepper
dish_1565194752,322.893646,510.0,ingr_0000000437;ingr_0000000128;ingr_0000000161,train,"[437, 128, 161]",sweet potato egg whites olive oil
dish_1562096372,346.713684,287.0,ingr_0000000155;ingr_0000000021;ingr_0000000046;ingr_0000000377;ingr_0000000335;ingr_0000000092;ingr_0000000133;ingr_0000000511;ingr_0000000122;ingr_0000000291;ingr_0000000520;ingr_0000000031;ingr_0000000161,train,"[155, 21, 46, 377, 335, 92, 133, 511, 122, 291, 520, 31, 161]",chicken thighs squash mushroom quinoa eggplant wine shallots spinach (cooked) garlic salt lemon juice cucumbers olive oil
dish_1560529825,52.919998,117.0,ingr_0000000121;ingr_0000000013,train,"[121, 13]",watermelon berries
dish_1562774504,335.363983,176.0,ingr_0000000039;ingr_0000000433;ingr_0000000121,train,"[39, 433, 121]",sausage roasted potatoes watermelon
dish_1562872945,258.59967,234.0,ingr_0000000515;ingr_0000000367;ingr_0000000527;ingr_0000000045;ingr_0000000472;ingr_0000000122;ingr_0000000524;ingr_0000000539;ingr_0000000538;ingr_0000000047;ingr_0000000312;ingr_0000000049;ingr_0000000291;ingr_0000000161;ingr_0000000434,train,"[515, 367, 527, 45, 472, 122, 524, 539, 538, 47, 312, 49, 291, 161, 434]",arugula lime chive carrot couscous garlic parsley nopales jicama corn pepper fish salt olive oil sour cream
dish_1563207301,187.929993,173.0,ingr_0000000192;ingr_0000000128;ingr_0000000161;ingr_0000000437,train,"[192, 128, 161, 437]",yam egg whites olive oil sweet potato
dish_1567789256,792.218384,319.0,ingr_0000000291;ingr_0000000122;ingr_0000000033;ingr_0000000008;ingr_0000000004;ingr_0000000031;ingr_0000000161;ingr_0000000126;ingr_0000000189;ingr_0000000039;ingr_0000000073,train,"[291, 122, 33, 8, 4, 31, 161, 126, 189, 39, 73]",salt garlic bell peppers scrambled eggs bacon cucumbers olive oil mustard vinegar sausage radishes
dish_1564429235,479.757751,253.0,ingr_0000000291;ingr_0000000187;ingr_0000000526;ingr_0000000161;ingr_0000000177;ingr_0000000515;ingr_0000000524;ingr_0000000189;ingr_0000000312,train,"[291, 187, 526, 161, 177, 515, 524, 189, 312]",salt chickpeas mustard greens olive oil tempeh arugula parsley vinegar pepper
dish_1561579824,185.212708,88.0,ingr_0000000291;ingr_0000000511;ingr_0000000133;ingr_0000000161;ingr_0000000094;ingr_0000000189;ingr_0000000525;ingr_0000000513;ingr_0000000025,train,"[291, 511, 133, 161, 94, 189, 525, 513, 25]",salt spinach (cooked) shallots olive oil onions vinegar bok choy millet beef
dish_1560443607,380.799988,706.0,ingr_0000000440;ingr_0000000112;ingr_0000000128;ingr_0000000013;ingr_0000000038,train,"[440, 112, 128, 13, 38]",grapes honeydew melons egg whites berries pineapple
dish_1562012076,525.973816,438.0,ingr_0000000161;ingr_0000000515;ingr_0000000377;ingr_0000000026;ingr_0000000291;ingr_0000000122;ingr_0000000133;ingr_0000000524;ingr_0000000518;ingr_0000000520,train,"[161, 515, 377, 26, 291, 122, 133, 524, 518, 520]",olive oil arugula quinoa white rice salt garlic shallots parsley thyme lemon juice
dish_1561577083,98.382996,37.0,ingr_0000000011,train,[11],cheese pizza
dish_1562605352,242.068939,195.0,ingr_0000000016;ingr_0000000008;ingr_0000000161;ingr_0000000312;ingr_0000000291,train,"[16, 8, 161, 312, 291]",brussels sprouts scrambled eggs olive oil pepper salt
dish_1560442279,333.769989,222.0,ingr_0000000377;ingr_0000000013;ingr_0000000004,train,"[377, 13, 4]",quinoa berries bacon
dish_1559846034,11.2,32.0,ingr_0000000027,train,[27],broccoli
dish_1562086740,447.890015,215.0,ingr_0000000008;ingr_0000000004,train,"[8, 4]",scrambled eggs bacon
dish_1561574974,50.130196,152.0,ingr_0000000335;ingr_0000000161;ingr_0000000291,train,"[335, 161, 291]",eggplant olive oil salt
dish_1564590190,194.015839,298.0,ingr_0000000437;ingr_0000000161;ingr_0000000121;ingr_0000000013,train,"[437, 161, 121, 13]",sweet potato olive oil watermelon berries
dish_1562615128,397.568329,244.0,ingr_0000000054;ingr_0000000026;ingr_0000000189;ingr_0000000021;ingr_0000000526;ingr_0000000122;ingr_0000000425;ingr_0000000291;ingr_0000000038;ingr_0000000072;ingr_0000000448;ingr_0000000010;ingr_0000000520;ingr_0000000161;ingr_0000000094;ingr_0000000515;ingr_0000000523;ingr_0000000070,train,"[54, 26, 189, 21, 526, 122, 425, 291, 38, 72, 448, 10, 520, 161, 94, 515, 523, 70]",apple white rice vinegar squash mustard greens garlic goat cheese salt pineapple kale jalapenos steak lemon juice olive oil onions arugula cilantro figs
dish_1558468285,12.32,44.0,ingr_0000000029,train,[29],mixed greens
dish_1558725049,43.0,100.0,ingr_0000000016,train,[16],brussels sprouts
dish_1561579505,31.5,126.0,ingr_0000000007,train,[7],cauliflower
dish_1558721380,19.26,107.0,ingr_0000000471,train,[471],cherry tomatoes
dish_1558724005,31.620001,93.0,ingr_0000000037,train,[37],cantaloupe
dish_1565640842,307.429993,329.0,ingr_0000000029;ingr_0000000028;ingr_0000000031;ingr_0000000320,train,"[29, 28, 31, 320]",mixed greens chicken cucumbers black beans
dish_1561665626,51.988998,49.0,ingr_0000000205,train,[205],corn on the cob
dish_1562945900,240.695312,281.0,ingr_0000000037;ingr_0000000338;ingr_0000000013;ingr_0000000041;ingr_0000000029;ingr_0000000112;ingr_0000000294;ingr_0000000040;ingr_0000000137;ingr_0000000433,train,"[37, 338, 13, 41, 29, 112, 294, 40, 137, 433]",cantaloupe vinaigrette berries blackberries mixed greens honeydew melons granola raspberries succotash roasted potatoes
dish_1564000202,396.190979,149.0,ingr_0000000011,train,[11],cheese pizza
dish_1562947885,215.970001,313.0,ingr_0000000440,train,[440],grapes
dish_1566316496,121.098083,64.0,ingr_0000000189;ingr_0000000073;ingr_0000000291;ingr_0000000033;ingr_0000000161;ingr_0000000122;ingr_0000000031;ingr_0000000126,train,"[189, 73, 291, 33, 161, 122, 31, 126]",vinegar radishes salt bell peppers olive oil garlic cucumbers mustard
dish_1558641416,59.416,56.0,ingr_0000000205,train,[205],corn on the cob
dish_1558630649,190.009995,355.0,ingr_0000000037;ingr_0000000440;ingr_0000000054,train,"[37, 440, 54]",cantaloupe grapes apple
dish_1563393244,57.550003,280.0,ingr_0000000027;ingr_0000000031;ingr_0000000094;ingr_0000000021;ingr_0000000073;ingr_0000000485,train,"[27, 31, 94, 21, 73, 485]",broccoli cucumbers onions squash radishes zucchini
dish_1558632475,118.832001,112.0,ingr_0000000205,train,[205],corn on the cob
dish_1558721827,886.523071,429.0,ingr_0000000037;ingr_0000000054;ingr_0000000007;ingr_0000000077,train,"[37, 54, 7, 77]",cantaloupe apple cauliflower almonds
dish_1559235639,33.990002,103.0,ingr_0000000002,train,[2],strawberries
dish_1562860045,280.290009,123.0,ingr_0000000008;ingr_0000000004,train,"[8, 4]",scrambled eggs bacon
dish_1561576212,145.229996,103.0,ingr_0000000433,train,[433],roasted potatoes
dish_1565118067,623.429932,522.0,ingr_0000000045;ingr_0000000244;ingr_0000000402;ingr_0000000471;ingr_0000000011;ingr_0000000033,train,"[45, 244, 402, 471, 11, 33]",carrot chicken breast tuna cherry tomatoes cheese pizza bell peppers
dish_1562168399,128.709991,243.0,ingr_0000000013;ingr_0000000038,train,"[13, 38]",berries pineapple
dish_1560455442,457.578918,293.0,ingr_0000000434;ingr_0000000539;ingr_0000000126;ingr_0000000524;ingr_0000000517;ingr_0000000189;ingr_0000000205;ingr_0000000047;ingr_0000000312;ingr_0000000527;ingr_0000000291;ingr_0000000122;ingr_0000000367;ingr_0000000045;ingr_0000000161;ingr_0000000077;ingr_0000000380;ingr_0000000515;ingr_0000000036;ingr_0000000201;ingr_0000000538;ingr_0000000049,train,"[434, 539, 126, 524, 517, 189, 205, 47, 312, 527, 291, 122, 367, 45, 161, 77, 380, 515, 36, 201, 538, 49]",sour cream nopales mustard parsley chard vinegar corn on the cob corn pepper chive salt garlic lime carrot olive oil almonds pizza arugula spinach (raw) blueberries jicama fish
dish_1567110556,127.107117,150.0,ingr_0000000471;ingr_0000000291;ingr_0000000312;ingr_0000000189;ingr_0000000043;ingr_0000000094;ingr_0000000031;ingr_0000000161;ingr_0000000029;ingr_0000000030;ingr_0000000367,train,"[471, 291, 312, 189, 43, 94, 31, 161, 29, 30, 367]",cherry tomatoes salt pepper vinegar green beans onions cucumbers olive oil mixed greens lettuce lime
dish_1558635933,33.32,98.0,ingr_0000000037,train,[37],cantaloupe
dish_1567542953,542.496338,354.0,ingr_0000000025;ingr_0000000203;ingr_0000000026;ingr_0000000038;ingr_0000000508;ingr_0000000094;ingr_0000000312;ingr_0000000523;ingr_0000000535;ingr_0000000011;ingr_0000000291;ingr_0000000155;ingr_0000000072;ingr_0000000189;ingr_0000000520;ingr_0000000045;ingr_0000000161;ingr_0000000498;ingr_0000000122;ingr_0000000027,train,"[25, 203, 26, 38, 508, 94, 312, 523, 535, 11, 291, 155, 72, 189, 520, 45, 161, 498, 122, 27]",beef chili white rice pineapple soy sauce onions pepper cilantro green onions cheese pizza salt chicken thighs kale vinegar lemon juice carrot olive oil orange juice garlic broccoli
dish_1568666061,260.434052,253.0,ingr_0000000122;ingr_0000000448;ingr_0000000522;ingr_0000000031;ingr_0000000524;ingr_0000000033;ingr_0000000291;ingr_0000000006;ingr_0000000072;ingr_0000000513;ingr_0000000312;ingr_0000000028;ingr_0000000036;ingr_0000000161;ingr_0000000016;ingr_0000000520;ingr_0000000011;ingr_0000000032;ingr_0000000094,train,"[122, 448, 522, 31, 524, 33, 291, 6, 72, 513, 312, 28, 36, 161, 16, 520, 11, 32, 94]",garlic jalapenos tatsoi cucumbers parsley bell peppers salt caesar salad kale millet pepper chicken spinach (raw) olive oil brussels sprouts lemon juice cheese pizza tomatoes onions
dish_1563480608,886.946472,650.0,ingr_0000000025;ingr_0000000291;ingr_0000000523;ingr_0000000161;ingr_0000000031;ingr_0000000448;ingr_0000000023;ingr_0000000007;ingr_0000000367;ingr_0000000027;ingr_0000000518;ingr_0000000434;ingr_0000000540;ingr_0000000036;ingr_0000000092;ingr_0000000074;ingr_0000000122;ingr_0000000046;ingr_0000000520;ingr_0000000126;ingr_0000000332;ingr_0000000070;ingr_0000000203;ingr_0000000133;ingr_0000000094;ingr_0000000517;ingr_0000000341;ingr_0000000189;ingr_0000000471,train,"[25, 291, 523, 161, 31, 448, 23, 7, 367, 27, 518, 434, 540, 36, 92, 74, 122, 46, 520, 126, 332, 70, 203, 133, 94, 517, 341, 189, 471]",beef salt cilantro olive oil cucumbers jalapenos brown rice cauliflower lime broccoli thyme sour cream ginger spinach (raw) wine pasta garlic mushroom lemon juice mustard salmon figs chili shallots onions chard cream vinegar cherry tomatoes
dish_1563218031,419.769562,426.0,ingr_0000000291;ingr_0000000367;ingr_0000000027;ingr_0000000021;ingr_0000000514;ingr_0000000448;ingr_0000000516;ingr_0000000485;ingr_0000000094;ingr_0000000036;ingr_0000000526;ingr_0000000523;ingr_0000000148;ingr_0000000518;ingr_0000000349;ingr_0000000471;ingr_0000000515;ingr_0000000462;ingr_0000000244;ingr_0000000031;ingr_0000000520;ingr_0000000524;ingr_0000000161;ingr_0000000122;ingr_0000000032;ingr_0000000026,train,"[291, 367, 27, 21, 514, 448, 516, 485, 94, 36, 526, 523, 148, 518, 349, 471, 515, 462, 244, 31, 520, 524, 161, 122, 32, 26]",salt lime broccoli squash wheat berry jalapenos rosemary zucchini onions spinach (raw) mustard greens cilantro parmesan cheese thyme mangos cherry tomatoes arugula pork chicken breast cucumbers lemon juice parsley olive oil garlic tomatoes white rice
dish_1559245654,115.544006,202.0,ingr_0000000213,train,[213],pears
dish_1563823814,25.585732,85.0,ingr_0000000291;ingr_0000000312;ingr_0000000342;ingr_0000000161,train,"[291, 312, 342, 161]",salt pepper turnips olive oil
dish_1559158263,40.73682,33.0,ingr_0000000201;ingr_0000000515;ingr_0000000189;ingr_0000000517;ingr_0000000312;ingr_0000000124;ingr_0000000291;ingr_0000000126;ingr_0000000161,train,"[201, 515, 189, 517, 312, 124, 291, 126, 161]",blueberries arugula vinegar chard pepper walnuts salt mustard olive oil
dish_1563217939,227.242706,171.0,ingr_0000000026;ingr_0000000515;ingr_0000000471;ingr_0000000122;ingr_0000000094;ingr_0000000161;ingr_0000000031;ingr_0000000032;ingr_0000000520;ingr_0000000367;ingr_0000000291;ingr_0000000526;ingr_0000000485;ingr_0000000524;ingr_0000000349;ingr_0000000448;ingr_0000000462;ingr_0000000516;ingr_0000000523,train,"[26, 515, 471, 122, 94, 161, 31, 32, 520, 367, 291, 526, 485, 524, 349, 448, 462, 516, 523]",white rice arugula cherry tomatoes garlic onions olive oil cucumbers tomatoes lemon juice lime salt mustard greens zucchini parsley mangos jalapenos pork rosemary cilantro
dish_1558546918,70.199997,54.0,ingr_0000000026,train,[26],white rice
dish_1566329021,792.680847,486.0,ingr_0000000033;ingr_0000000133;ingr_0000000025;ingr_0000000122;ingr_0000000189;ingr_0000000036;ingr_0000000312;ingr_0000000161;ingr_0000000032;ingr_0000000011;ingr_0000000291;ingr_0000000028;ingr_0000000525;ingr_0000000448;ingr_0000000016;ingr_0000000094;ingr_0000000194;ingr_0000000511;ingr_0000000513,train,"[33, 133, 25, 122, 189, 36, 312, 161, 32, 11, 291, 28, 525, 448, 16, 94, 194, 511, 513]",bell peppers shallots beef garlic vinegar spinach (raw) pepper olive oil tomatoes cheese pizza salt chicken bok choy jalapenos brussels sprouts onions fried rice spinach (cooked) millet
dish_1560799113,98.420006,37.0,ingr_0000000380,train,[380],pizza
dish_1561491210,251.097473,276.0,ingr_0000000517;ingr_0000000201;ingr_0000000471;ingr_0000000073;ingr_0000000133;ingr_0000000291;ingr_0000000527;ingr_0000000161;ingr_0000000514;ingr_0000000189;ingr_0000000036;ingr_0000000009;ingr_0000000049;ingr_0000000122;ingr_0000000007;ingr_0000000520;ingr_0000000126;ingr_0000000524,train,"[517, 201, 471, 73, 133, 291, 527, 161, 514, 189, 36, 9, 49, 122, 7, 520, 126, 524]",chard blueberries cherry tomatoes radishes shallots salt chive olive oil wheat berry vinegar spinach (raw) wild rice fish garlic cauliflower lemon juice mustard parsley
dish_1558629398,21.76,64.0,ingr_0000000032,train,[32],tomatoes
dish_1565107143,454.274597,655.0,ingr_0000000161;ingr_0000000121;ingr_0000000128;ingr_0000000008;ingr_0000000437,train,"[161, 121, 128, 8, 437]",olive oil watermelon egg whites scrambled eggs sweet potato
dish_1560441464,28.5,50.0,ingr_0000000013,train,[13],berries
dish_1562611580,141.0,50.0,ingr_0000000392,train,[392],pepperoni pizza
dish_1563389079,50.428173,119.0,ingr_0000000027;ingr_0000000312;ingr_0000000161;ingr_0000000045;ingr_0000000291,train,"[27, 312, 161, 45, 291]",broccoli pepper olive oil carrot salt
dish_1561752449,287.849854,134.0,ingr_0000000032;ingr_0000000122;ingr_0000000094;ingr_0000000203;ingr_0000000060;ingr_0000000291;ingr_0000000161;ingr_0000000155;ingr_0000000523;ingr_0000000052,train,"[32, 122, 94, 203, 60, 291, 161, 155, 523, 52]",tomatoes garlic onions chili tortilla salt olive oil chicken thighs cilantro cheese
dish_1559846450,114.972008,201.0,ingr_0000000213,train,[213],pears
dish_1561393619,234.040009,284.0,ingr_0000000001;ingr_0000000013,train,"[1, 13]",cottage cheese berries
dish_1562947376,36.5,73.0,ingr_0000000038,train,[38],pineapple
dish_1563205877,56.0,35.0,ingr_0000000510,train,[510],chicken apple sausage
dish_1563910106,101.457962,84.0,ingr_0000000036;ingr_0000000517;ingr_0000000189;ingr_0000000126;ingr_0000000471;ingr_0000000291;ingr_0000000070;ingr_0000000161;ingr_0000000031,train,"[36, 517, 189, 126, 471, 291, 70, 161, 31]",spinach (raw) chard vinegar mustard cherry tomatoes salt figs olive oil cucumbers
dish_1566591048,876.201843,481.0,ingr_0000000012;ingr_0000000023;ingr_0000000515;ingr_0000000484;ingr_0000000312;ingr_0000000028;ingr_0000000332;ingr_0000000291;ingr_0000000518;ingr_0000000161,train,"[12, 23, 515, 484, 312, 28, 332, 291, 518, 161]",olives brown rice arugula chicken salad pepper chicken salmon salt thyme olive oil
dish_1561663035,263.240997,99.0,ingr_0000000011,train,[11],cheese pizza
dish_1560787696,37.869999,7.0,ingr_0000000004,train,[4],bacon
dish_1565107066,127.279999,86.0,ingr_0000000008,train,[8],scrambled eggs
dish_1561481577,200.169998,37.0,ingr_0000000004,train,[4],bacon
dish_1561737839,210.899994,370.0,ingr_0000000013,train,[13],berries
dish_1563827060,146.244995,55.0,ingr_0000000011,train,[11],cheese pizza
dish_1562010085,440.321442,264.0,ingr_0000000514;ingr_0000000520;ingr_0000000448;ingr_0000000116;ingr_0000000312;ingr_0000000016;ingr_0000000122;ingr_0000000291;ingr_0000000045;ingr_0000000152;ingr_0000000161;ingr_0000000524;ingr_0000000462,train,"[514, 520, 448, 116, 312, 16, 122, 291, 45, 152, 161, 524, 462]",wheat berry lemon juice jalapenos mayonnaise pepper brussels sprouts garlic salt carrot cabbage olive oil parsley pork
dish_1556575124,4.48,28.0,ingr_0000000034,train,[34],celery
dish_1561748950,197.252945,205.0,ingr_0000000291;ingr_0000000161;ingr_0000000518;ingr_0000000112;ingr_0000000023;ingr_0000000515;ingr_0000000312;ingr_0000000332,train,"[291, 161, 518, 112, 23, 515, 312, 332]",salt olive oil thyme honeydew melons brown rice arugula pepper salmon
dish_1562097624,77.586021,68.0,ingr_0000000514;ingr_0000000161,train,"[514, 161]",wheat berry olive oil
dish_1565721800,33.345001,171.0,ingr_0000000485;ingr_0000000529,train,"[485, 529]",zucchini chayote squash
dish_1561405887,213.343475,139.0,ingr_0000000161;ingr_0000000508;ingr_0000000291;ingr_0000000011;ingr_0000000028;ingr_0000000026;ingr_0000000189;ingr_0000000036;ingr_0000000540;ingr_0000000045;ingr_0000000122;ingr_0000000027;ingr_0000000535;ingr_0000000312;ingr_0000000043,train,"[161, 508, 291, 11, 28, 26, 189, 36, 540, 45, 122, 27, 535, 312, 43]",olive oil soy sauce salt cheese pizza chicken white rice vinegar spinach (raw) ginger carrot garlic broccoli green onions pepper green beans
dish_1561665747,486.296082,314.0,ingr_0000000029;ingr_0000000187;ingr_0000000054;ingr_0000000520;ingr_0000000380;ingr_0000000094;ingr_0000000524;ingr_0000000161;ingr_0000000205;ingr_0000000189;ingr_0000000513;ingr_0000000291,train,"[29, 187, 54, 520, 380, 94, 524, 161, 205, 189, 513, 291]",mixed greens chickpeas apple lemon juice pizza onions parsley olive oil corn on the cob vinegar millet salt
dish_1562168450,282.539978,431.0,ingr_0000000013;ingr_0000000038;ingr_0000000128;ingr_0000000433,train,"[13, 38, 128, 433]",berries pineapple egg whites roasted potatoes
dish_1561406762,17.205421,35.0,ingr_0000000045;ingr_0000000291;ingr_0000000312;ingr_0000000161,train,"[45, 291, 312, 161]",carrot salt pepper olive oil
dish_1561576707,324.142426,492.0,ingr_0000000341;ingr_0000000335;ingr_0000000515;ingr_0000000046;ingr_0000000122;ingr_0000000291;ingr_0000000133;ingr_0000000006;ingr_0000000519;ingr_0000000028;ingr_0000000007;ingr_0000000514;ingr_0000000021;ingr_0000000312;ingr_0000000441;ingr_0000000520;ingr_0000000516;ingr_0000000161;ingr_0000000518;ingr_0000000521;ingr_0000000428,train,"[341, 335, 515, 46, 122, 291, 133, 6, 519, 28, 7, 514, 21, 312, 441, 520, 516, 161, 518, 521, 428]",cream eggplant arugula mushroom garlic salt shallots caesar salad oregano chicken cauliflower wheat berry squash pepper butter lemon juice rosemary olive oil thyme basil white wine
dish_1558642420,38.950001,95.0,ingr_0000000045,train,[45],carrot
dish_1568320470,521.038635,341.0,ingr_0000000189;ingr_0000000319;ingr_0000000161;ingr_0000000338;ingr_0000000511;ingr_0000000012;ingr_0000000030;ingr_0000000025;ingr_0000000377;ingr_0000000525;ingr_0000000513;ingr_0000000471;ingr_0000000031;ingr_0000000094;ingr_0000000133;ingr_0000000291;ingr_0000000011;ingr_0000000033;ingr_0000000043,train,"[189, 319, 161, 338, 511, 12, 30, 25, 377, 525, 513, 471, 31, 94, 133, 291, 11, 33, 43]",vinegar feta cheese olive oil vinaigrette spinach (cooked) olives lettuce beef quinoa bok choy millet cherry tomatoes cucumbers onions shallots salt cheese pizza bell peppers green beans
dish_1558372695,148.178009,43.0,ingr_0000000039,train,[39],sausage
dish_1562173111,792.179993,163.0,ingr_0000000543,train,[543],chia seeds
dish_1563813806,81.119995,156.0,ingr_0000000128,train,[128],egg whites
dish_1559678629,89.376663,80.0,ingr_0000000133;ingr_0000000033;ingr_0000000367;ingr_0000000094;ingr_0000000072;ingr_0000000291;ingr_0000000161;ingr_0000000113;ingr_0000000448;ingr_0000000523;ingr_0000000049;ingr_0000000026,train,"[133, 33, 367, 94, 72, 291, 161, 113, 448, 523, 49, 26]",shallots bell peppers lime onions kale salt olive oil ketchup jalapenos cilantro fish white rice
dish_1563221640,469.186188,364.0,ingr_0000000349;ingr_0000000515;ingr_0000000392;ingr_0000000148;ingr_0000000036;ingr_0000000032;ingr_0000000518;ingr_0000000526;ingr_0000000126;ingr_0000000031;ingr_0000000027;ingr_0000000122;ingr_0000000291;ingr_0000000448;ingr_0000000471;ingr_0000000244;ingr_0000000054;ingr_0000000520;ingr_0000000021;ingr_0000000514;ingr_0000000189;ingr_0000000161;ingr_0000000473;ingr_0000000094;ingr_0000000367;ingr_0000000523,train,"[349, 515, 392, 148, 36, 32, 518, 526, 126, 31, 27, 122, 291, 448, 471, 244, 54, 520, 21, 514, 189, 161, 473, 94, 367, 523]",mangos arugula pepperoni pizza parmesan cheese spinach (raw) tomatoes thyme mustard greens mustard cucumbers broccoli garlic salt jalapenos cherry tomatoes chicken breast apple lemon juice squash wheat berry vinegar olive oil cranberries onions lime cilantro
dish_1566587958,398.49588,224.0,ingr_0000000023;ingr_0000000515;ingr_0000000291;ingr_0000000312;ingr_0000000518;ingr_0000000332;ingr_0000000161,train,"[23, 515, 291, 312, 518, 332, 161]",brown rice arugula salt pepper thyme salmon olive oil
dish_1565024707,299.297974,149.0,ingr_0000000080;ingr_0000000008,train,"[80, 8]",turkey bacon scrambled eggs
dish_1568060746,778.819946,395.0,ingr_0000000161;ingr_0000000029;ingr_0000000042;ingr_0000000094;ingr_0000000028,train,"[161, 29, 42, 94, 28]",olive oil mixed greens avocado onions chicken
dish_1558719514,433.285004,430.0,ingr_0000000077;ingr_0000000054;ingr_0000000205;ingr_0000000471;ingr_0000000007,train,"[77, 54, 205, 471, 7]",almonds apple corn on the cob cherry tomatoes cauliflower
dish_1561060976,265.507263,266.0,ingr_0000000332;ingr_0000000094;ingr_0000000448;ingr_0000000050;ingr_0000000016;ingr_0000000523;ingr_0000000203;ingr_0000000312;ingr_0000000291;ingr_0000000367;ingr_0000000540;ingr_0000000023;ingr_0000000036;ingr_0000000520;ingr_0000000161;ingr_0000000122;ingr_0000000133,train,"[332, 94, 448, 50, 16, 523, 203, 312, 291, 367, 540, 23, 36, 520, 161, 122, 133]",salmon onions jalapenos tofu brussels sprouts cilantro chili pepper salt lime ginger brown rice spinach (raw) lemon juice olive oil garlic shallots
dish_1565728562,354.982239,262.0,ingr_0000000189;ingr_0000000025;ingr_0000000028;ingr_0000000513;ingr_0000000511;ingr_0000000133;ingr_0000000291;ingr_0000000525;ingr_0000000520;ingr_0000000518;ingr_0000000161;ingr_0000000514;ingr_0000000036;ingr_0000000122;ingr_0000000433;ingr_0000000011;ingr_0000000094;ingr_0000000524;ingr_0000000021,train,"[189, 25, 28, 513, 511, 133, 291, 525, 520, 518, 161, 514, 36, 122, 433, 11, 94, 524, 21]",vinegar beef chicken millet spinach (cooked) shallots salt bok choy lemon juice thyme olive oil wheat berry spinach (raw) garlic roasted potatoes cheese pizza onions parsley squash
dish_1558457577,172.604996,111.0,ingr_0000000179,train,[179],eggs
dish_1558721323,31.620001,93.0,ingr_0000000037,train,[37],cantaloupe
dish_1566332116,153.550003,275.0,ingr_0000000012;ingr_0000000036;ingr_0000000031,train,"[12, 36, 31]",olives spinach (raw) cucumbers
dish_1558115320,173.430008,30.0,ingr_0000000077,train,[77],almonds
dish_1558639752,254.130997,220.0,ingr_0000000205;ingr_0000000471;ingr_0000000077,train,"[205, 471, 77]",corn on the cob cherry tomatoes almonds
dish_1563222745,135.360001,48.0,ingr_0000000392,train,[392],pepperoni pizza
dish_1566587689,196.84697,270.0,ingr_0000000332;ingr_0000000291;ingr_0000000161;ingr_0000000518;ingr_0000000072;ingr_0000000023;ingr_0000000517;ingr_0000000515;ingr_0000000312,train,"[332, 291, 161, 518, 72, 23, 517, 515, 312]",salmon salt olive oil thyme kale brown rice chard arugula pepper
dish_1561393550,172.480011,176.0,ingr_0000000001,train,[1],cottage cheese
dish_1565728684,493.299072,464.0,ingr_0000000133;ingr_0000000291;ingr_0000000011;ingr_0000000520;ingr_0000000528;ingr_0000000094;ingr_0000000189;ingr_0000000025;ingr_0000000122;ingr_0000000525;ingr_0000000513;ingr_0000000028;ingr_0000000511;ingr_0000000433;ingr_0000000027;ingr_0000000029;ingr_0000000524;ingr_0000000161;ingr_0000000518;ingr_0000000514;ingr_0000000021;ingr_0000000036;ingr_0000000126;ingr_0000000471;ingr_0000000038,train,"[133, 291, 11, 520, 528, 94, 189, 25, 122, 525, 513, 28, 511, 433, 27, 29, 524, 161, 518, 514, 21, 36, 126, 471, 38]",shallots salt cheese pizza lemon juice celery root onions vinegar beef garlic bok choy millet chicken spinach (cooked) roasted potatoes broccoli mixed greens parsley olive oil thyme wheat berry squash spinach (raw) mustard cherry tomatoes pineapple
dish_1558635865,20.159,19.0,ingr_0000000205,train,[205],corn on the cob
dish_1559845370,94.309998,139.0,ingr_0000000005;ingr_0000000507,train,"[5, 507]",potatoes mandarin oranges
dish_1558458438,3.22,14.0,ingr_0000000036,train,[36],spinach (raw)
dish_1561575506,562.043274,393.0,ingr_0000000161;ingr_0000000094;ingr_0000000133;ingr_0000000291;ingr_0000000433;ingr_0000000525;ingr_0000000513;ingr_0000000007;ingr_0000000511;ingr_0000000025;ingr_0000000189;ingr_0000000335,train,"[161, 94, 133, 291, 433, 525, 513, 7, 511, 25, 189, 335]",olive oil onions shallots salt roasted potatoes bok choy millet cauliflower spinach (cooked) beef vinegar eggplant
dish_1564589072,419.31073,241.0,ingr_0000000437;ingr_0000000161;ingr_0000000372,train,"[437, 161, 372]",sweet potato olive oil chilaquiles
dish_1567789190,507.388397,177.0,ingr_0000000291;ingr_0000000033;ingr_0000000122;ingr_0000000161;ingr_0000000031;ingr_0000000189;ingr_0000000126;ingr_0000000039;ingr_0000000073,train,"[291, 33, 122, 161, 31, 189, 126, 39, 73]",salt bell peppers garlic olive oil cucumbers vinegar mustard sausage radishes
dish_1558723096,16.5,66.0,ingr_0000000007,train,[7],cauliflower
dish_1560444616,265.871002,240.0,ingr_0000000008;ingr_0000000192;ingr_0000000002,train,"[8, 192, 2]",scrambled eggs yam strawberries
dish_1562774346,422.651428,264.0,ingr_0000000052;ingr_0000000008,train,"[52, 8]",cheese scrambled eggs
dish_1558635962,52.028999,9.0,ingr_0000000077,train,[77],almonds
dish_1558115641,584.526001,331.0,ingr_0000000440;ingr_0000000039;ingr_0000000005,train,"[440, 39, 5]",grapes sausage potatoes
dish_1565972363,289.639984,557.0,ingr_0000000128,train,[128],egg whites
dish_1561392570,149.804916,187.0,ingr_0000000033;ingr_0000000126;ingr_0000000291;ingr_0000000013;ingr_0000000031;ingr_0000000122;ingr_0000000161;ingr_0000000027;ingr_0000000189;ingr_0000000073,train,"[33, 126, 291, 13, 31, 122, 161, 27, 189, 73]",bell peppers mustard salt berries cucumbers garlic olive oil broccoli vinegar radishes
dish_1559319902,8.5,17.0,ingr_0000000038,train,[38],pineapple
dish_1561752970,642.29187,299.0,ingr_0000000122;ingr_0000000094;ingr_0000000203;ingr_0000000060;ingr_0000000291;ingr_0000000161;ingr_0000000155;ingr_0000000523;ingr_0000000052;ingr_0000000032,train,"[122, 94, 203, 60, 291, 161, 155, 523, 52, 32]",garlic onions chili tortilla salt olive oil chicken thighs cilantro cheese tomatoes
dish_1562698132,128.096802,178.0,ingr_0000000047;ingr_0000000291;ingr_0000000095;ingr_0000000527;ingr_0000000102;ingr_0000000524;ingr_0000000161;ingr_0000000357;ingr_0000000021;ingr_0000000515;ingr_0000000049;ingr_0000000312;ingr_0000000122,train,"[47, 291, 95, 527, 102, 524, 161, 357, 21, 515, 49, 312, 122]",corn salt artichokes chive snow peas parsley olive oil lentils squash arugula fish pepper garlic
dish_1566849208,19.6,70.0,ingr_0000000029,train,[29],mixed greens
dish_1562615360,331.481995,191.0,ingr_0000000038;ingr_0000000010;ingr_0000000094;ingr_0000000072;ingr_0000000161;ingr_0000000122;ingr_0000000523;ingr_0000000291;ingr_0000000026;ingr_0000000054;ingr_0000000448;ingr_0000000189;ingr_0000000520;ingr_0000000515;ingr_0000000526;ingr_0000000425;ingr_0000000433;ingr_0000000070,train,"[38, 10, 94, 72, 161, 122, 523, 291, 26, 54, 448, 189, 520, 515, 526, 425, 433, 70]",pineapple steak onions kale olive oil garlic cilantro salt white rice apple jalapenos vinegar lemon juice arugula mustard greens goat cheese roasted potatoes figs
dish_1563476463,1067.511108,542.0,ingr_0000000122;ingr_0000000367;ingr_0000000203;ingr_0000000520;ingr_0000000257;ingr_0000000161;ingr_0000000092;ingr_0000000341;ingr_0000000023;ingr_0000000046;ingr_0000000025;ingr_0000000332;ingr_0000000074;ingr_0000000133;ingr_0000000291;ingr_0000000011;ingr_0000000094;ingr_0000000434;ingr_0000000518;ingr_0000000036;ingr_0000000540;ingr_0000000448;ingr_0000000523,train,"[122, 367, 203, 520, 257, 161, 92, 341, 23, 46, 25, 332, 74, 133, 291, 11, 94, 434, 518, 36, 540, 448, 523]",garlic lime chili lemon juice brownies olive oil wine cream brown rice mushroom beef salmon pasta shallots salt cheese pizza onions sour cream thyme spinach (raw) ginger jalapenos cilantro
dish_1561663990,181.4897,115.0,ingr_0000000023;ingr_0000000516;ingr_0000000161;ingr_0000000524;ingr_0000000045;ingr_0000000527;ingr_0000000291;ingr_0000000028;ingr_0000000122;ingr_0000000520;ingr_0000000517;ingr_0000000521,train,"[23, 516, 161, 524, 45, 527, 291, 28, 122, 520, 517, 521]",brown rice rosemary olive oil parsley carrot chive salt chicken garlic lemon juice chard basil
dish_1563567722,645.323669,576.0,ingr_0000000471;ingr_0000000049;ingr_0000000517;ingr_0000000515;ingr_0000000514;ingr_0000000520;ingr_0000000082;ingr_0000000126;ingr_0000000072;ingr_0000000527;ingr_0000000133;ingr_0000000205;ingr_0000000189;ingr_0000000201;ingr_0000000161;ingr_0000000524;ingr_0000000291;ingr_0000000122,train,"[471, 49, 517, 515, 514, 520, 82, 126, 72, 527, 133, 205, 189, 201, 161, 524, 291, 122]",cherry tomatoes fish chard arugula wheat berry lemon juice pecans mustard kale chive shallots corn on the cob vinegar blueberries olive oil parsley salt garlic
dish_1562859116,145.040009,98.0,ingr_0000000008,train,[8],scrambled eggs
dish_1561662501,158.395508,165.0,ingr_0000000161;ingr_0000000312;ingr_0000000205;ingr_0000000189;ingr_0000000471;ingr_0000000291;ingr_0000000029;ingr_0000000030;ingr_0000000367;ingr_0000000031;ingr_0000000094;ingr_0000000050,train,"[161, 312, 205, 189, 471, 291, 29, 30, 367, 31, 94, 50]",olive oil pepper corn on the cob vinegar cherry tomatoes salt mixed greens lettuce lime cucumbers onions tofu
dish_1560444785,313.079987,448.0,ingr_0000000004;ingr_0000000121;ingr_0000000112;ingr_0000000038,train,"[4, 121, 112, 38]",bacon watermelon honeydew melons pineapple
dish_1566588016,472.233398,374.0,ingr_0000000312;ingr_0000000332;ingr_0000000023;ingr_0000000515;ingr_0000000518;ingr_0000000045;ingr_0000000161;ingr_0000000291,train,"[312, 332, 23, 515, 518, 45, 161, 291]",pepper salmon brown rice arugula thyme carrot olive oil salt
dish_1568313527,48.920002,71.0,ingr_0000000029;ingr_0000000042,train,"[29, 42]",mixed greens avocado
dish_1560527950,23.1,77.0,ingr_0000000121,train,[121],watermelon
dish_1561062286,256.359406,167.0,ingr_0000000092;ingr_0000000540;ingr_0000000448;ingr_0000000023;ingr_0000000046;ingr_0000000341;ingr_0000000520;ingr_0000000434;ingr_0000000094;ingr_0000000367;ingr_0000000291;ingr_0000000523;ingr_0000000025;ingr_0000000074;ingr_0000000036;ingr_0000000518;ingr_0000000161;ingr_0000000026;ingr_0000000203;ingr_0000000133;ingr_0000000332;ingr_0000000122,train,"[92, 540, 448, 23, 46, 341, 520, 434, 94, 367, 291, 523, 25, 74, 36, 518, 161, 26, 203, 133, 332, 122]",wine ginger jalapenos brown rice mushroom cream lemon juice sour cream onions lime salt cilantro beef pasta spinach (raw) thyme olive oil white rice chili shallots salmon garlic
dish_1562789207,146.244995,55.0,ingr_0000000011,train,[11],cheese pizza
dish_1558717886,73.839996,142.0,ingr_0000000054,train,[54],apple
dish_1563811412,112.839996,217.0,ingr_0000000128,train,[128],egg whites
dish_1562960437,97.290001,69.0,ingr_0000000433,train,[433],roasted potatoes
dish_1562010891,438.74292,341.0,ingr_0000000122;ingr_0000000038;ingr_0000000312;ingr_0000000448;ingr_0000000116;ingr_0000000517;ingr_0000000462;ingr_0000000524;ingr_0000000520;ingr_0000000082;ingr_0000000126;ingr_0000000045;ingr_0000000515;ingr_0000000189;ingr_0000000514;ingr_0000000201;ingr_0000000161;ingr_0000000152;ingr_0000000291,train,"[122, 38, 312, 448, 116, 517, 462, 524, 520, 82, 126, 45, 515, 189, 514, 201, 161, 152, 291]",garlic pineapple pepper jalapenos mayonnaise chard pork parsley lemon juice pecans mustard carrot arugula vinegar wheat berry blueberries olive oil cabbage salt
dish_1561666619,35.880001,52.0,ingr_0000000440,train,[440],grapes
dish_1562862550,364.52002,257.0,ingr_0000000495;ingr_0000000008;ingr_0000000002;ingr_0000000264,train,"[495, 8, 2, 264]",cream cheese scrambled eggs strawberries bagels
dish_1562613045,166.112,207.0,ingr_0000000047;ingr_0000000029;ingr_0000000196,train,"[47, 29, 196]",corn mixed greens cod
dish_1558378516,92.459999,134.0,ingr_0000000440,train,[440],grapes
dish_1558463113,63.579998,139.0,ingr_0000000026;ingr_0000000440;ingr_0000000471;ingr_0000000036,train,"[26, 440, 471, 36]",white rice grapes cherry tomatoes spinach (raw)
dish_1562687527,203.221603,210.0,ingr_0000000073;ingr_0000000013;ingr_0000000510;ingr_0000000189;ingr_0000000122;ingr_0000000031;ingr_0000000161;ingr_0000000033;ingr_0000000126;ingr_0000000291;ingr_0000000112,train,"[73, 13, 510, 189, 122, 31, 161, 33, 126, 291, 112]",radishes berries chicken apple sausage vinegar garlic cucumbers olive oil bell peppers mustard salt honeydew melons
dish_1562861103,94.607872,50.0,ingr_0000000033;ingr_0000000291;ingr_0000000126;ingr_0000000031;ingr_0000000161;ingr_0000000189;ingr_0000000073;ingr_0000000122,train,"[33, 291, 126, 31, 161, 189, 73, 122]",bell peppers salt mustard cucumbers olive oil vinegar radishes garlic
dish_1565727765,26.32,77.0,ingr_0000000027;ingr_0000000029,train,"[27, 29]",broccoli mixed greens
dish_1562959103,395.013611,255.0,ingr_0000000541;ingr_0000000291;ingr_0000000162;ingr_0000000515;ingr_0000000520;ingr_0000000523;ingr_0000000161;ingr_0000000433;ingr_0000000312;ingr_0000000448;ingr_0000000094;ingr_0000000380;ingr_0000000122;ingr_0000000049;ingr_0000000377,train,"[541, 291, 162, 515, 520, 523, 161, 433, 312, 448, 94, 380, 122, 49, 377]",tomatillo salt parsnips arugula lemon juice cilantro olive oil roasted potatoes pepper jalapenos onions pizza garlic fish quinoa
dish_1561749818,340.027893,395.0,ingr_0000000023;ingr_0000000515;ingr_0000000332;ingr_0000000471;ingr_0000000312;ingr_0000000291;ingr_0000000027;ingr_0000000073;ingr_0000000161;ingr_0000000518;ingr_0000000031,train,"[23, 515, 332, 471, 312, 291, 27, 73, 161, 518, 31]",brown rice arugula salmon cherry tomatoes pepper salt broccoli radishes olive oil thyme cucumbers
dish_1561576618,57.924408,188.0,ingr_0000000291;ingr_0000000161;ingr_0000000021;ingr_0000000335,train,"[291, 161, 21, 335]",salt olive oil squash eggplant
dish_1558463362,20.880001,116.0,ingr_0000000471,train,[471],cherry tomatoes
dish_1563567372,951.910889,590.0,ingr_0000000471;ingr_0000000049;ingr_0000000291;ingr_0000000514;ingr_0000000520;ingr_0000000517;ingr_0000000072;ingr_0000000524;ingr_0000000161;ingr_0000000380;ingr_0000000133;ingr_0000000122;ingr_0000000527,train,"[471, 49, 291, 514, 520, 517, 72, 524, 161, 380, 133, 122, 527]",cherry tomatoes fish salt wheat berry lemon juice chard kale parsley olive oil pizza shallots garlic chive
dish_1561404438,366.069214,169.0,ingr_0000000514;ingr_0000000007;ingr_0000000122;ingr_0000000161;ingr_0000000291;ingr_0000000010;ingr_0000000367,train,"[514, 7, 122, 161, 291, 10, 367]",wheat berry cauliflower garlic olive oil salt steak lime
dish_1558380527,385.952026,112.0,ingr_0000000039,train,[39],sausage
dish_1558725734,30.75,75.0,ingr_0000000045,train,[45],carrot
dish_1560787817,292.229004,165.0,ingr_0000000013;ingr_0000000192;ingr_0000000264;ingr_0000000004;ingr_0000000495,train,"[13, 192, 264, 4, 495]",berries yam bagels bacon cream cheese
dish_1567801716,101.042,38.0,ingr_0000000011,train,[11],cheese pizza
dish_1562790224,312.749756,116.0,ingr_0000000124;ingr_0000000291;ingr_0000000126;ingr_0000000161;ingr_0000000201;ingr_0000000515;ingr_0000000189;ingr_0000000517;ingr_0000000312,train,"[124, 291, 126, 161, 201, 515, 189, 517, 312]",walnuts salt mustard olive oil blueberries arugula vinegar chard pepper
dish_1564516483,364.234009,374.0,ingr_0000000102;ingr_0000000122;ingr_0000000045;ingr_0000000312;ingr_0000000542;ingr_0000000161;ingr_0000000291;ingr_0000000367;ingr_0000000524;ingr_0000000094;ingr_0000000244;ingr_0000000527;ingr_0000000095;ingr_0000000471;ingr_0000000049;ingr_0000000012;ingr_0000000033;ingr_0000000515,train,"[102, 122, 45, 312, 542, 161, 291, 367, 524, 94, 244, 527, 95, 471, 49, 12, 33, 515]",snow peas garlic carrot pepper white beans olive oil salt lime parsley onions chicken breast chive artichokes cherry tomatoes fish olives bell peppers arugula
dish_1556575273,103.300003,152.0,ingr_0000000034;ingr_0000000012;ingr_0000000016,train,"[34, 12, 16]",celery olives brussels sprouts
dish_1559675101,13.33,31.0,ingr_0000000016,train,[16],brussels sprouts
dish_1565210009,263.816223,290.0,ingr_0000000161;ingr_0000000520;ingr_0000000072;ingr_0000000094;ingr_0000000291;ingr_0000000043;ingr_0000000122;ingr_0000000038;ingr_0000000026;ingr_0000000523;ingr_0000000312;ingr_0000000189;ingr_0000000155;ingr_0000000016,train,"[161, 520, 72, 94, 291, 43, 122, 38, 26, 523, 312, 189, 155, 16]",olive oil lemon juice kale onions salt green beans garlic pineapple white rice cilantro pepper vinegar chicken thighs brussels sprouts
dish_1560455224,181.740845,244.0,ingr_0000000515;ingr_0000000126;ingr_0000000189;ingr_0000000029;ingr_0000000045;ingr_0000000531;ingr_0000000030;ingr_0000000291;ingr_0000000112;ingr_0000000043;ingr_0000000009;ingr_0000000161,train,"[515, 126, 189, 29, 45, 531, 30, 291, 112, 43, 9, 161]",arugula mustard vinegar mixed greens carrot pumpkin seeds lettuce salt honeydew melons green beans wild rice olive oil
dish_1563563492,192.370255,176.0,ingr_0000000161;ingr_0000000380;ingr_0000000525,train,"[161, 380, 525]",olive oil pizza bok choy
dish_1564159588,477.151001,113.0,ingr_0000000080;ingr_0000000039;ingr_0000000004,train,"[80, 39, 4]",turkey bacon sausage bacon
dish_1562704616,317.781311,213.0,ingr_0000000094;ingr_0000000189;ingr_0000000021;ingr_0000000525;ingr_0000000513;ingr_0000000025;ingr_0000000291;ingr_0000000011;ingr_0000000511;ingr_0000000133;ingr_0000000161,train,"[94, 189, 21, 525, 513, 25, 291, 11, 511, 133, 161]",onions vinegar squash bok choy millet beef salt cheese pizza spinach (cooked) shallots olive oil
dish_1566329203,94.25,377.0,ingr_0000000007,train,[7],cauliflower
dish_1562961650,555.712891,312.0,ingr_0000000377;ingr_0000000026;ingr_0000000462;ingr_0000000448;ingr_0000000380;ingr_0000000094;ingr_0000000161;ingr_0000000523;ingr_0000000291;ingr_0000000122;ingr_0000000508;ingr_0000000541;ingr_0000000049;ingr_0000000525;ingr_0000000515;ingr_0000000520;ingr_0000000328;ingr_0000000312,train,"[377, 26, 462, 448, 380, 94, 161, 523, 291, 122, 508, 541, 49, 525, 515, 520, 328, 312]",quinoa white rice pork jalapenos pizza onions olive oil cilantro salt garlic soy sauce tomatillo fish bok choy arugula lemon juice sugar pepper
dish_1562008695,18.0,72.0,ingr_0000000007,train,[7],cauliflower
dish_1568319725,111.637299,59.0,ingr_0000000161;ingr_0000000126;ingr_0000000031;ingr_0000000291;ingr_0000000122;ingr_0000000033;ingr_0000000073;ingr_0000000189,train,"[161, 126, 31, 291, 122, 33, 73, 189]",olive oil mustard cucumbers salt garlic bell peppers radishes vinegar
dish_1558641211,3.28,8.0,ingr_0000000045,train,[45],carrot
dish_1561491121,31.45747,28.0,ingr_0000000291;ingr_0000000122;ingr_0000000161;ingr_0000000126;ingr_0000000201;ingr_0000000189;ingr_0000000036;ingr_0000000073,train,"[291, 122, 161, 126, 201, 189, 36, 73]",salt garlic olive oil mustard blueberries vinegar spinach (raw) radishes
dish_1558723894,757.612976,405.0,ingr_0000000077;ingr_0000000007;ingr_0000000205;ingr_0000000054,train,"[77, 7, 205, 54]",almonds cauliflower corn on the cob apple
dish_1559240089,202.821503,385.0,ingr_0000000291;ingr_0000000312;ingr_0000000161;ingr_0000000045;ingr_0000000058;ingr_0000000213,train,"[291, 312, 161, 45, 58, 213]",salt pepper olive oil carrot orange pears
dish_1560270585,43.800003,114.0,ingr_0000000038;ingr_0000000121,train,"[38, 121]",pineapple watermelon
dish_1558379876,1148.250977,374.0,ingr_0000000453;ingr_0000000039;ingr_0000000077,train,"[453, 39, 77]",deprecated sausage almonds
dish_1562611649,278.488983,146.0,ingr_0000000073;ingr_0000000392;ingr_0000000010;ingr_0000000189;ingr_0000000201;ingr_0000000072;ingr_0000000520;ingr_0000000291;ingr_0000000523;ingr_0000000038;ingr_0000000448;ingr_0000000036;ingr_0000000094;ingr_0000000126;ingr_0000000161;ingr_0000000026;ingr_0000000122,train,"[73, 392, 10, 189, 201, 72, 520, 291, 523, 38, 448, 36, 94, 126, 161, 26, 122]",radishes pepperoni pizza steak vinegar blueberries kale lemon juice salt cilantro pineapple jalapenos spinach (raw) onions mustard olive oil white rice garlic
dish_1559838279,103.699997,114.0,ingr_0000000004;ingr_0000000013,train,"[4, 13]",bacon berries
dish_1563566674,100.893005,88.0,ingr_0000000161;ingr_0000000012;ingr_0000000514,train,"[161, 12, 514]",olive oil olives wheat berry
dish_1567107049,107.202995,23.0,ingr_0000000257,train,[257],brownies
dish_1567537457,297.765015,361.0,ingr_0000000338;ingr_0000000038;ingr_0000000026;ingr_0000000319;ingr_0000000094;ingr_0000000031;ingr_0000000161;ingr_0000000072;ingr_0000000030;ingr_0000000471;ingr_0000000037;ingr_0000000012;ingr_0000000155;ingr_0000000189;ingr_0000000520;ingr_0000000291;ingr_0000000523;ingr_0000000033;ingr_0000000027;ingr_0000000122,train,"[338, 38, 26, 319, 94, 31, 161, 72, 30, 471, 37, 12, 155, 189, 520, 291, 523, 33, 27, 122]",vinaigrette pineapple white rice feta cheese onions cucumbers olive oil kale lettuce cherry tomatoes cantaloupe olives chicken thighs vinegar lemon juice salt cilantro bell peppers broccoli garlic
dish_1558637896,84.870003,123.0,ingr_0000000440,train,[440],grapes
dish_1558721559,37.720001,92.0,ingr_0000000045,train,[45],carrot
dish_1563305321,32.936092,67.0,ingr_0000000291;ingr_0000000045;ingr_0000000161;ingr_0000000312,train,"[291, 45, 161, 312]",salt carrot olive oil pepper
dish_1558630600,73.839996,142.0,ingr_0000000054,train,[54],apple
dish_1566328894,236.650986,89.0,ingr_0000000011,train,[11],cheese pizza
dish_1567022147,34.920002,128.0,ingr_0000000471;ingr_0000000033,train,"[471, 33]",cherry tomatoes bell peppers
dish_1559841023,73.599998,46.0,ingr_0000000510,train,[510],chicken apple sausage
dish_1565210073,364.416199,511.0,ingr_0000000291;ingr_0000000520;ingr_0000000161;ingr_0000000016;ingr_0000000523;ingr_0000000122;ingr_0000000312;ingr_0000000026;ingr_0000000038;ingr_0000000155;ingr_0000000189;ingr_0000000043;ingr_0000000094;ingr_0000000072;ingr_0000000006,train,"[291, 520, 161, 16, 523, 122, 312, 26, 38, 155, 189, 43, 94, 72, 6]",salt lemon juice olive oil brussels sprouts cilantro garlic pepper white rice pineapple chicken thighs vinegar green beans onions kale caesar salad
dish_1562861125,190.807861,235.0,ingr_0000000033;ingr_0000000126;ingr_0000000031;ingr_0000000291;ingr_0000000122;ingr_0000000128;ingr_0000000161;ingr_0000000189;ingr_0000000073,train,"[33, 126, 31, 291, 122, 128, 161, 189, 73]",bell peppers mustard cucumbers salt garlic egg whites olive oil vinegar radishes
dish_1564171970,498.821136,396.0,ingr_0000000122;ingr_0000000291;ingr_0000000520;ingr_0000000031;ingr_0000000522;ingr_0000000161;ingr_0000000514;ingr_0000000518;ingr_0000000072;ingr_0000000524;ingr_0000000023;ingr_0000000515;ingr_0000000332;ingr_0000000312,train,"[122, 291, 520, 31, 522, 161, 514, 518, 72, 524, 23, 515, 332, 312]",garlic salt lemon juice cucumbers tatsoi olive oil wheat berry thyme kale parsley brown rice arugula salmon pepper
dish_1567542914,513.996338,297.0,ingr_0000000203;ingr_0000000038;ingr_0000000155;ingr_0000000026;ingr_0000000312;ingr_0000000508;ingr_0000000498;ingr_0000000520;ingr_0000000072;ingr_0000000161;ingr_0000000122;ingr_0000000535;ingr_0000000523;ingr_0000000291;ingr_0000000027;ingr_0000000011;ingr_0000000045;ingr_0000000189;ingr_0000000094;ingr_0000000025,train,"[203, 38, 155, 26, 312, 508, 498, 520, 72, 161, 122, 535, 523, 291, 27, 11, 45, 189, 94, 25]",chili pineapple chicken thighs white rice pepper soy sauce orange juice lemon juice kale olive oil garlic green onions cilantro salt broccoli cheese pizza carrot vinegar onions beef
dish_1566931674,990.989014,531.0,ingr_0000000028;ingr_0000000029;ingr_0000000042;ingr_0000000027;ingr_0000000148;ingr_0000000161;ingr_0000000012,train,"[28, 29, 42, 27, 148, 161, 12]",chicken mixed greens avocado broccoli parmesan cheese olive oil olives
dish_1560454513,54.444004,62.0,ingr_0000000122;ingr_0000000161;ingr_0000000031;ingr_0000000029;ingr_0000000045;ingr_0000000043;ingr_0000000291;ingr_0000000471;ingr_0000000524;ingr_0000000189,train,"[122, 161, 31, 29, 45, 43, 291, 471, 524, 189]",garlic olive oil cucumbers mixed greens carrot green beans salt cherry tomatoes parsley vinegar
dish_1560270630,120.560005,215.0,ingr_0000000038;ingr_0000000121;ingr_0000000437,train,"[38, 121, 437]",pineapple watermelon sweet potato
dish_1558115601,85.470001,111.0,ingr_0000000005,train,[5],potatoes
dish_1562871448,295.850922,276.0,ingr_0000000026;ingr_0000000021;ingr_0000000291;ingr_0000000011;ingr_0000000016;ingr_0000000312;ingr_0000000161,train,"[26, 21, 291, 11, 16, 312, 161]",white rice squash salt cheese pizza brussels sprouts pepper olive oil
dish_1558029923,279.550995,200.0,ingr_0000000004;ingr_0000000192;ingr_0000000037,train,"[4, 192, 37]",bacon yam cantaloupe
dish_1565898723,603.390259,588.0,ingr_0000000133;ingr_0000000043;ingr_0000000471;ingr_0000000540;ingr_0000000448;ingr_0000000094;ingr_0000000161;ingr_0000000402;ingr_0000000122;ingr_0000000367;ingr_0000000523;ingr_0000000332;ingr_0000000012;ingr_0000000291;ingr_0000000023;ingr_0000000036;ingr_0000000520;ingr_0000000045;ingr_0000000203,train,"[133, 43, 471, 540, 448, 94, 161, 402, 122, 367, 523, 332, 12, 291, 23, 36, 520, 45, 203]",shallots green beans cherry tomatoes ginger jalapenos onions olive oil tuna garlic lime cilantro salmon olives salt brown rice spinach (raw) lemon juice carrot chili
dish_1565194684,196.559998,378.0,ingr_0000000128,train,[128],egg whites
dish_1563813221,19.402905,38.0,ingr_0000000291;ingr_0000000312;ingr_0000000161;ingr_0000000016,train,"[291, 312, 161, 16]",salt pepper olive oil brussels sprouts
dish_1563309315,613.17688,462.0,ingr_0000000012;ingr_0000000028;ingr_0000000524;ingr_0000000036;ingr_0000000514;ingr_0000000518;ingr_0000000161;ingr_0000000291;ingr_0000000520;ingr_0000000133;ingr_0000000033;ingr_0000000030;ingr_0000000122,train,"[12, 28, 524, 36, 514, 518, 161, 291, 520, 133, 33, 30, 122]",olives chicken parsley spinach (raw) wheat berry thyme olive oil salt lemon juice shallots bell peppers lettuce garlic
dish_1560443437,116.279999,204.0,ingr_0000000013,train,[13],berries
dish_1562963583,138.320007,52.0,ingr_0000000380,train,[380],pizza
dish_1565107119,426.374634,562.0,ingr_0000000437;ingr_0000000008;ingr_0000000161;ingr_0000000128,train,"[437, 8, 161, 128]",sweet potato scrambled eggs olive oil egg whites
dish_1563553756,309.145813,124.0,ingr_0000000029;ingr_0000000294;ingr_0000000041;ingr_0000000338;ingr_0000000004;ingr_0000000040,train,"[29, 294, 41, 338, 4, 40]",mixed greens granola blackberries vinaigrette bacon raspberries
dish_1565119642,26.52,78.0,ingr_0000000072;ingr_0000000517,train,"[72, 517]",kale chard
dish_1564429184,389.65799,202.0,ingr_0000000177,train,[177],tempeh
dish_1562950018,200.220001,142.0,ingr_0000000433,train,[433],roasted potatoes
dish_1566502061,408.339417,385.0,ingr_0000000462;ingr_0000000205;ingr_0000000525;ingr_0000000312;ingr_0000000122;ingr_0000000508;ingr_0000000026;ingr_0000000328;ingr_0000000291;ingr_0000000161,train,"[462, 205, 525, 312, 122, 508, 26, 328, 291, 161]",pork corn on the cob bok choy pepper garlic soy sauce white rice sugar salt olive oil
dish_1558639167,80.079994,154.0,ingr_0000000054,train,[54],apple
dish_1562788816,506.603485,320.0,ingr_0000000471;ingr_0000000462;ingr_0000000205;ingr_0000000094;ingr_0000000524;ingr_0000000161;ingr_0000000534;ingr_0000000520;ingr_0000000049;ingr_0000000312;ingr_0000000026;ingr_0000000023;ingr_0000000189;ingr_0000000521;ingr_0000000291;ingr_0000000027;ingr_0000000122;ingr_0000000133;ingr_0000000535,train,"[471, 462, 205, 94, 524, 161, 534, 520, 49, 312, 26, 23, 189, 521, 291, 27, 122, 133, 535]",cherry tomatoes pork corn on the cob onions parsley olive oil country rice lemon juice fish pepper white rice brown rice vinegar basil salt broccoli garlic shallots green onions
dish_1558719040,31.960001,94.0,ingr_0000000037,train,[37],cantaloupe
dish_1567801748,169.072418,71.0,ingr_0000000011;ingr_0000000328;ingr_0000000508;ingr_0000000122;ingr_0000000291;ingr_0000000026;ingr_0000000525;ingr_0000000312;ingr_0000000462,train,"[11, 328, 508, 122, 291, 26, 525, 312, 462]",cheese pizza sugar soy sauce garlic salt white rice bok choy pepper pork
dish_1559844063,139.810013,277.0,ingr_0000000002;ingr_0000000213,train,"[2, 213]",strawberries pears
dish_1565036953,586.944702,443.0,ingr_0000000535;ingr_0000000203;ingr_0000000155;ingr_0000000026;ingr_0000000007;ingr_0000000189;ingr_0000000006;ingr_0000000023;ingr_0000000094;ingr_0000000521;ingr_0000000498;ingr_0000000508;ingr_0000000161;ingr_0000000520;ingr_0000000027;ingr_0000000291;ingr_0000000025;ingr_0000000073;ingr_0000000433;ingr_0000000524;ingr_0000000072;ingr_0000000515;ingr_0000000518;ingr_0000000122;ingr_0000000011,train,"[535, 203, 155, 26, 7, 189, 6, 23, 94, 521, 498, 508, 161, 520, 27, 291, 25, 73, 433, 524, 72, 515, 518, 122, 11]",green onions chili chicken thighs white rice cauliflower vinegar caesar salad brown rice onions basil orange juice soy sauce olive oil lemon juice broccoli salt beef radishes roasted potatoes parsley kale arugula thyme garlic cheese pizza
dish_1559848857,28.089998,53.0,ingr_0000000507,train,[507],mandarin oranges
dish_1558640705,96.759995,234.0,ingr_0000000471;ingr_0000000054;ingr_0000000037,train,"[471, 54, 37]",cherry tomatoes apple cantaloupe
dish_1561407312,127.826668,121.0,ingr_0000000028;ingr_0000000026;ingr_0000000094;ingr_0000000312;ingr_0000000472;ingr_0000000540;ingr_0000000161;ingr_0000000535;ingr_0000000126;ingr_0000000122;ingr_0000000045;ingr_0000000471;ingr_0000000036;ingr_0000000189;ingr_0000000043;ingr_0000000291;ingr_0000000027;ingr_0000000213;ingr_0000000029;ingr_0000000508,train,"[28, 26, 94, 312, 472, 540, 161, 535, 126, 122, 45, 471, 36, 189, 43, 291, 27, 213, 29, 508]",chicken white rice onions pepper couscous ginger olive oil green onions mustard garlic carrot cherry tomatoes spinach (raw) vinegar green beans salt broccoli pears mixed greens soy sauce
dish_1560799368,108.403069,53.0,ingr_0000000026;ingr_0000000516;ingr_0000000524;ingr_0000000094;ingr_0000000485;ingr_0000000161;ingr_0000000291;ingr_0000000462;ingr_0000000515;ingr_0000000122,train,"[26, 516, 524, 94, 485, 161, 291, 462, 515, 122]",white rice rosemary parsley onions zucchini olive oil salt pork arugula garlic
dish_1563911156,140.448929,96.0,ingr_0000000161;ingr_0000000094;ingr_0000000312;ingr_0000000032;ingr_0000000513;ingr_0000000033;ingr_0000000028;ingr_0000000291;ingr_0000000122;ingr_0000000036;ingr_0000000448,train,"[161, 94, 312, 32, 513, 33, 28, 291, 122, 36, 448]",olive oil onions pepper tomatoes millet bell peppers chicken salt garlic spinach (raw) jalapenos
dish_1558725621,349.220032,223.0,ingr_0000000016;ingr_0000000077;ingr_0000000007,train,"[16, 77, 7]",brussels sprouts almonds cauliflower
dish_1563464627,310.5,115.0,ingr_0000000495;ingr_0000000264,train,"[495, 264]",cream cheese bagels
dish_1565898511,57.16,102.0,ingr_0000000471;ingr_0000000012,train,"[471, 12]",cherry tomatoes olives
dish_1563812535,298.893005,266.0,ingr_0000000080;ingr_0000000128,train,"[80, 128]",turkey bacon egg whites
dish_1559149650,26.24,64.0,ingr_0000000045,train,[45],carrot
dish_1561575300,326.780029,199.0,ingr_0000000161;ingr_0000000094;ingr_0000000291;ingr_0000000033;ingr_0000000133;ingr_0000000511;ingr_0000000513;ingr_0000000525;ingr_0000000025;ingr_0000000189,train,"[161, 94, 291, 33, 133, 511, 513, 525, 25, 189]",olive oil onions salt bell peppers shallots spinach (cooked) millet bok choy beef vinegar
dish_1563564797,411.264465,310.0,ingr_0000000026;ingr_0000000045;ingr_0000000179;ingr_0000000517;ingr_0000000514;ingr_0000000341;ingr_0000000421;ingr_0000000518;ingr_0000000072;ingr_0000000524;ingr_0000000034;ingr_0000000527;ingr_0000000133;ingr_0000000205;ingr_0000000306;ingr_0000000046;ingr_0000000148;ingr_0000000049;ingr_0000000471;ingr_0000000161;ingr_0000000140;ingr_0000000094;ingr_0000000520;ingr_0000000291;ingr_0000000122,train,"[26, 45, 179, 517, 514, 341, 421, 518, 72, 524, 34, 527, 133, 205, 306, 46, 148, 49, 471, 161, 140, 94, 520, 291, 122]",white rice carrot eggs chard wheat berry cream ground turkey thyme kale parsley celery chive shallots corn on the cob croutons mushroom parmesan cheese fish cherry tomatoes olive oil caesar dressing onions lemon juice salt garlic
dish_1568048053,607.200073,356.0,ingr_0000000510;ingr_0000000080;ingr_0000000008;ingr_0000000161;ingr_0000000027,train,"[510, 80, 8, 161, 27]",chicken apple sausage turkey bacon scrambled eggs olive oil broccoli
dish_1561575274,305.180023,145.0,ingr_0000000161;ingr_0000000094;ingr_0000000291;ingr_0000000133;ingr_0000000511;ingr_0000000513;ingr_0000000525;ingr_0000000025;ingr_0000000189,train,"[161, 94, 291, 133, 511, 513, 525, 25, 189]",olive oil onions salt shallots spinach (cooked) millet bok choy beef vinegar
dish_1564073716,214.527802,295.0,ingr_0000000008;ingr_0000000161;ingr_0000000437;ingr_0000000128,train,"[8, 161, 437, 128]",scrambled eggs olive oil sweet potato egg whites
dish_1566934455,528.042908,395.0,ingr_0000000312;ingr_0000000515;ingr_0000000455;ingr_0000000095;ingr_0000000161;ingr_0000000524;ingr_0000000102;ingr_0000000094;ingr_0000000291;ingr_0000000367;ingr_0000000527;ingr_0000000122;ingr_0000000049;ingr_0000000542;ingr_0000000011;ingr_0000000007;ingr_0000000033,train,"[312, 515, 455, 95, 161, 524, 102, 94, 291, 367, 527, 122, 49, 542, 11, 7, 33]",pepper arugula cookies artichokes olive oil parsley snow peas onions salt lime chive garlic fish white beans cheese pizza cauliflower bell peppers
dish_1563395374,158.333496,84.0,ingr_0000000011;ingr_0000000312;ingr_0000000161;ingr_0000000045;ingr_0000000291,train,"[11, 312, 161, 45, 291]",cheese pizza pepper olive oil carrot salt
dish_1562012048,278.973877,248.0,ingr_0000000377;ingr_0000000291;ingr_0000000515;ingr_0000000524;ingr_0000000518;ingr_0000000520;ingr_0000000161;ingr_0000000122;ingr_0000000133,train,"[377, 291, 515, 524, 518, 520, 161, 122, 133]",quinoa salt arugula parsley thyme lemon juice olive oil garlic shallots
dish_1566413419,285.830017,280.0,ingr_0000000028;ingr_0000000042;ingr_0000000036;ingr_0000000027,train,"[28, 42, 36, 27]",chicken avocado spinach (raw) broccoli
dish_1558115282,74.879997,144.0,ingr_0000000453,train,[453],deprecated
dish_1562095283,229.517426,197.0,ingr_0000000094;ingr_0000000031;ingr_0000000126;ingr_0000000291;ingr_0000000122;ingr_0000000457;ingr_0000000189;ingr_0000000036;ingr_0000000161,train,"[94, 31, 126, 291, 122, 457, 189, 36, 161]",onions cucumbers mustard salt garlic sun dried tomatoes vinegar spinach (raw) olive oil
dish_1560541706,110.802574,140.0,ingr_0000000124;ingr_0000000291;ingr_0000000126;ingr_0000000161;ingr_0000000189;ingr_0000000517;ingr_0000000201;ingr_0000000515;ingr_0000000312;ingr_0000000007,train,"[124, 291, 126, 161, 189, 517, 201, 515, 312, 7]",walnuts salt mustard olive oil vinegar chard blueberries arugula pepper cauliflower
dish_1565798558,88.315727,109.0,ingr_0000000367;ingr_0000000291;ingr_0000000029;ingr_0000000161;ingr_0000000031;ingr_0000000094;ingr_0000000189;ingr_0000000027;ingr_0000000312;ingr_0000000471;ingr_0000000030,train,"[367, 291, 29, 161, 31, 94, 189, 27, 312, 471, 30]",lime salt mixed greens olive oil cucumbers onions vinegar broccoli pepper cherry tomatoes lettuce
dish_1562690047,68.642334,68.0,ingr_0000000029;ingr_0000000094;ingr_0000000367;ingr_0000000030;ingr_0000000031;ingr_0000000161;ingr_0000000189;ingr_0000000471;ingr_0000000312;ingr_0000000291,train,"[29, 94, 367, 30, 31, 161, 189, 471, 312, 291]",mixed greens onions lime lettuce cucumbers olive oil vinegar cherry tomatoes pepper salt
dish_1563206562,98.208679,68.0,ingr_0000000192;ingr_0000000437;ingr_0000000161,train,"[192, 437, 161]",yam sweet potato olive oil
dish_1561577219,308.891754,216.0,ingr_0000000517;ingr_0000000050;ingr_0000000189;ingr_0000000515;ingr_0000000312;ingr_0000000046;ingr_0000000518;ingr_0000000028;ingr_0000000519;ingr_0000000291;ingr_0000000011;ingr_0000000122;ingr_0000000126;ingr_0000000133;ingr_0000000441;ingr_0000000335;ingr_0000000201;ingr_0000000514;ingr_0000000341;ingr_0000000124;ingr_0000000433;ingr_0000000521;ingr_0000000520;ingr_0000000428;ingr_0000000516;ingr_0000000161,train,"[517, 50, 189, 515, 312, 46, 518, 28, 519, 291, 11, 122, 126, 133, 441, 335, 201, 514, 341, 124, 433, 521, 520, 428, 516, 161]",chard tofu vinegar arugula pepper mushroom thyme chicken oregano salt cheese pizza garlic mustard shallots butter eggplant blueberries wheat berry cream walnuts roasted potatoes basil lemon juice white wine rosemary olive oil
dish_1559158425,2.99,13.0,ingr_0000000036,train,[36],spinach (raw)
dish_1558379588,74.360001,143.0,ingr_0000000453,train,[453],deprecated
dish_1561654732,242.360001,191.0,ingr_0000000437;ingr_0000000008,train,"[437, 8]",sweet potato scrambled eggs
dish_1567110519,100.944618,100.0,ingr_0000000030;ingr_0000000367;ingr_0000000029;ingr_0000000312;ingr_0000000094;ingr_0000000031;ingr_0000000161;ingr_0000000189;ingr_0000000291;ingr_0000000471,train,"[30, 367, 29, 312, 94, 31, 161, 189, 291, 471]",lettuce lime mixed greens pepper onions cucumbers olive oil vinegar salt cherry tomatoes
dish_1565725071,109.659996,190.0,ingr_0000000012;ingr_0000000045;ingr_0000000033,train,"[12, 45, 33]",olives carrot bell peppers
dish_1562702379,100.882935,227.0,ingr_0000000030;ingr_0000000471;ingr_0000000033;ingr_0000000031;ingr_0000000319;ingr_0000000094;ingr_0000000012;ingr_0000000007;ingr_0000000338,train,"[30, 471, 33, 31, 319, 94, 12, 7, 338]",lettuce cherry tomatoes bell peppers cucumbers feta cheese onions olives cauliflower vinaigrette
dish_1566413388,207.429993,231.0,ingr_0000000028;ingr_0000000036;ingr_0000000027,train,"[28, 36, 27]",chicken spinach (raw) broccoli
dish_1560974769,3943.325195,3051.0,ingr_0000000036;ingr_0000000251;ingr_0000000047;ingr_0000000052;ingr_0000000026;ingr_0000000471;ingr_0000000367;ingr_0000000032;ingr_0000000203;ingr_0000000122;ingr_0000000291;ingr_0000000434;ingr_0000000094;ingr_0000000320,train,"[36, 251, 47, 52, 26, 471, 367, 32, 203, 122, 291, 434, 94, 320]",spinach (raw) tortilla chips corn cheese white rice cherry tomatoes lime tomatoes chili garlic salt sour cream onions black beans
dish_1559925083,125.135506,81.0,ingr_0000000192;ingr_0000000437;ingr_0000000004,train,"[192, 437, 4]",yam sweet potato bacon
dish_1561134156,118.540001,220.0,ingr_0000000121;ingr_0000000013;ingr_0000000437,train,"[121, 13, 437]",watermelon berries sweet potato
dish_1559240875,116.116005,203.0,ingr_0000000213,train,[213],pears
dish_1565209922,201.565338,169.0,ingr_0000000072;ingr_0000000520;ingr_0000000094;ingr_0000000291;ingr_0000000122;ingr_0000000026;ingr_0000000038;ingr_0000000523;ingr_0000000189;ingr_0000000161;ingr_0000000155,train,"[72, 520, 94, 291, 122, 26, 38, 523, 189, 161, 155]",kale lemon juice onions salt garlic white rice pineapple cilantro vinegar olive oil chicken thighs
dish_1564169197,116.449997,50.0,ingr_0000000273,train,[273],sandwiches
dish_1561060448,109.018997,41.0,ingr_0000000011,train,[11],cheese pizza
dish_1565811390,205.092285,266.0,ingr_0000000332;ingr_0000000525;ingr_0000000291;ingr_0000000515;ingr_0000000161;ingr_0000000023;ingr_0000000514;ingr_0000000518;ingr_0000000312,train,"[332, 525, 291, 515, 161, 23, 514, 518, 312]",salmon bok choy salt arugula olive oil brown rice wheat berry thyme pepper
dish_1565809033,341.419983,433.0,ingr_0000000033;ingr_0000000094;ingr_0000000471;ingr_0000000402,train,"[33, 94, 471, 402]",bell peppers onions cherry tomatoes tuna
dish_1563389446,117.787598,173.0,ingr_0000000122;ingr_0000000073;ingr_0000000201;ingr_0000000036;ingr_0000000189;ingr_0000000161;ingr_0000000126;ingr_0000000027;ingr_0000000291,train,"[122, 73, 201, 36, 189, 161, 126, 27, 291]",garlic radishes blueberries spinach (raw) vinegar olive oil mustard broccoli salt
dish_1562617492,558.5578,373.0,ingr_0000000073;ingr_0000000023;ingr_0000000189;ingr_0000000072;ingr_0000000094;ingr_0000000523;ingr_0000000433;ingr_0000000122;ingr_0000000006;ingr_0000000038;ingr_0000000010;ingr_0000000515;ingr_0000000392;ingr_0000000448;ingr_0000000155;ingr_0000000026;ingr_0000000518;ingr_0000000161;ingr_0000000524;ingr_0000000520;ingr_0000000521;ingr_0000000027;ingr_0000000291,train,"[73, 23, 189, 72, 94, 523, 433, 122, 6, 38, 10, 515, 392, 448, 155, 26, 518, 161, 524, 520, 521, 27, 291]",radishes brown rice vinegar kale onions cilantro roasted potatoes garlic caesar salad pineapple steak arugula pepperoni pizza jalapenos chicken thighs white rice thyme olive oil parsley lemon juice basil broccoli salt
dish_1558628339,70.330002,13.0,ingr_0000000004,train,[4],bacon
dish_1560356627,980.047974,301.0,ingr_0000000008;ingr_0000000004;ingr_0000000039,train,"[8, 4, 39]",scrambled eggs bacon sausage
dish_1566847483,476.231934,314.0,ingr_0000000189;ingr_0000000291;ingr_0000000133;ingr_0000000201;ingr_0000000152;ingr_0000000161;ingr_0000000524;ingr_0000000515;ingr_0000000520;ingr_0000000116;ingr_0000000082;ingr_0000000514;ingr_0000000462;ingr_0000000045;ingr_0000000518;ingr_0000000122;ingr_0000000126;ingr_0000000448;ingr_0000000517;ingr_0000000312;ingr_0000000377,train,"[189, 291, 133, 201, 152, 161, 524, 515, 520, 116, 82, 514, 462, 45, 518, 122, 126, 448, 517, 312, 377]",vinegar salt shallots blueberries cabbage olive oil parsley arugula lemon juice mayonnaise pecans wheat berry pork carrot thyme garlic mustard jalapenos chard pepper quinoa
dish_1562785159,265.662659,315.0,ingr_0000000535;ingr_0000000291;ingr_0000000006;ingr_0000000534;ingr_0000000094;ingr_0000000161;ingr_0000000049;ingr_0000000122,train,"[535, 291, 6, 534, 94, 161, 49, 122]",green onions salt caesar salad country rice onions olive oil fish garlic
dish_1560455179,103.320847,150.0,ingr_0000000045;ingr_0000000112;ingr_0000000531;ingr_0000000030;ingr_0000000126;ingr_0000000291;ingr_0000000161;ingr_0000000515;ingr_0000000189;ingr_0000000029,train,"[45, 112, 531, 30, 126, 291, 161, 515, 189, 29]",carrot honeydew melons pumpkin seeds lettuce mustard salt olive oil arugula vinegar mixed greens
dish_1568056258,506.357971,485.0,ingr_0000000012;ingr_0000000045;ingr_0000000028;ingr_0000000140;ingr_0000000471;ingr_0000000094,train,"[12, 45, 28, 140, 471, 94]",olives carrot chicken caesar dressing cherry tomatoes onions
dish_1558637351,80.079994,154.0,ingr_0000000054,train,[54],apple
dish_1562875273,495.910278,306.0,ingr_0000000006;ingr_0000000312;ingr_0000000036;ingr_0000000021;ingr_0000000514;ingr_0000000516;ingr_0000000520;ingr_0000000380;ingr_0000000524;ingr_0000000122;ingr_0000000043;ingr_0000000518;ingr_0000000161;ingr_0000000521;ingr_0000000485;ingr_0000000291;ingr_0000000028,train,"[6, 312, 36, 21, 514, 516, 520, 380, 524, 122, 43, 518, 161, 521, 485, 291, 28]",caesar salad pepper spinach (raw) squash wheat berry rosemary lemon juice pizza parsley garlic green beans thyme olive oil basil zucchini salt chicken
dish_1565118096,656.429932,588.0,ingr_0000000244;ingr_0000000402;ingr_0000000011;ingr_0000000471;ingr_0000000033;ingr_0000000045;ingr_0000000038,train,"[244, 402, 11, 471, 33, 45, 38]",chicken breast tuna cheese pizza cherry tomatoes bell peppers carrot pineapple
dish_1558116260,433.575012,75.0,ingr_0000000077,train,[77],almonds
dish_1563986093,239.029999,215.0,ingr_0000000013;ingr_0000000008,train,"[13, 8]",berries scrambled eggs
dish_1562690144,645.762329,354.0,ingr_0000000471;ingr_0000000367;ingr_0000000312;ingr_0000000029;ingr_0000000510;ingr_0000000161;ingr_0000000031;ingr_0000000094;ingr_0000000008;ingr_0000000189;ingr_0000000004;ingr_0000000291;ingr_0000000030,train,"[471, 367, 312, 29, 510, 161, 31, 94, 8, 189, 4, 291, 30]",cherry tomatoes lime pepper mixed greens chicken apple sausage olive oil cucumbers onions scrambled eggs vinegar bacon salt lettuce
dish_1559751744,227.329987,188.0,ingr_0000000179;ingr_0000000013,train,"[179, 13]",eggs berries
dish_1562097673,345.657349,307.0,ingr_0000000463;ingr_0000000524;ingr_0000000515;ingr_0000000189;ingr_0000000095;ingr_0000000126;ingr_0000000030;ingr_0000000102;ingr_0000000122;ingr_0000000033;ingr_0000000161;ingr_0000000542;ingr_0000000049;ingr_0000000045;ingr_0000000527;ingr_0000000312;ingr_0000000094;ingr_0000000291;ingr_0000000367;ingr_0000000514,train,"[463, 524, 515, 189, 95, 126, 30, 102, 122, 33, 161, 542, 49, 45, 527, 312, 94, 291, 367, 514]",beets parsley arugula vinegar artichokes mustard lettuce snow peas garlic bell peppers olive oil white beans fish carrot chive pepper onions salt lime wheat berry
dish_1564086778,645.801453,437.0,ingr_0000000291;ingr_0000000525;ingr_0000000517;ingr_0000000036;ingr_0000000462;ingr_0000000161;ingr_0000000524;ingr_0000000520;ingr_0000000011;ingr_0000000527;ingr_0000000045;ingr_0000000028;ingr_0000000052;ingr_0000000026;ingr_0000000074;ingr_0000000205;ingr_0000000471;ingr_0000000023;ingr_0000000312;ingr_0000000328;ingr_0000000508;ingr_0000000094;ingr_0000000516;ingr_0000000521;ingr_0000000122;ingr_0000000532;ingr_0000000006,train,"[291, 525, 517, 36, 462, 161, 524, 520, 11, 527, 45, 28, 52, 26, 74, 205, 471, 23, 312, 328, 508, 94, 516, 521, 122, 532, 6]",salt bok choy chard spinach (raw) pork olive oil parsley lemon juice cheese pizza chive carrot chicken cheese white rice pasta corn on the cob cherry tomatoes brown rice pepper sugar soy sauce onions rosemary basil garlic pesto caesar salad
dish_1563207389,337.27002,327.0,ingr_0000000038;ingr_0000000437;ingr_0000000161;ingr_0000000008;ingr_0000000128;ingr_0000000440;ingr_0000000192,train,"[38, 437, 161, 8, 128, 440, 192]",pineapple sweet potato olive oil scrambled eggs egg whites grapes yam
dish_1567022338,507.243011,463.0,ingr_0000000045;ingr_0000000033;ingr_0000000028;ingr_0000000148;ingr_0000000094;ingr_0000000471;ingr_0000000012,train,"[45, 33, 28, 148, 94, 471, 12]",carrot bell peppers chicken parmesan cheese onions cherry tomatoes olives
dish_1560368815,400.337677,442.0,ingr_0000000029;ingr_0000000045;ingr_0000000515;ingr_0000000126;ingr_0000000122;ingr_0000000073;ingr_0000000201;ingr_0000000335;ingr_0000000189;ingr_0000000050;ingr_0000000036;ingr_0000000161;ingr_0000000531;ingr_0000000014;ingr_0000000291;ingr_0000000030,train,"[29, 45, 515, 126, 122, 73, 201, 335, 189, 50, 36, 161, 531, 14, 291, 30]",mixed greens carrot arugula mustard garlic radishes blueberries eggplant vinegar tofu spinach (raw) olive oil pumpkin seeds asparagus salt lettuce
dish_1561405934,287.331848,243.0,ingr_0000000031;ingr_0000000161;ingr_0000000508;ingr_0000000535;ingr_0000000291;ingr_0000000045;ingr_0000000011;ingr_0000000312;ingr_0000000028;ingr_0000000030;ingr_0000000471;ingr_0000000043;ingr_0000000036;ingr_0000000540;ingr_0000000367;ingr_0000000094;ingr_0000000029;ingr_0000000122;ingr_0000000027;ingr_0000000026;ingr_0000000189,train,"[31, 161, 508, 535, 291, 45, 11, 312, 28, 30, 471, 43, 36, 540, 367, 94, 29, 122, 27, 26, 189]",cucumbers olive oil soy sauce green onions salt carrot cheese pizza pepper chicken lettuce cherry tomatoes green beans spinach (raw) ginger lime onions mixed greens garlic broccoli white rice vinegar
dish_1563206409,443.463837,277.0,ingr_0000000008;ingr_0000000052,train,"[8, 52]",scrambled eggs cheese
dish_1563208094,160.311234,111.0,ingr_0000000192;ingr_0000000437;ingr_0000000161,train,"[192, 437, 161]",yam sweet potato olive oil
dish_1564774773,50.136581,90.0,ingr_0000000027;ingr_0000000161,train,"[27, 161]",broccoli olive oil
dish_1563564760,341.852448,243.0,ingr_0000000179;ingr_0000000306;ingr_0000000046;ingr_0000000161;ingr_0000000421;ingr_0000000072;ingr_0000000291;ingr_0000000527;ingr_0000000045;ingr_0000000122;ingr_0000000026;ingr_0000000205;ingr_0000000148;ingr_0000000341;ingr_0000000094;ingr_0000000034;ingr_0000000140;ingr_0000000518,train,"[179, 306, 46, 161, 421, 72, 291, 527, 45, 122, 26, 205, 148, 341, 94, 34, 140, 518]",eggs croutons mushroom olive oil ground turkey kale salt chive carrot garlic white rice corn on the cob parmesan cheese cream onions celery caesar dressing thyme
dish_1565031338,296.240448,215.0,ingr_0000000025;ingr_0000000498;ingr_0000000026;ingr_0000000508;ingr_0000000291;ingr_0000000189;ingr_0000000072;ingr_0000000161;ingr_0000000094;ingr_0000000006;ingr_0000000122;ingr_0000000203;ingr_0000000027;ingr_0000000535,train,"[25, 498, 26, 508, 291, 189, 72, 161, 94, 6, 122, 203, 27, 535]",beef orange juice white rice soy sauce salt vinegar kale olive oil onions caesar salad garlic chili broccoli green onions
dish_1560961179,153.919998,104.0,ingr_0000000008,train,[8],scrambled eggs
dish_1563551397,365.53064,302.0,ingr_0000000291;ingr_0000000312;ingr_0000000016;ingr_0000000161;ingr_0000000008,train,"[291, 312, 16, 161, 8]",salt pepper brussels sprouts olive oil scrambled eggs
dish_1564518850,194.326996,119.0,ingr_0000000275,train,[275],frozen yogurt
dish_1565797699,128.928864,171.0,ingr_0000000013;ingr_0000000338;ingr_0000000294;ingr_0000000041;ingr_0000000029;ingr_0000000121;ingr_0000000040,train,"[13, 338, 294, 41, 29, 121, 40]",berries vinaigrette granola blackberries mixed greens watermelon raspberries
dish_1568060646,31.48,97.0,ingr_0000000029;ingr_0000000094,train,"[29, 94]",mixed greens onions
dish_1559845018,302.425995,175.0,ingr_0000000077;ingr_0000000507;ingr_0000000005,train,"[77, 507, 5]",almonds mandarin oranges potatoes
dish_1562183175,290.28244,324.0,ingr_0000000515;ingr_0000000201;ingr_0000000189;ingr_0000000036;ingr_0000000524;ingr_0000000433;ingr_0000000312;ingr_0000000517;ingr_0000000043;ingr_0000000046;ingr_0000000126;ingr_0000000161;ingr_0000000077;ingr_0000000291;ingr_0000000045;ingr_0000000124,train,"[515, 201, 189, 36, 524, 433, 312, 517, 43, 46, 126, 161, 77, 291, 45, 124]",arugula blueberries vinegar spinach (raw) parsley roasted potatoes pepper chard green beans mushroom mustard olive oil almonds salt carrot walnuts
dish_1564083534,309.061981,307.0,ingr_0000000471;ingr_0000000105;ingr_0000000012;ingr_0000000033,train,"[471, 105, 12, 33]",cherry tomatoes grilled chicken olives bell peppers
dish_1565382969,13.110001,57.0,ingr_0000000036,train,[36],spinach (raw)
dish_1559846311,114.972008,201.0,ingr_0000000213,train,[213],pears
dish_1565810205,126.965538,153.0,ingr_0000000291;ingr_0000000030;ingr_0000000045;ingr_0000000161;ingr_0000000126;ingr_0000000050;ingr_0000000189;ingr_0000000515;ingr_0000000029;ingr_0000000531,train,"[291, 30, 45, 161, 126, 50, 189, 515, 29, 531]",salt lettuce carrot olive oil mustard tofu vinegar arugula mixed greens pumpkin seeds
dish_1556575499,103.299995,152.0,ingr_0000000012;ingr_0000000016;ingr_0000000034,train,"[12, 16, 34]",olives brussels sprouts celery
dish_1562945851,91.26532,150.0,ingr_0000000338;ingr_0000000037;ingr_0000000294;ingr_0000000041;ingr_0000000013;ingr_0000000029;ingr_0000000040;ingr_0000000112,train,"[338, 37, 294, 41, 13, 29, 40, 112]",vinaigrette cantaloupe granola blackberries berries mixed greens raspberries honeydew melons
dish_1567106594,15.84,88.0,ingr_0000000471,train,[471],cherry tomatoes
dish_1561666897,532.508606,402.0,ingr_0000000045;ingr_0000000028;ingr_0000000521;ingr_0000000520;ingr_0000000189;ingr_0000000462;ingr_0000000525;ingr_0000000524;ingr_0000000291;ingr_0000000031;ingr_0000000094;ingr_0000000328;ingr_0000000029;ingr_0000000006;ingr_0000000122;ingr_0000000471;ingr_0000000312;ingr_0000000205;ingr_0000000023;ingr_0000000517;ingr_0000000026;ingr_0000000161;ingr_0000000508;ingr_0000000527;ingr_0000000516;ingr_0000000030;ingr_0000000011;ingr_0000000367,train,"[45, 28, 521, 520, 189, 462, 525, 524, 291, 31, 94, 328, 29, 6, 122, 471, 312, 205, 23, 517, 26, 161, 508, 527, 516, 30, 11, 367]",carrot chicken basil lemon juice vinegar pork bok choy parsley salt cucumbers onions sugar mixed greens caesar salad garlic cherry tomatoes pepper corn on the cob brown rice chard white rice olive oil soy sauce chive rosemary lettuce cheese pizza lime
dish_1561661972,12.09,39.0,ingr_0000000043,train,[43],green beans
dish_1558722906,95.489998,90.0,ingr_0000000205,train,[205],corn on the cob
dish_1557853314,115.413002,93.0,ingr_0000000192,train,[192],yam
dish_1560366998,39.600002,131.0,ingr_0000000112;ingr_0000000471,train,"[112, 471]",honeydew melons cherry tomatoes
dish_1564777986,372.230896,221.0,ingr_0000000011;ingr_0000000027;ingr_0000000161;ingr_0000000511;ingr_0000000133;ingr_0000000094;ingr_0000000189;ingr_0000000291;ingr_0000000513;ingr_0000000525;ingr_0000000025,train,"[11, 27, 161, 511, 133, 94, 189, 291, 513, 525, 25]",cheese pizza broccoli olive oil spinach (cooked) shallots onions vinegar salt millet bok choy beef
dish_1563565683,65.742775,63.0,ingr_0000000161;ingr_0000000517;ingr_0000000471;ingr_0000000049;ingr_0000000527;ingr_0000000133;ingr_0000000122;ingr_0000000524;ingr_0000000520;ingr_0000000072;ingr_0000000291;ingr_0000000514,train,"[161, 517, 471, 49, 527, 133, 122, 524, 520, 72, 291, 514]",olive oil chard cherry tomatoes fish chive shallots garlic parsley lemon juice kale salt wheat berry
dish_1558459528,11.52,64.0,ingr_0000000471,train,[471],cherry tomatoes
dish_1562787817,348.898071,184.0,ingr_0000000312;ingr_0000000054;ingr_0000000515;ingr_0000000023;ingr_0000000413;ingr_0000000524;ingr_0000000122;ingr_0000000133;ingr_0000000161;ingr_0000000471;ingr_0000000291;ingr_0000000027;ingr_0000000462;ingr_0000000521;ingr_0000000520;ingr_0000000094;ingr_0000000526;ingr_0000000473;ingr_0000000189;ingr_0000000153,train,"[312, 54, 515, 23, 413, 524, 122, 133, 161, 471, 291, 27, 462, 521, 520, 94, 526, 473, 189, 153]",pepper apple arugula brown rice pilaf parsley garlic shallots olive oil cherry tomatoes salt broccoli pork basil lemon juice onions mustard greens cranberries vinegar bulgur
dish_1560367296,184.383316,362.0,ingr_0000000463;ingr_0000000126;ingr_0000000050;ingr_0000000189;ingr_0000000049;ingr_0000000030;ingr_0000000014;ingr_0000000029;ingr_0000000534;ingr_0000000122;ingr_0000000291;ingr_0000000535;ingr_0000000094;ingr_0000000161;ingr_0000000515;ingr_0000000046;ingr_0000000471;ingr_0000000531;ingr_0000000112;ingr_0000000045;ingr_0000000031,train,"[463, 126, 50, 189, 49, 30, 14, 29, 534, 122, 291, 535, 94, 161, 515, 46, 471, 531, 112, 45, 31]",beets mustard tofu vinegar fish lettuce asparagus mixed greens country rice garlic salt green onions onions olive oil arugula mushroom cherry tomatoes pumpkin seeds honeydew melons carrot cucumbers
dish_1560369421,413.946655,411.0,ingr_0000000462;ingr_0000000335;ingr_0000000312;ingr_0000000049;ingr_0000000534;ingr_0000000291;ingr_0000000122;ingr_0000000027;ingr_0000000521;ingr_0000000133;ingr_0000000535;ingr_0000000161;ingr_0000000189;ingr_0000000023;ingr_0000000471;ingr_0000000026;ingr_0000000014;ingr_0000000094;ingr_0000000524;ingr_0000000520,train,"[462, 335, 312, 49, 534, 291, 122, 27, 521, 133, 535, 161, 189, 23, 471, 26, 14, 94, 524, 520]",pork eggplant pepper fish country rice salt garlic broccoli basil shallots green onions olive oil vinegar brown rice cherry tomatoes white rice asparagus onions parsley lemon juice
dish_1565981769,23.104424,47.0,ingr_0000000312;ingr_0000000161;ingr_0000000045;ingr_0000000291,train,"[312, 161, 45, 291]",pepper olive oil carrot salt
dish_1558549086,73.150002,95.0,ingr_0000000005,train,[5],potatoes
dish_1562945131,37.323902,67.0,ingr_0000000027;ingr_0000000161,train,"[27, 161]",broccoli olive oil
dish_1562784242,85.120003,32.0,ingr_0000000380,train,[380],pizza
dish_1564685406,367.6474,192.0,ingr_0000000033;ingr_0000000010;ingr_0000000471;ingr_0000000189;ingr_0000000113;ingr_0000000036;ingr_0000000312;ingr_0000000094;ingr_0000000367;ingr_0000000030;ingr_0000000029;ingr_0000000161;ingr_0000000031;ingr_0000000291;ingr_0000000513,train,"[33, 10, 471, 189, 113, 36, 312, 94, 367, 30, 29, 161, 31, 291, 513]",bell peppers steak cherry tomatoes vinegar ketchup spinach (raw) pepper onions lime lettuce mixed greens olive oil cucumbers salt millet
dish_1562611878,286.894592,311.0,ingr_0000000187;ingr_0000000524;ingr_0000000291;ingr_0000000027;ingr_0000000161;ingr_0000000526;ingr_0000000021;ingr_0000000515;ingr_0000000189;ingr_0000000312,train,"[187, 524, 291, 27, 161, 526, 21, 515, 189, 312]",chickpeas parsley salt broccoli olive oil mustard greens squash arugula vinegar pepper
dish_1561579845,307.264221,163.0,ingr_0000000514;ingr_0000000516;ingr_0000000094;ingr_0000000441;ingr_0000000428;ingr_0000000312;ingr_0000000511;ingr_0000000122;ingr_0000000513;ingr_0000000525;ingr_0000000025;ingr_0000000515;ingr_0000000341;ingr_0000000519;ingr_0000000518;ingr_0000000161;ingr_0000000520;ingr_0000000291;ingr_0000000133;ingr_0000000028;ingr_0000000046;ingr_0000000189;ingr_0000000521,train,"[514, 516, 94, 441, 428, 312, 511, 122, 513, 525, 25, 515, 341, 519, 518, 161, 520, 291, 133, 28, 46, 189, 521]",wheat berry rosemary onions butter white wine pepper spinach (cooked) garlic millet bok choy beef arugula cream oregano thyme olive oil lemon juice salt shallots chicken mushroom vinegar basil
dish_1560543505,66.18,172.0,ingr_0000000032;ingr_0000000006,train,"[32, 6]",tomatoes caesar salad
dish_1559844928,66.220001,86.0,ingr_0000000005,train,[5],potatoes
dish_1563555100,190.920013,186.0,ingr_0000000037;ingr_0000000008,train,"[37, 8]",cantaloupe scrambled eggs
dish_1562945332,246.650803,325.0,ingr_0000000543;ingr_0000000027;ingr_0000000545;ingr_0000000128;ingr_0000000161;ingr_0000000502,train,"[543, 27, 545, 128, 161, 502]",chia seeds broccoli greek yogurt egg whites olive oil milk
dish_1558721700,19.040001,56.0,ingr_0000000037,train,[37],cantaloupe
dish_1561146781,300.100006,223.0,ingr_0000000264;ingr_0000000054,train,"[264, 54]",bagels apple
dish_1564601470,15.841,73.0,ingr_0000000342,train,[342],turnips
dish_1559246053,251.04599,494.0,ingr_0000000007;ingr_0000000058;ingr_0000000013;ingr_0000000213,train,"[7, 58, 13, 213]",cauliflower orange berries pears
dish_1562096608,176.712036,163.0,ingr_0000000291;ingr_0000000189;ingr_0000000043;ingr_0000000102;ingr_0000000161;ingr_0000000094;ingr_0000000029;ingr_0000000095;ingr_0000000367;ingr_0000000033;ingr_0000000527;ingr_0000000049;ingr_0000000542;ingr_0000000463;ingr_0000000515;ingr_0000000524;ingr_0000000122;ingr_0000000312;ingr_0000000377,train,"[291, 189, 43, 102, 161, 94, 29, 95, 367, 33, 527, 49, 542, 463, 515, 524, 122, 312, 377]",salt vinegar green beans snow peas olive oil onions mixed greens artichokes lime bell peppers chive fish white beans beets arugula parsley garlic pepper quinoa
dish_1560453412,591.07843,631.0,ingr_0000000332;ingr_0000000512;ingr_0000000161;ingr_0000000036;ingr_0000000021;ingr_0000000514;ingr_0000000518;ingr_0000000521;ingr_0000000516;ingr_0000000485;ingr_0000000032;ingr_0000000028;ingr_0000000122;ingr_0000000043;ingr_0000000312;ingr_0000000515;ingr_0000000023;ingr_0000000009;ingr_0000000524;ingr_0000000520;ingr_0000000291,train,"[332, 512, 161, 36, 21, 514, 518, 521, 516, 485, 32, 28, 122, 43, 312, 515, 23, 9, 524, 520, 291]",salmon kimchi olive oil spinach (raw) squash wheat berry thyme basil rosemary zucchini tomatoes chicken garlic green beans pepper arugula brown rice wild rice parsley lemon juice salt
dish_1563996656,376.620392,284.0,ingr_0000000045;ingr_0000000523;ingr_0000000122;ingr_0000000133;ingr_0000000312;ingr_0000000448;ingr_0000000023;ingr_0000000189;ingr_0000000006;ingr_0000000010;ingr_0000000161;ingr_0000000522;ingr_0000000520;ingr_0000000524;ingr_0000000291,train,"[45, 523, 122, 133, 312, 448, 23, 189, 6, 10, 161, 522, 520, 524, 291]",carrot cilantro garlic shallots pepper jalapenos brown rice vinegar caesar salad steak olive oil tatsoi lemon juice parsley salt
dish_1566931548,154.980011,253.0,ingr_0000000029;ingr_0000000012;ingr_0000000027,train,"[29, 12, 27]",mixed greens olives broccoli
dish_1561661552,394.725677,325.0,ingr_0000000122;ingr_0000000508;ingr_0000000291;ingr_0000000525;ingr_0000000031;ingr_0000000462;ingr_0000000027;ingr_0000000312;ingr_0000000026;ingr_0000000328,train,"[122, 508, 291, 525, 31, 462, 27, 312, 26, 328]",garlic soy sauce salt bok choy cucumbers pork broccoli pepper white rice sugar
dish_1562009314,99.567535,195.0,ingr_0000000016;ingr_0000000291;ingr_0000000312;ingr_0000000161,train,"[16, 291, 312, 161]",brussels sprouts salt pepper olive oil
dish_1561392459,395.225983,275.0,ingr_0000000002;ingr_0000000039;ingr_0000000008;ingr_0000000027,train,"[2, 39, 8, 27]",strawberries sausage scrambled eggs broccoli
dish_1561480460,285.402008,277.0,ingr_0000000038;ingr_0000000008;ingr_0000000080;ingr_0000000013,train,"[38, 8, 80, 13]",pineapple scrambled eggs turkey bacon berries
dish_1562094694,134.596008,142.0,ingr_0000000043;ingr_0000000189;ingr_0000000471;ingr_0000000029;ingr_0000000045;ingr_0000000122;ingr_0000000291;ingr_0000000524;ingr_0000000161;ingr_0000000031,train,"[43, 189, 471, 29, 45, 122, 291, 524, 161, 31]",green beans vinegar cherry tomatoes mixed greens carrot garlic salt parsley olive oil cucumbers
dish_1565895808,51.80175,99.0,ingr_0000000043;ingr_0000000161,train,"[43, 161]",green beans olive oil
dish_1560888817,47.939999,34.0,ingr_0000000433,train,[433],roasted potatoes
dish_1563475826,74.279999,176.0,ingr_0000000112;ingr_0000000038,train,"[112, 38]",honeydew melons pineapple
dish_1563550950,183.169998,93.0,ingr_0000000008;ingr_0000000004;ingr_0000000052,train,"[8, 4, 52]",scrambled eggs bacon cheese
dish_1562959700,315.413727,153.0,ingr_0000000462;ingr_0000000312;ingr_0000000026;ingr_0000000508;ingr_0000000122;ingr_0000000525;ingr_0000000291;ingr_0000000328,train,"[462, 312, 26, 508, 122, 525, 291, 328]",pork pepper white rice soy sauce garlic bok choy salt sugar
dish_1558458541,294.830994,51.0,ingr_0000000077,train,[77],almonds
dish_1566414780,807.416321,651.0,ingr_0000000514;ingr_0000000028;ingr_0000000341;ingr_0000000519;ingr_0000000043;ingr_0000000520;ingr_0000000161;ingr_0000000518;ingr_0000000094;ingr_0000000122;ingr_0000000428;ingr_0000000049;ingr_0000000312;ingr_0000000006;ingr_0000000515;ingr_0000000046;ingr_0000000441;ingr_0000000535;ingr_0000000516;ingr_0000000521;ingr_0000000133;ingr_0000000534;ingr_0000000433;ingr_0000000291,train,"[514, 28, 341, 519, 43, 520, 161, 518, 94, 122, 428, 49, 312, 6, 515, 46, 441, 535, 516, 521, 133, 534, 433, 291]",wheat berry chicken cream oregano green beans lemon juice olive oil thyme onions garlic white wine fish pepper caesar salad arugula mushroom butter green onions rosemary basil shallots country rice roasted potatoes salt
dish_1567785130,76.690483,59.0,ingr_0000000040;ingr_0000000338;ingr_0000000294;ingr_0000000041;ingr_0000000029,train,"[40, 338, 294, 41, 29]",raspberries vinaigrette granola blackberries mixed greens
dish_1563567319,398.630829,382.0,ingr_0000000049;ingr_0000000471;ingr_0000000291;ingr_0000000514;ingr_0000000517;ingr_0000000072;ingr_0000000520;ingr_0000000524;ingr_0000000122;ingr_0000000133;ingr_0000000161;ingr_0000000527,train,"[49, 471, 291, 514, 517, 72, 520, 524, 122, 133, 161, 527]",fish cherry tomatoes salt wheat berry chard kale lemon juice parsley garlic shallots olive oil chive
dish_1561576074,374.54538,216.0,ingr_0000000025;ingr_0000000011;ingr_0000000428;ingr_0000000012;ingr_0000000520;ingr_0000000518;ingr_0000000516;ingr_0000000515;ingr_0000000161;ingr_0000000094;ingr_0000000046;ingr_0000000511;ingr_0000000433;ingr_0000000133;ingr_0000000519;ingr_0000000122;ingr_0000000525;ingr_0000000513;ingr_0000000028;ingr_0000000312;ingr_0000000514;ingr_0000000189;ingr_0000000148;ingr_0000000441;ingr_0000000341;ingr_0000000521;ingr_0000000471;ingr_0000000291,train,"[25, 11, 428, 12, 520, 518, 516, 515, 161, 94, 46, 511, 433, 133, 519, 122, 525, 513, 28, 312, 514, 189, 148, 441, 341, 521, 471, 291]",beef cheese pizza white wine olives lemon juice thyme rosemary arugula olive oil onions mushroom spinach (cooked) roasted potatoes shallots oregano garlic bok choy millet chicken pepper wheat berry vinegar parmesan cheese butter cream basil cherry tomatoes salt
dish_1561737776,375.299988,139.0,ingr_0000000264;ingr_0000000495,train,"[264, 495]",bagels cream cheese
dish_1564778057,575.185059,377.0,ingr_0000000525;ingr_0000000122;ingr_0000000535;ingr_0000000508;ingr_0000000152;ingr_0000000180;ingr_0000000094;ingr_0000000126;ingr_0000000124;ingr_0000000035;ingr_0000000291;ingr_0000000133;ingr_0000000511;ingr_0000000027;ingr_0000000513;ingr_0000000045;ingr_0000000025;ingr_0000000189;ingr_0000000161;ingr_0000000011;ingr_0000000030;ingr_0000000073;ingr_0000000029,train,"[525, 122, 535, 508, 152, 180, 94, 126, 124, 35, 291, 133, 511, 27, 513, 45, 25, 189, 161, 11, 30, 73, 29]",bok choy garlic green onions soy sauce cabbage rice noodles onions mustard walnuts blue cheese salt shallots spinach (cooked) broccoli millet carrot beef vinegar olive oil cheese pizza lettuce radishes mixed greens
dish_1566330466,377.425903,283.0,ingr_0000000025;ingr_0000000525;ingr_0000000513;ingr_0000000194;ingr_0000000189;ingr_0000000094;ingr_0000000161;ingr_0000000133;ingr_0000000511;ingr_0000000291;ingr_0000000007,train,"[25, 525, 513, 194, 189, 94, 161, 133, 511, 291, 7]",beef bok choy millet fried rice vinegar onions olive oil shallots spinach (cooked) salt cauliflower
dish_1563823423,700.530396,441.0,ingr_0000000026;ingr_0000000007;ingr_0000000508;ingr_0000000006;ingr_0000000010;ingr_0000000036;ingr_0000000050;ingr_0000000122;ingr_0000000535;ingr_0000000027;ingr_0000000291;ingr_0000000028;ingr_0000000540;ingr_0000000043;ingr_0000000514;ingr_0000000189;ingr_0000000161;ingr_0000000367,train,"[26, 7, 508, 6, 10, 36, 50, 122, 535, 27, 291, 28, 540, 43, 514, 189, 161, 367]",white rice cauliflower soy sauce caesar salad steak spinach (raw) tofu garlic green onions broccoli salt chicken ginger green beans wheat berry vinegar olive oil lime
dish_1563464457,158.990005,163.0,ingr_0000000121;ingr_0000000004;ingr_0000000013,train,"[121, 4, 13]",watermelon bacon berries
dish_1559925037,54.099998,10.0,ingr_0000000004,train,[4],bacon
dish_1566328961,605.81781,308.0,ingr_0000000033;ingr_0000000133;ingr_0000000122;ingr_0000000448;ingr_0000000036;ingr_0000000161;ingr_0000000011;ingr_0000000312;ingr_0000000511;ingr_0000000513;ingr_0000000525;ingr_0000000025;ingr_0000000189;ingr_0000000094;ingr_0000000291;ingr_0000000032;ingr_0000000028,train,"[33, 133, 122, 448, 36, 161, 11, 312, 511, 513, 525, 25, 189, 94, 291, 32, 28]",bell peppers shallots garlic jalapenos spinach (raw) olive oil cheese pizza pepper spinach (cooked) millet bok choy beef vinegar onions salt tomatoes chicken
dish_1562602627,577.176025,171.0,ingr_0000000015;ingr_0000000039,train,"[15, 39]",hash browns sausage
dish_1564589366,324.25,348.0,ingr_0000000128;ingr_0000000433,train,"[128, 433]",egg whites roasted potatoes
dish_1564170923,378.817108,319.0,ingr_0000000518;ingr_0000000161;ingr_0000000514;ingr_0000000072;ingr_0000000291;ingr_0000000332;ingr_0000000312;ingr_0000000517;ingr_0000000023;ingr_0000000515,train,"[518, 161, 514, 72, 291, 332, 312, 517, 23, 515]",thyme olive oil wheat berry kale salt salmon pepper chard brown rice arugula
dish_1558113255,30.6,90.0,ingr_0000000037,train,[37],cantaloupe
dish_1565987054,260.569977,213.0,ingr_0000000036;ingr_0000000028,train,"[36, 28]",spinach (raw) chicken
dish_1564000536,659.906189,397.0,ingr_0000000187;ingr_0000000519;ingr_0000000341;ingr_0000000520;ingr_0000000521;ingr_0000000161;ingr_0000000133;ingr_0000000428;ingr_0000000011;ingr_0000000312;ingr_0000000514;ingr_0000000028;ingr_0000000524;ingr_0000000526;ingr_0000000516;ingr_0000000515;ingr_0000000441;ingr_0000000046;ingr_0000000518;ingr_0000000189;ingr_0000000122;ingr_0000000291;ingr_0000000006,train,"[187, 519, 341, 520, 521, 161, 133, 428, 11, 312, 514, 28, 524, 526, 516, 515, 441, 46, 518, 189, 122, 291, 6]",chickpeas oregano cream lemon juice basil olive oil shallots white wine cheese pizza pepper wheat berry chicken parsley mustard greens rosemary arugula butter mushroom thyme vinegar garlic salt caesar salad
dish_1559678457,624.236084,465.0,ingr_0000000122;ingr_0000000133;ingr_0000000514;ingr_0000000161;ingr_0000000031;ingr_0000000511;ingr_0000000525;ingr_0000000025;ingr_0000000036;ingr_0000000189;ingr_0000000526;ingr_0000000126;ingr_0000000094;ingr_0000000291;ingr_0000000027;ingr_0000000032;ingr_0000000513,train,"[122, 133, 514, 161, 31, 511, 525, 25, 36, 189, 526, 126, 94, 291, 27, 32, 513]",garlic shallots wheat berry olive oil cucumbers spinach (cooked) bok choy beef spinach (raw) vinegar mustard greens mustard onions salt broccoli tomatoes millet
dish_1558722685,25.84,76.0,ingr_0000000037,train,[37],cantaloupe
dish_1560357792,145.150009,50.0,ingr_0000000337,train,[337],waffles
dish_1561739719,350.163513,637.0,ingr_0000000437;ingr_0000000027;ingr_0000000040;ingr_0000000013;ingr_0000000029;ingr_0000000041;ingr_0000000294;ingr_0000000338,train,"[437, 27, 40, 13, 29, 41, 294, 338]",sweet potato broccoli raspberries berries mixed greens blackberries granola vinaigrette
dish_1561748862,154.772949,87.0,ingr_0000000515;ingr_0000000023;ingr_0000000332;ingr_0000000518;ingr_0000000161;ingr_0000000312;ingr_0000000291,train,"[515, 23, 332, 518, 161, 312, 291]",arugula brown rice salmon thyme olive oil pepper salt
dish_1559842409,359.192993,179.0,ingr_0000000002;ingr_0000000507;ingr_0000000027;ingr_0000000077,train,"[2, 507, 27, 77]",strawberries mandarin oranges broccoli almonds
dish_1562173411,638.257996,159.0,ingr_0000000004;ingr_0000000039,train,"[4, 39]",bacon sausage
dish_1558723742,375.109985,264.0,ingr_0000000045;ingr_0000000077;ingr_0000000205;ingr_0000000007,train,"[45, 77, 205, 7]",carrot almonds corn on the cob cauliflower
dish_1560455000,12.800001,84.0,ingr_0000000471;ingr_0000000031,train,"[471, 31]",cherry tomatoes cucumbers
dish_1562010821,274.149384,134.0,ingr_0000000448;ingr_0000000524;ingr_0000000116;ingr_0000000122;ingr_0000000520;ingr_0000000291;ingr_0000000152;ingr_0000000312;ingr_0000000462;ingr_0000000514;ingr_0000000045;ingr_0000000161,train,"[448, 524, 116, 122, 520, 291, 152, 312, 462, 514, 45, 161]",jalapenos parsley mayonnaise garlic lemon juice salt cabbage pepper pork wheat berry carrot olive oil
dish_1567526814,408.25,639.0,ingr_0000000128;ingr_0000000121;ingr_0000000192;ingr_0000000437;ingr_0000000161,train,"[128, 121, 192, 437, 161]",egg whites watermelon yam sweet potato olive oil
dish_1560527070,53.129997,69.0,ingr_0000000005,train,[5],potatoes
dish_1559590130,194.405991,152.0,ingr_0000000014;ingr_0000000028,train,"[14, 28]",asparagus chicken
dish_1568047973,295.559052,234.0,ingr_0000000027;ingr_0000000161;ingr_0000000008,train,"[27, 161, 8]",broccoli olive oil scrambled eggs
dish_1562180157,1009.176697,557.0,ingr_0000000161;ingr_0000000077;ingr_0000000036;ingr_0000000126;ingr_0000000004;ingr_0000000028;ingr_0000000045;ingr_0000000291;ingr_0000000221;ingr_0000000201;ingr_0000000021;ingr_0000000189;ingr_0000000200;ingr_0000000318;ingr_0000000122;ingr_0000000524;ingr_0000000520;ingr_0000000518,train,"[161, 77, 36, 126, 4, 28, 45, 291, 221, 201, 21, 189, 200, 318, 122, 524, 520, 518]",olive oil almonds spinach (raw) mustard bacon chicken carrot salt vegetable oil blueberries squash vinegar buttermilk flour garlic parsley lemon juice thyme
dish_1565627800,167.18927,261.0,ingr_0000000437;ingr_0000000161;ingr_0000000128,train,"[437, 161, 128]",sweet potato olive oil egg whites
dish_1560800836,479.399994,170.0,ingr_0000000392,train,[392],pepperoni pizza
dish_1562086037,68.970001,121.0,ingr_0000000013,train,[13],berries
dish_1568405466,153.099411,189.0,ingr_0000000073;ingr_0000000161;ingr_0000000031;ingr_0000000180;ingr_0000000032;ingr_0000000045;ingr_0000000029;ingr_0000000508;ingr_0000000535;ingr_0000000038;ingr_0000000189;ingr_0000000036;ingr_0000000152;ingr_0000000526;ingr_0000000126;ingr_0000000291;ingr_0000000122,train,"[73, 161, 31, 180, 32, 45, 29, 508, 535, 38, 189, 36, 152, 526, 126, 291, 122]",radishes olive oil cucumbers rice noodles tomatoes carrot mixed greens soy sauce green onions pineapple vinegar spinach (raw) cabbage mustard greens mustard salt garlic
dish_1558639673,16.02,89.0,ingr_0000000471,train,[471],cherry tomatoes
dish_1560367116,108.409973,211.0,ingr_0000000535;ingr_0000000291;ingr_0000000050;ingr_0000000534;ingr_0000000094;ingr_0000000122;ingr_0000000112;ingr_0000000161;ingr_0000000049;ingr_0000000471,train,"[535, 291, 50, 534, 94, 122, 112, 161, 49, 471]",green onions salt tofu country rice onions garlic honeydew melons olive oil fish cherry tomatoes
dish_1562959547,165.617737,145.0,ingr_0000000029;ingr_0000000070;ingr_0000000531;ingr_0000000031;ingr_0000000471;ingr_0000000312;ingr_0000000448;ingr_0000000377;ingr_0000000515;ingr_0000000189;ingr_0000000049;ingr_0000000541;ingr_0000000122;ingr_0000000045;ingr_0000000094;ingr_0000000126;ingr_0000000161;ingr_0000000523;ingr_0000000520;ingr_0000000036;ingr_0000000517;ingr_0000000030;ingr_0000000291,train,"[29, 70, 531, 31, 471, 312, 448, 377, 515, 189, 49, 541, 122, 45, 94, 126, 161, 523, 520, 36, 517, 30, 291]",mixed greens figs pumpkin seeds cucumbers cherry tomatoes pepper jalapenos quinoa arugula vinegar fish tomatillo garlic carrot onions mustard olive oil cilantro lemon juice spinach (raw) chard lettuce salt
dish_1565711154,421.617584,385.0,ingr_0000000040;ingr_0000000004;ingr_0000000338;ingr_0000000294;ingr_0000000041;ingr_0000000128;ingr_0000000029,train,"[40, 4, 338, 294, 41, 128, 29]",raspberries bacon vinaigrette granola blackberries egg whites mixed greens
dish_1564073641,49.767807,52.0,ingr_0000000161;ingr_0000000437,train,"[161, 437]",olive oil sweet potato
dish_1566414891,213.994171,163.0,ingr_0000000201;ingr_0000000189;ingr_0000000515;ingr_0000000517;ingr_0000000161;ingr_0000000433;ingr_0000000122;ingr_0000000291;ingr_0000000082;ingr_0000000126,train,"[201, 189, 515, 517, 161, 433, 122, 291, 82, 126]",blueberries vinegar arugula chard olive oil roasted potatoes garlic salt pecans mustard
dish_1562876674,289.192596,157.0,ingr_0000000291;ingr_0000000011;ingr_0000000028;ingr_0000000534;ingr_0000000036;ingr_0000000524;ingr_0000000122;ingr_0000000021;ingr_0000000514;ingr_0000000521;ingr_0000000520;ingr_0000000485;ingr_0000000516;ingr_0000000161;ingr_0000000518;ingr_0000000312,train,"[291, 11, 28, 534, 36, 524, 122, 21, 514, 521, 520, 485, 516, 161, 518, 312]",salt cheese pizza chicken country rice spinach (raw) parsley garlic squash wheat berry basil lemon juice zucchini rosemary olive oil thyme pepper
dish_1558028690,23.76,66.0,ingr_0000000112,train,[112],honeydew melons
dish_1565987142,518.322998,426.0,ingr_0000000036;ingr_0000000031;ingr_0000000148;ingr_0000000028;ingr_0000000012,train,"[36, 31, 148, 28, 12]",spinach (raw) cucumbers parmesan cheese chicken olives
dish_1560874751,379.992004,220.0,ingr_0000000004;ingr_0000000013;ingr_0000000264;ingr_0000000495;ingr_0000000192,train,"[4, 13, 264, 495, 192]",bacon berries bagels cream cheese yam
dish_1563393341,27.965,119.0,ingr_0000000027;ingr_0000000021;ingr_0000000485,train,"[27, 21, 485]",broccoli squash zucchini
dish_1562959379,57.066452,85.0,ingr_0000000029;ingr_0000000161;ingr_0000000073;ingr_0000000515;ingr_0000000189;ingr_0000000126;ingr_0000000031;ingr_0000000291;ingr_0000000531;ingr_0000000045;ingr_0000000030,train,"[29, 161, 73, 515, 189, 126, 31, 291, 531, 45, 30]",mixed greens olive oil radishes arugula vinegar mustard cucumbers salt pumpkin seeds carrot lettuce
dish_1559240256,18.9,54.0,ingr_0000000027,train,[27],broccoli
dish_1562959485,45.242737,36.0,ingr_0000000029;ingr_0000000030;ingr_0000000045;ingr_0000000531;ingr_0000000291;ingr_0000000126;ingr_0000000161;ingr_0000000189;ingr_0000000515,train,"[29, 30, 45, 531, 291, 126, 161, 189, 515]",mixed greens lettuce carrot pumpkin seeds salt mustard olive oil vinegar arugula
dish_1562170236,169.360001,333.0,ingr_0000000013;ingr_0000000121;ingr_0000000038,train,"[13, 121, 38]",berries watermelon pineapple
dish_1563820806,207.814453,273.0,ingr_0000000028;ingr_0000000026;ingr_0000000540;ingr_0000000043;ingr_0000000036;ingr_0000000189;ingr_0000000021;ingr_0000000161;ingr_0000000485;ingr_0000000508;ingr_0000000122;ingr_0000000027;ingr_0000000535;ingr_0000000291,train,"[28, 26, 540, 43, 36, 189, 21, 161, 485, 508, 122, 27, 535, 291]",chicken white rice ginger green beans spinach (raw) vinegar squash olive oil zucchini soy sauce garlic broccoli green onions salt
dish_1567801520,919.097168,600.0,ingr_0000000026;ingr_0000000328;ingr_0000000122;ingr_0000000508;ingr_0000000006;ingr_0000000291;ingr_0000000525;ingr_0000000312;ingr_0000000462,train,"[26, 328, 122, 508, 6, 291, 525, 312, 462]",white rice sugar garlic soy sauce caesar salad salt bok choy pepper pork
dish_1559239985,116.116005,203.0,ingr_0000000213,train,[213],pears
dish_1563477659,26.551344,52.0,ingr_0000000291;ingr_0000000312;ingr_0000000016;ingr_0000000161,train,"[291, 312, 16, 161]",salt pepper brussels sprouts olive oil
dish_1562613974,416.196686,375.0,ingr_0000000518;ingr_0000000023;ingr_0000000515;ingr_0000000521;ingr_0000000161;ingr_0000000526;ingr_0000000473;ingr_0000000155;ingr_0000000189;ingr_0000000291;ingr_0000000054;ingr_0000000122;ingr_0000000133;ingr_0000000073;ingr_0000000021;ingr_0000000524;ingr_0000000520;ingr_0000000153;ingr_0000000027,train,"[518, 23, 515, 521, 161, 526, 473, 155, 189, 291, 54, 122, 133, 73, 21, 524, 520, 153, 27]",thyme brown rice arugula basil olive oil mustard greens cranberries chicken thighs vinegar salt apple garlic shallots radishes squash parsley lemon juice bulgur broccoli
dish_1567526888,479.179993,816.0,ingr_0000000013;ingr_0000000437;ingr_0000000161;ingr_0000000475;ingr_0000000128;ingr_0000000121;ingr_0000000192,train,"[13, 437, 161, 475, 128, 121, 192]",berries sweet potato olive oil salsa egg whites watermelon yam
dish_1558030832,89.352005,72.0,ingr_0000000192,train,[192],yam
dish_1565798531,61.576214,61.0,ingr_0000000189;ingr_0000000471;ingr_0000000030;ingr_0000000367;ingr_0000000291;ingr_0000000312;ingr_0000000029;ingr_0000000094;ingr_0000000031;ingr_0000000161,train,"[189, 471, 30, 367, 291, 312, 29, 94, 31, 161]",vinegar cherry tomatoes lettuce lime salt pepper mixed greens onions cucumbers olive oil
dish_1563555160,268.832642,287.0,ingr_0000000008;ingr_0000000161;ingr_0000000312;ingr_0000000291;ingr_0000000437;ingr_0000000037;ingr_0000000016,train,"[8, 161, 312, 291, 437, 37, 16]",scrambled eggs olive oil pepper salt sweet potato cantaloupe brussels sprouts
dish_1564777933,103.700996,39.0,ingr_0000000011,train,[11],cheese pizza
dish_1565981898,260.979767,290.0,ingr_0000000471;ingr_0000000201;ingr_0000000517;ingr_0000000161;ingr_0000000524;ingr_0000000124;ingr_0000000122;ingr_0000000291;ingr_0000000133;ingr_0000000312;ingr_0000000049;ingr_0000000050;ingr_0000000515;ingr_0000000514;ingr_0000000189;ingr_0000000126;ingr_0000000520;ingr_0000000527;ingr_0000000045,train,"[471, 201, 517, 161, 524, 124, 122, 291, 133, 312, 49, 50, 515, 514, 189, 126, 520, 527, 45]",cherry tomatoes blueberries chard olive oil parsley walnuts garlic salt shallots pepper fish tofu arugula wheat berry vinegar mustard lemon juice chive carrot
dish_1559062082,387.869995,311.0,ingr_0000000121;ingr_0000000179;ingr_0000000080;ingr_0000000437,train,"[121, 179, 80, 437]",watermelon eggs turkey bacon sweet potato
dish_1566417475,150.23053,198.0,ingr_0000000161;ingr_0000000126;ingr_0000000433;ingr_0000000291;ingr_0000000029;ingr_0000000528;ingr_0000000471;ingr_0000000189;ingr_0000000335,train,"[161, 126, 433, 291, 29, 528, 471, 189, 335]",olive oil mustard roasted potatoes salt mixed greens celery root cherry tomatoes vinegar eggplant
dish_1565119493,529.144897,280.0,ingr_0000000126;ingr_0000000161;ingr_0000000094;ingr_0000000189;ingr_0000000025;ingr_0000000006;ingr_0000000525;ingr_0000000133;ingr_0000000054;ingr_0000000513;ingr_0000000291;ingr_0000000011;ingr_0000000473;ingr_0000000036;ingr_0000000511,train,"[126, 161, 94, 189, 25, 6, 525, 133, 54, 513, 291, 11, 473, 36, 511]",mustard olive oil onions vinegar beef caesar salad bok choy shallots apple millet salt cheese pizza cranberries spinach (raw) spinach (cooked)
dish_1566402232,511.396118,841.0,ingr_0000000121;ingr_0000000037;ingr_0000000475;ingr_0000000128;ingr_0000000192;ingr_0000000013;ingr_0000000437;ingr_0000000161,train,"[121, 37, 475, 128, 192, 13, 437, 161]",watermelon cantaloupe salsa egg whites yam berries sweet potato olive oil
dish_1560887435,364.529053,171.0,ingr_0000000380;ingr_0000000148;ingr_0000000306;ingr_0000000072;ingr_0000000140,train,"[380, 148, 306, 72, 140]",pizza parmesan cheese croutons kale caesar dressing
dish_1558641358,24.25,97.0,ingr_0000000007,train,[7],cauliflower
dish_1558724853,50.740002,118.0,ingr_0000000016,train,[16],brussels sprouts
dish_1562008476,120.505836,120.0,ingr_0000000161;ingr_0000000016;ingr_0000000520;ingr_0000000524;ingr_0000000031;ingr_0000000122;ingr_0000000291;ingr_0000000045;ingr_0000000152;ingr_0000000312;ingr_0000000462;ingr_0000000514;ingr_0000000448;ingr_0000000116,train,"[161, 16, 520, 524, 31, 122, 291, 45, 152, 312, 462, 514, 448, 116]",olive oil brussels sprouts lemon juice parsley cucumbers garlic salt carrot cabbage pepper pork wheat berry jalapenos mayonnaise
dish_1563207277,153.089996,106.0,ingr_0000000192;ingr_0000000437;ingr_0000000161,train,"[192, 437, 161]",yam sweet potato olive oil
dish_1563812508,112.839996,217.0,ingr_0000000128,train,[128],egg whites
dish_1568055963,36.799999,32.0,ingr_0000000012,train,[12],olives
dish_1559244417,72.832504,59.0,ingr_0000000312;ingr_0000000517;ingr_0000000201;ingr_0000000189;ingr_0000000515;ingr_0000000161;ingr_0000000126;ingr_0000000124;ingr_0000000291,train,"[312, 517, 201, 189, 515, 161, 126, 124, 291]",pepper chard blueberries vinegar arugula olive oil mustard walnuts salt
dish_1562615283,176.535965,78.0,ingr_0000000038;ingr_0000000026;ingr_0000000520;ingr_0000000448;ingr_0000000010;ingr_0000000189;ingr_0000000072;ingr_0000000094;ingr_0000000122;ingr_0000000523;ingr_0000000291,train,"[38, 26, 520, 448, 10, 189, 72, 94, 122, 523, 291]",pineapple white rice lemon juice jalapenos steak vinegar kale onions garlic cilantro salt
dish_1560802149,365.517456,249.0,ingr_0000000026;ingr_0000000515;ingr_0000000244;ingr_0000000021;ingr_0000000140;ingr_0000000161;ingr_0000000518;ingr_0000000516;ingr_0000000291;ingr_0000000122;ingr_0000000471;ingr_0000000036;ingr_0000000148;ingr_0000000462;ingr_0000000514;ingr_0000000306;ingr_0000000524;ingr_0000000485;ingr_0000000072;ingr_0000000094,train,"[26, 515, 244, 21, 140, 161, 518, 516, 291, 122, 471, 36, 148, 462, 514, 306, 524, 485, 72, 94]",white rice arugula chicken breast squash caesar dressing olive oil thyme rosemary salt garlic cherry tomatoes spinach (raw) parmesan cheese pork wheat berry croutons parsley zucchini kale onions
dish_1562180025,798.913696,256.0,ingr_0000000004;ingr_0000000122;ingr_0000000028;ingr_0000000318;ingr_0000000520;ingr_0000000524;ingr_0000000518;ingr_0000000221;ingr_0000000200;ingr_0000000291,train,"[4, 122, 28, 318, 520, 524, 518, 221, 200, 291]",bacon garlic chicken flour lemon juice parsley thyme vegetable oil buttermilk salt
dish_1562872432,259.08316,257.0,ingr_0000000514;ingr_0000000472;ingr_0000000521;ingr_0000000520;ingr_0000000485;ingr_0000000021;ingr_0000000161;ingr_0000000036;ingr_0000000312;ingr_0000000028;ingr_0000000525;ingr_0000000524;ingr_0000000122;ingr_0000000291;ingr_0000000516;ingr_0000000518,train,"[514, 472, 521, 520, 485, 21, 161, 36, 312, 28, 525, 524, 122, 291, 516, 518]",wheat berry couscous basil lemon juice zucchini squash olive oil spinach (raw) pepper chicken bok choy parsley garlic salt rosemary thyme
dish_1562686548,413.493988,280.0,ingr_0000000008;ingr_0000000192;ingr_0000000510,train,"[8, 192, 510]",scrambled eggs yam chicken apple sausage
dish_1562184705,635.19043,376.0,ingr_0000000514;ingr_0000000517;ingr_0000000010;ingr_0000000471;ingr_0000000004;ingr_0000000133;ingr_0000000291;ingr_0000000527;ingr_0000000520;ingr_0000000161;ingr_0000000043;ingr_0000000049;ingr_0000000122;ingr_0000000027;ingr_0000000524;ingr_0000000072,train,"[514, 517, 10, 471, 4, 133, 291, 527, 520, 161, 43, 49, 122, 27, 524, 72]",wheat berry chard steak cherry tomatoes bacon shallots salt chive lemon juice olive oil green beans fish garlic broccoli parsley kale
dish_1566934366,87.746994,33.0,ingr_0000000011,train,[11],cheese pizza
dish_1561134102,24.300001,81.0,ingr_0000000121,train,[121],watermelon
dish_1568318286,32.200001,115.0,ingr_0000000029,train,[29],mixed greens
dish_1565727921,768.554016,397.0,ingr_0000000320;ingr_0000000028;ingr_0000000012;ingr_0000000161;ingr_0000000027;ingr_0000000148;ingr_0000000029,train,"[320, 28, 12, 161, 27, 148, 29]",black beans chicken olives olive oil broccoli parmesan cheese mixed greens
dish_1563568148,170.995789,225.0,ingr_0000000122;ingr_0000000133;ingr_0000000527;ingr_0000000161;ingr_0000000524;ingr_0000000072;ingr_0000000520;ingr_0000000517;ingr_0000000514;ingr_0000000525;ingr_0000000291;ingr_0000000049;ingr_0000000471,train,"[122, 133, 527, 161, 524, 72, 520, 517, 514, 525, 291, 49, 471]",garlic shallots chive olive oil parsley kale lemon juice chard wheat berry bok choy salt fish cherry tomatoes
dish_1565119698,222.235489,308.0,ingr_0000000485;ingr_0000000072;ingr_0000000094;ingr_0000000291;ingr_0000000133;ingr_0000000511;ingr_0000000525;ingr_0000000513;ingr_0000000025;ingr_0000000189;ingr_0000000517;ingr_0000000529;ingr_0000000161,train,"[485, 72, 94, 291, 133, 511, 525, 513, 25, 189, 517, 529, 161]",zucchini kale onions salt shallots spinach (cooked) bok choy millet beef vinegar chard chayote squash olive oil
dish_1564428404,113.751038,104.0,ingr_0000000161;ingr_0000000094;ingr_0000000126;ingr_0000000213;ingr_0000000291;ingr_0000000029;ingr_0000000122;ingr_0000000471;ingr_0000000189,train,"[161, 94, 126, 213, 291, 29, 122, 471, 189]",olive oil onions mustard pears salt mixed greens garlic cherry tomatoes vinegar
dish_1562958809,511.673645,389.0,ingr_0000000029;ingr_0000000122;ingr_0000000126;ingr_0000000535;ingr_0000000180;ingr_0000000152;ingr_0000000328;ingr_0000000462;ingr_0000000517;ingr_0000000036;ingr_0000000189;ingr_0000000026;ingr_0000000525;ingr_0000000508;ingr_0000000070;ingr_0000000291;ingr_0000000031;ingr_0000000161;ingr_0000000073;ingr_0000000312;ingr_0000000471;ingr_0000000045,train,"[29, 122, 126, 535, 180, 152, 328, 462, 517, 36, 189, 26, 525, 508, 70, 291, 31, 161, 73, 312, 471, 45]",mixed greens garlic mustard green onions rice noodles cabbage sugar pork chard spinach (raw) vinegar white rice bok choy soy sauce figs salt cucumbers olive oil radishes pepper cherry tomatoes carrot
dish_1563996308,718.51178,659.0,ingr_0000000312;ingr_0000000045;ingr_0000000133;ingr_0000000161;ingr_0000000521;ingr_0000000341;ingr_0000000291;ingr_0000000122;ingr_0000000441;ingr_0000000518;ingr_0000000515;ingr_0000000516;ingr_0000000046;ingr_0000000519;ingr_0000000514;ingr_0000000520;ingr_0000000028;ingr_0000000007;ingr_0000000428,train,"[312, 45, 133, 161, 521, 341, 291, 122, 441, 518, 515, 516, 46, 519, 514, 520, 28, 7, 428]",pepper carrot shallots olive oil basil cream salt garlic butter thyme arugula rosemary mushroom oregano wheat berry lemon juice chicken cauliflower white wine
dish_1561060642,468.412384,387.0,ingr_0000000448;ingr_0000000023;ingr_0000000291;ingr_0000000525;ingr_0000000520;ingr_0000000133;ingr_0000000122;ingr_0000000203;ingr_0000000094;ingr_0000000518;ingr_0000000161;ingr_0000000046;ingr_0000000074;ingr_0000000025;ingr_0000000540;ingr_0000000050;ingr_0000000036;ingr_0000000341;ingr_0000000038;ingr_0000000523;ingr_0000000332;ingr_0000000011;ingr_0000000367;ingr_0000000434;ingr_0000000016;ingr_0000000092,train,"[448, 23, 291, 525, 520, 133, 122, 203, 94, 518, 161, 46, 74, 25, 540, 50, 36, 341, 38, 523, 332, 11, 367, 434, 16, 92]",jalapenos brown rice salt bok choy lemon juice shallots garlic chili onions thyme olive oil mushroom pasta beef ginger tofu spinach (raw) cream pineapple cilantro salmon cheese pizza lime sour cream brussels sprouts wine
dish_1560453150,152.320267,141.0,ingr_0000000189;ingr_0000000036;ingr_0000000126;ingr_0000000201;ingr_0000000524;ingr_0000000043;ingr_0000000291;ingr_0000000161;ingr_0000000045;ingr_0000000077,train,"[189, 36, 126, 201, 524, 43, 291, 161, 45, 77]",vinegar spinach (raw) mustard blueberries parsley green beans salt olive oil carrot almonds
dish_1562946006,535.984009,224.0,ingr_0000000039;ingr_0000000008,train,"[39, 8]",sausage scrambled eggs
dish_1565725156,452.669983,500.0,ingr_0000000045;ingr_0000000033;ingr_0000000028;ingr_0000000094;ingr_0000000471;ingr_0000000012,train,"[45, 33, 28, 94, 471, 12]",carrot bell peppers chicken onions cherry tomatoes olives
dish_1562096907,297.779602,266.0,ingr_0000000542;ingr_0000000527;ingr_0000000102;ingr_0000000094;ingr_0000000291;ingr_0000000367;ingr_0000000095;ingr_0000000122;ingr_0000000033;ingr_0000000312;ingr_0000000049;ingr_0000000515;ingr_0000000161;ingr_0000000524,train,"[542, 527, 102, 94, 291, 367, 95, 122, 33, 312, 49, 515, 161, 524]",white beans chive snow peas onions salt lime artichokes garlic bell peppers pepper fish arugula olive oil parsley
dish_1561749778,334.527893,340.0,ingr_0000000161;ingr_0000000518;ingr_0000000291;ingr_0000000027;ingr_0000000332;ingr_0000000471;ingr_0000000312;ingr_0000000023;ingr_0000000515;ingr_0000000073,train,"[161, 518, 291, 27, 332, 471, 312, 23, 515, 73]",olive oil thyme salt broccoli salmon cherry tomatoes pepper brown rice arugula radishes
dish_1562775110,101.520004,282.0,ingr_0000000112,train,[112],honeydew melons
dish_1565641943,510.889587,307.0,ingr_0000000518;ingr_0000000291;ingr_0000000011;ingr_0000000161;ingr_0000000122;ingr_0000000514;ingr_0000000036;ingr_0000000377;ingr_0000000244;ingr_0000000471;ingr_0000000014;ingr_0000000148,train,"[518, 291, 11, 161, 122, 514, 36, 377, 244, 471, 14, 148]",thyme salt cheese pizza olive oil garlic wheat berry spinach (raw) quinoa chicken breast cherry tomatoes asparagus parmesan cheese
dish_1562168427,193.709991,368.0,ingr_0000000013;ingr_0000000128;ingr_0000000038,train,"[13, 128, 38]",berries egg whites pineapple
dish_1563567599,194.226822,156.0,ingr_0000000291;ingr_0000000122;ingr_0000000161;ingr_0000000126;ingr_0000000082;ingr_0000000189;ingr_0000000517;ingr_0000000515;ingr_0000000201,train,"[291, 122, 161, 126, 82, 189, 517, 515, 201]",salt garlic olive oil mustard pecans vinegar chard arugula blueberries
dish_1561481634,462.057007,228.0,ingr_0000000008;ingr_0000000004;ingr_0000000192,train,"[8, 4, 192]",scrambled eggs bacon yam
dish_1558632233,122.604004,193.0,ingr_0000000003;ingr_0000000205;ingr_0000000037,train,"[3, 205, 37]",garden salad corn on the cob cantaloupe
dish_1562875320,603.858704,377.0,ingr_0000000028;ingr_0000000043;ingr_0000000021;ingr_0000000036;ingr_0000000520;ingr_0000000122;ingr_0000000006;ingr_0000000518;ingr_0000000161;ingr_0000000534;ingr_0000000291;ingr_0000000312;ingr_0000000514;ingr_0000000524;ingr_0000000521;ingr_0000000380;ingr_0000000485;ingr_0000000516,train,"[28, 43, 21, 36, 520, 122, 6, 518, 161, 534, 291, 312, 514, 524, 521, 380, 485, 516]",chicken green beans squash spinach (raw) lemon juice garlic caesar salad thyme olive oil country rice salt pepper wheat berry parsley basil pizza zucchini rosemary
dish_1565383159,706.358948,468.0,ingr_0000000148;ingr_0000000031;ingr_0000000338;ingr_0000000012;ingr_0000000028;ingr_0000000161;ingr_0000000036,train,"[148, 31, 338, 12, 28, 161, 36]",parmesan cheese cucumbers vinaigrette olives chicken olive oil spinach (raw)
dish_1560441247,2.21,17.0,ingr_0000000525,train,[525],bok choy
dish_1562775047,284.880005,461.0,ingr_0000000013;ingr_0000000059,train,"[13, 59]",berries oatmeal
dish_1568660810,132.539993,47.0,ingr_0000000392,train,[392],pepperoni pizza
dish_1563468240,93.100006,239.0,ingr_0000000038;ingr_0000000121,train,"[38, 121]",pineapple watermelon
dish_1567625434,581.253052,396.0,ingr_0000000291;ingr_0000000133;ingr_0000000518;ingr_0000000524;ingr_0000000515;ingr_0000000042;ingr_0000000514;ingr_0000000054;ingr_0000000153;ingr_0000000036;ingr_0000000161;ingr_0000000526;ingr_0000000520;ingr_0000000072;ingr_0000000473;ingr_0000000517;ingr_0000000122;ingr_0000000028,train,"[291, 133, 518, 524, 515, 42, 514, 54, 153, 36, 161, 526, 520, 72, 473, 517, 122, 28]",salt shallots thyme parsley arugula avocado wheat berry apple bulgur spinach (raw) olive oil mustard greens lemon juice kale cranberries chard garlic chicken
dish_1561049320,102.789993,19.0,ingr_0000000004,train,[4],bacon
dish_1562691383,86.870003,70.0,ingr_0000000192,train,[192],yam
dish_1561575192,122.989189,236.0,ingr_0000000124;ingr_0000000291;ingr_0000000126;ingr_0000000161;ingr_0000000515;ingr_0000000189;ingr_0000000517;ingr_0000000201;ingr_0000000312;ingr_0000000007,train,"[124, 291, 126, 161, 515, 189, 517, 201, 312, 7]",walnuts salt mustard olive oil arugula vinegar chard blueberries pepper cauliflower
dish_1558115960,39.27,51.0,ingr_0000000005,train,[5],potatoes
dish_1561661449,237.075684,115.0,ingr_0000000328;ingr_0000000291;ingr_0000000508;ingr_0000000122;ingr_0000000026;ingr_0000000312;ingr_0000000525;ingr_0000000462,train,"[328, 291, 508, 122, 26, 312, 525, 462]",sugar salt soy sauce garlic white rice pepper bok choy pork
dish_1565207694,173.791214,178.0,ingr_0000000038;ingr_0000000026;ingr_0000000161;ingr_0000000535;ingr_0000000094;ingr_0000000072;ingr_0000000534;ingr_0000000122;ingr_0000000523;ingr_0000000049;ingr_0000000189;ingr_0000000155;ingr_0000000520;ingr_0000000027;ingr_0000000291,train,"[38, 26, 161, 535, 94, 72, 534, 122, 523, 49, 189, 155, 520, 27, 291]",pineapple white rice olive oil green onions onions kale country rice garlic cilantro fish vinegar chicken thighs lemon juice broccoli salt
dish_1568318361,540.820007,341.0,ingr_0000000010;ingr_0000000029;ingr_0000000027,train,"[10, 29, 27]",steak mixed greens broccoli
dish_1562788032,137.238892,214.0,ingr_0000000006;ingr_0000000189;ingr_0000000094;ingr_0000000133;ingr_0000000312;ingr_0000000027;ingr_0000000471;ingr_0000000037;ingr_0000000023;ingr_0000000462;ingr_0000000335;ingr_0000000521;ingr_0000000524;ingr_0000000520;ingr_0000000161;ingr_0000000122;ingr_0000000291,train,"[6, 189, 94, 133, 312, 27, 471, 37, 23, 462, 335, 521, 524, 520, 161, 122, 291]",caesar salad vinegar onions shallots pepper broccoli cherry tomatoes cantaloupe brown rice pork eggplant basil parsley lemon juice olive oil garlic salt
dish_1567106620,39.040001,146.0,ingr_0000000033;ingr_0000000471,train,"[33, 471]",bell peppers cherry tomatoes
dish_1558723982,294.830994,51.0,ingr_0000000077,train,[77],almonds
dish_1561749908,377.262177,472.0,ingr_0000000291;ingr_0000000471;ingr_0000000073;ingr_0000000161;ingr_0000000518;ingr_0000000031;ingr_0000000515;ingr_0000000023;ingr_0000000016;ingr_0000000342;ingr_0000000027;ingr_0000000332;ingr_0000000312,train,"[291, 471, 73, 161, 518, 31, 515, 23, 16, 342, 27, 332, 312]",salt cherry tomatoes radishes olive oil thyme cucumbers arugula brown rice brussels sprouts turnips broccoli salmon pepper
dish_1560444637,509.321014,285.0,ingr_0000000004;ingr_0000000192;ingr_0000000002;ingr_0000000008,train,"[4, 192, 2, 8]",bacon yam strawberries scrambled eggs
dish_1562789301,606.91156,435.0,ingr_0000000006;ingr_0000000312;ingr_0000000205;ingr_0000000520;ingr_0000000524;ingr_0000000161;ingr_0000000291;ingr_0000000471;ingr_0000000011;ingr_0000000462;ingr_0000000023;ingr_0000000189;ingr_0000000521;ingr_0000000094;ingr_0000000122;ingr_0000000027;ingr_0000000133,train,"[6, 312, 205, 520, 524, 161, 291, 471, 11, 462, 23, 189, 521, 94, 122, 27, 133]",caesar salad pepper corn on the cob lemon juice parsley olive oil salt cherry tomatoes cheese pizza pork brown rice vinegar basil onions garlic broccoli shallots
dish_1559235771,145.800003,54.0,ingr_0000000495;ingr_0000000264,train,"[495, 264]",cream cheese bagels
dish_1561753203,265.471954,207.0,ingr_0000000023;ingr_0000000515;ingr_0000000312;ingr_0000000332;ingr_0000000291;ingr_0000000518;ingr_0000000161;ingr_0000000021,train,"[23, 515, 312, 332, 291, 518, 161, 21]",brown rice arugula pepper salmon salt thyme olive oil squash
dish_1558114441,258.450012,75.0,ingr_0000000039,train,[39],sausage
dish_1566851115,81.554428,70.0,ingr_0000000457;ingr_0000000291;ingr_0000000122;ingr_0000000126;ingr_0000000161;ingr_0000000031;ingr_0000000094;ingr_0000000036;ingr_0000000189,train,"[457, 291, 122, 126, 161, 31, 94, 36, 189]",sun dried tomatoes salt garlic mustard olive oil cucumbers onions spinach (raw) vinegar
dish_1559590005,360.832489,241.0,ingr_0000000014;ingr_0000000291;ingr_0000000380;ingr_0000000094;ingr_0000000473;ingr_0000000126;ingr_0000000189;ingr_0000000046;ingr_0000000036;ingr_0000000161;ingr_0000000054,train,"[14, 291, 380, 94, 473, 126, 189, 46, 36, 161, 54]",asparagus salt pizza onions cranberries mustard vinegar mushroom spinach (raw) olive oil apple
dish_1559668272,512.140015,239.0,ingr_0000000008;ingr_0000000015,train,"[8, 15]",scrambled eggs hash browns
dish_1566933498,318.482666,284.0,ingr_0000000312;ingr_0000000092;ingr_0000000335;ingr_0000000046;ingr_0000000021;ingr_0000000515;ingr_0000000520;ingr_0000000524;ingr_0000000133;ingr_0000000187;ingr_0000000377;ingr_0000000525;ingr_0000000155;ingr_0000000161;ingr_0000000511;ingr_0000000122;ingr_0000000291;ingr_0000000213,train,"[312, 92, 335, 46, 21, 515, 520, 524, 133, 187, 377, 525, 155, 161, 511, 122, 291, 213]",pepper wine eggplant mushroom squash arugula lemon juice parsley shallots chickpeas quinoa bok choy chicken thighs olive oil spinach (cooked) garlic salt pears
dish_1565972628,545.960022,359.0,ingr_0000000510;ingr_0000000008,train,"[510, 8]",chicken apple sausage scrambled eggs
dish_1562096343,6.2,62.0,ingr_0000000031,train,[31],cucumbers
dish_1557861837,61.883999,123.0,ingr_0000000335;ingr_0000000006;ingr_0000000049,train,"[335, 6, 49]",eggplant caesar salad fish
dish_1565382762,305.828583,139.0,ingr_0000000392;ingr_0000000312;ingr_0000000161;ingr_0000000045;ingr_0000000291,train,"[392, 312, 161, 45, 291]",pepperoni pizza pepper olive oil carrot salt
dish_1565984299,93.343513,298.0,ingr_0000000291;ingr_0000000312;ingr_0000000045;ingr_0000000161;ingr_0000000007,train,"[291, 312, 45, 161, 7]",salt pepper carrot olive oil cauliflower
dish_1565109659,226.744873,263.0,ingr_0000000437;ingr_0000000004;ingr_0000000161;ingr_0000000128,train,"[437, 4, 161, 128]",sweet potato bacon olive oil egg whites
dish_1558722636,30.75,75.0,ingr_0000000045,train,[45],carrot
dish_1565034281,228.459991,306.0,ingr_0000000433;ingr_0000000007,train,"[433, 7]",roasted potatoes cauliflower
dish_1561575977,261.076172,102.0,ingr_0000000133;ingr_0000000513;ingr_0000000511;ingr_0000000148;ingr_0000000094;ingr_0000000161;ingr_0000000189;ingr_0000000291;ingr_0000000025;ingr_0000000525;ingr_0000000011,train,"[133, 513, 511, 148, 94, 161, 189, 291, 25, 525, 11]",shallots millet spinach (cooked) parmesan cheese onions olive oil vinegar salt beef bok choy cheese pizza
dish_1563304369,457.172119,326.0,ingr_0000000122;ingr_0000000524;ingr_0000000072;ingr_0000000520;ingr_0000000335;ingr_0000000148;ingr_0000000133;ingr_0000000433;ingr_0000000291;ingr_0000000518;ingr_0000000140;ingr_0000000161;ingr_0000000514;ingr_0000000306;ingr_0000000036;ingr_0000000028,train,"[122, 524, 72, 520, 335, 148, 133, 433, 291, 518, 140, 161, 514, 306, 36, 28]",garlic parsley kale lemon juice eggplant parmesan cheese shallots roasted potatoes salt thyme caesar dressing olive oil wheat berry croutons spinach (raw) chicken
dish_1562876709,304.366852,186.0,ingr_0000000028;ingr_0000000514;ingr_0000000043;ingr_0000000036;ingr_0000000485;ingr_0000000521;ingr_0000000524;ingr_0000000011;ingr_0000000312;ingr_0000000021;ingr_0000000534;ingr_0000000520;ingr_0000000516;ingr_0000000161;ingr_0000000518;ingr_0000000122;ingr_0000000291,train,"[28, 514, 43, 36, 485, 521, 524, 11, 312, 21, 534, 520, 516, 161, 518, 122, 291]",chicken wheat berry green beans spinach (raw) zucchini basil parsley cheese pizza pepper squash country rice lemon juice rosemary olive oil thyme garlic salt
dish_1558632921,80.599998,155.0,ingr_0000000054,train,[54],apple
dish_1563465847,267.75,182.0,ingr_0000000433;ingr_0000000008,train,"[433, 8]",roasted potatoes scrambled eggs
dish_1561148481,281.281128,140.0,ingr_0000000367;ingr_0000000045;ingr_0000000518;ingr_0000000161;ingr_0000000031;ingr_0000000520;ingr_0000000094;ingr_0000000448;ingr_0000000034;ingr_0000000341;ingr_0000000527;ingr_0000000026;ingr_0000000122;ingr_0000000032;ingr_0000000471;ingr_0000000349;ingr_0000000011;ingr_0000000291;ingr_0000000523;ingr_0000000526;ingr_0000000046;ingr_0000000515;ingr_0000000072;ingr_0000000421;ingr_0000000179,train,"[367, 45, 518, 161, 31, 520, 94, 448, 34, 341, 527, 26, 122, 32, 471, 349, 11, 291, 523, 526, 46, 515, 72, 421, 179]",lime carrot thyme olive oil cucumbers lemon juice onions jalapenos celery cream chive white rice garlic tomatoes cherry tomatoes mangos cheese pizza salt cilantro mustard greens mushroom arugula kale ground turkey eggs
dish_1558109986,258.450012,75.0,ingr_0000000039,train,[39],sausage
dish_1558722665,15.0,60.0,ingr_0000000007,train,[7],cauliflower
dish_1558028606,19.5,65.0,ingr_0000000458,train,[458],deprecated
dish_1565208611,73.669174,157.0,ingr_0000000312;ingr_0000000161;ingr_0000000016;ingr_0000000006;ingr_0000000291,train,"[312, 161, 16, 6, 291]",pepper olive oil brussels sprouts caesar salad salt
dish_1560367085,77.559998,183.0,ingr_0000000112;ingr_0000000050;ingr_0000000471,train,"[112, 50, 471]",honeydew melons tofu cherry tomatoes
dish_1561753432,380.321686,238.0,ingr_0000000122;ingr_0000000332;ingr_0000000312;ingr_0000000023;ingr_0000000161;ingr_0000000032;ingr_0000000342;ingr_0000000523;ingr_0000000052;ingr_0000000515;ingr_0000000518;ingr_0000000155;ingr_0000000060;ingr_0000000094;ingr_0000000291;ingr_0000000203,train,"[122, 332, 312, 23, 161, 32, 342, 523, 52, 515, 518, 155, 60, 94, 291, 203]",garlic salmon pepper brown rice olive oil tomatoes turnips cilantro cheese arugula thyme chicken thighs tortilla onions salt chili
dish_1561492703,113.130577,134.0,ingr_0000000006;ingr_0000000535;ingr_0000000194;ingr_0000000534;ingr_0000000161;ingr_0000000094;ingr_0000000021;ingr_0000000049;ingr_0000000291;ingr_0000000122,train,"[6, 535, 194, 534, 161, 94, 21, 49, 291, 122]",caesar salad green onions fried rice country rice olive oil onions squash fish salt garlic
dish_1561663786,46.683998,44.0,ingr_0000000205,train,[205],corn on the cob
dish_1558629488,16.0,64.0,ingr_0000000007,train,[7],cauliflower
dish_1565808943,13.320001,74.0,ingr_0000000471,train,[471],cherry tomatoes
dish_1562790259,518.591736,207.0,ingr_0000000124;ingr_0000000291;ingr_0000000161;ingr_0000000126;ingr_0000000105;ingr_0000000515;ingr_0000000189;ingr_0000000201;ingr_0000000517;ingr_0000000312,train,"[124, 291, 161, 126, 105, 515, 189, 201, 517, 312]",walnuts salt olive oil mustard grilled chicken arugula vinegar blueberries chard pepper
dish_1558380058,208.115997,36.0,ingr_0000000077,train,[77],almonds
dish_1559844030,25.410002,77.0,ingr_0000000002,train,[2],strawberries
dish_1559845745,208.141998,322.0,ingr_0000000213;ingr_0000000005,train,"[213, 5]",pears potatoes
dish_1565024741,359.927979,192.0,ingr_0000000080;ingr_0000000008;ingr_0000000433,train,"[80, 8, 433]",turkey bacon scrambled eggs roasted potatoes
dish_1560456814,318.333374,283.0,ingr_0000000161;ingr_0000000527;ingr_0000000367;ingr_0000000049;ingr_0000000047;ingr_0000000538;ingr_0000000434;ingr_0000000524;ingr_0000000539;ingr_0000000045;ingr_0000000122;ingr_0000000291;ingr_0000000312;ingr_0000000009;ingr_0000000515,train,"[161, 527, 367, 49, 47, 538, 434, 524, 539, 45, 122, 291, 312, 9, 515]",olive oil chive lime fish corn jicama sour cream parsley nopales carrot garlic salt pepper wild rice arugula
dish_1567020340,93.588287,168.0,ingr_0000000027;ingr_0000000161,train,"[27, 161]",broccoli olive oil
dish_1561579867,369.364288,217.0,ingr_0000000520;ingr_0000000521;ingr_0000000046;ingr_0000000189;ingr_0000000025;ingr_0000000028;ingr_0000000513;ingr_0000000511;ingr_0000000012;ingr_0000000516;ingr_0000000094;ingr_0000000161;ingr_0000000519;ingr_0000000341;ingr_0000000515;ingr_0000000514;ingr_0000000312;ingr_0000000525;ingr_0000000122;ingr_0000000133;ingr_0000000291;ingr_0000000441;ingr_0000000428;ingr_0000000518,train,"[520, 521, 46, 189, 25, 28, 513, 511, 12, 516, 94, 161, 519, 341, 515, 514, 312, 525, 122, 133, 291, 441, 428, 518]",lemon juice basil mushroom vinegar beef chicken millet spinach (cooked) olives rosemary onions olive oil oregano cream arugula wheat berry pepper bok choy garlic shallots salt butter white wine thyme
dish_1562173200,213.366608,259.0,ingr_0000000038;ingr_0000000502;ingr_0000000543;ingr_0000000545,train,"[38, 502, 543, 545]",pineapple milk chia seeds greek yogurt
dish_1560798854,455.506744,372.0,ingr_0000000161;ingr_0000000036;ingr_0000000050;ingr_0000000027;ingr_0000000520;ingr_0000000473;ingr_0000000306;ingr_0000000148;ingr_0000000129;ingr_0000000007;ingr_0000000364;ingr_0000000045;ingr_0000000011;ingr_0000000291;ingr_0000000072;ingr_0000000140,train,"[161, 36, 50, 27, 520, 473, 306, 148, 129, 7, 364, 45, 11, 291, 72, 140]",olive oil spinach (raw) tofu broccoli lemon juice cranberries croutons parmesan cheese raisins cauliflower sunflower seeds carrot cheese pizza salt kale caesar dressing
dish_1562777068,236.723511,236.0,ingr_0000000161;ingr_0000000016;ingr_0000000291;ingr_0000000002;ingr_0000000312;ingr_0000000008,train,"[161, 16, 291, 2, 312, 8]",olive oil brussels sprouts salt strawberries pepper scrambled eggs
dish_1564690038,92.339996,81.0,ingr_0000000357,train,[357],lentils
dish_1563822546,38.720001,88.0,ingr_0000000006,train,[6],caesar salad
dish_1558640808,10.66,26.0,ingr_0000000045,train,[45],carrot
dish_1566923030,396.799988,226.0,ingr_0000000015;ingr_0000000008;ingr_0000000038,train,"[15, 8, 38]",hash browns scrambled eggs pineapple
dish_1565640227,334.619995,165.0,ingr_0000000033;ingr_0000000392,train,"[33, 392]",bell peppers pepperoni pizza
dish_1558122740,260.149994,304.0,ingr_0000000440;ingr_0000000029;ingr_0000000453;ingr_0000000005;ingr_0000000004,train,"[440, 29, 453, 5, 4]",grapes mixed greens deprecated potatoes bacon
dish_1561746912,264.095947,210.0,ingr_0000000291;ingr_0000000518;ingr_0000000161;ingr_0000000515;ingr_0000000023;ingr_0000000514;ingr_0000000312;ingr_0000000332,train,"[291, 518, 161, 515, 23, 514, 312, 332]",salt thyme olive oil arugula brown rice wheat berry pepper salmon
dish_1563217895,26.799278,73.0,ingr_0000000349;ingr_0000000291;ingr_0000000515;ingr_0000000471;ingr_0000000448;ingr_0000000520;ingr_0000000367;ingr_0000000526;ingr_0000000031;ingr_0000000161;ingr_0000000094;ingr_0000000032;ingr_0000000523,train,"[349, 291, 515, 471, 448, 520, 367, 526, 31, 161, 94, 32, 523]",mangos salt arugula cherry tomatoes jalapenos lemon juice lime mustard greens cucumbers olive oil onions tomatoes cilantro
dish_1562950934,304.218536,464.0,ingr_0000000437;ingr_0000000161;ingr_0000000128,train,"[437, 161, 128]",sweet potato olive oil egg whites
dish_1561662562,368.485199,289.0,ingr_0000000367;ingr_0000000462;ingr_0000000161;ingr_0000000050;ingr_0000000043;ingr_0000000094;ingr_0000000205;ingr_0000000189;ingr_0000000525;ingr_0000000291;ingr_0000000030;ingr_0000000122;ingr_0000000312;ingr_0000000471;ingr_0000000026;ingr_0000000031;ingr_0000000508;ingr_0000000029;ingr_0000000328,train,"[367, 462, 161, 50, 43, 94, 205, 189, 525, 291, 30, 122, 312, 471, 26, 31, 508, 29, 328]",lime pork olive oil tofu green beans onions corn on the cob vinegar bok choy salt lettuce garlic pepper cherry tomatoes white rice cucumbers soy sauce mixed greens sugar
dish_1567108037,674.73053,365.0,ingr_0000000312;ingr_0000000513;ingr_0000000094;ingr_0000000515;ingr_0000000133;ingr_0000000520;ingr_0000000524;ingr_0000000122;ingr_0000000187;ingr_0000000161;ingr_0000000291;ingr_0000000025;ingr_0000000525;ingr_0000000189;ingr_0000000511;ingr_0000000213,train,"[312, 513, 94, 515, 133, 520, 524, 122, 187, 161, 291, 25, 525, 189, 511, 213]",pepper millet onions arugula shallots lemon juice parsley garlic chickpeas olive oil salt beef bok choy vinegar spinach (cooked) pears
dish_1561575951,213.699173,91.0,ingr_0000000291;ingr_0000000094;ingr_0000000011;ingr_0000000511;ingr_0000000025;ingr_0000000513;ingr_0000000525;ingr_0000000133;ingr_0000000189;ingr_0000000161,train,"[291, 94, 11, 511, 25, 513, 525, 133, 189, 161]",salt onions cheese pizza spinach (cooked) beef millet bok choy shallots vinegar olive oil
dish_1565031376,319.490448,308.0,ingr_0000000189;ingr_0000000161;ingr_0000000498;ingr_0000000027;ingr_0000000122;ingr_0000000026;ingr_0000000025;ingr_0000000007;ingr_0000000006;ingr_0000000094;ingr_0000000203;ingr_0000000072;ingr_0000000535;ingr_0000000291;ingr_0000000508,train,"[189, 161, 498, 27, 122, 26, 25, 7, 6, 94, 203, 72, 535, 291, 508]",vinegar olive oil orange juice broccoli garlic white rice beef cauliflower caesar salad onions chili kale green onions salt soy sauce
dish_1564515049,431.635803,611.0,ingr_0000000102;ingr_0000000161;ingr_0000000122;ingr_0000000527;ingr_0000000095;ingr_0000000367;ingr_0000000045;ingr_0000000485;ingr_0000000542;ingr_0000000515;ingr_0000000514;ingr_0000000524;ingr_0000000094;ingr_0000000021;ingr_0000000027;ingr_0000000033;ingr_0000000291;ingr_0000000312;ingr_0000000049,train,"[102, 161, 122, 527, 95, 367, 45, 485, 542, 515, 514, 524, 94, 21, 27, 33, 291, 312, 49]",snow peas olive oil garlic chive artichokes lime carrot zucchini white beans arugula wheat berry parsley onions squash broccoli bell peppers salt pepper fish
dish_1565972674,613.592834,426.0,ingr_0000000291;ingr_0000000008;ingr_0000000510;ingr_0000000471;ingr_0000000312;ingr_0000000030;ingr_0000000029;ingr_0000000367;ingr_0000000161;ingr_0000000189;ingr_0000000094;ingr_0000000031,train,"[291, 8, 510, 471, 312, 30, 29, 367, 161, 189, 94, 31]",salt scrambled eggs chicken apple sausage cherry tomatoes pepper lettuce mixed greens lime olive oil vinegar onions cucumbers
dish_1566413356,183.979996,164.0,ingr_0000000036;ingr_0000000028,train,"[36, 28]",spinach (raw) chicken
dish_1568047932,30.639025,55.0,ingr_0000000027;ingr_0000000161,train,"[27, 161]",broccoli olive oil
dish_1564429270,605.507202,354.0,ingr_0000000291;ingr_0000000126;ingr_0000000122;ingr_0000000187;ingr_0000000161;ingr_0000000526;ingr_0000000524;ingr_0000000189;ingr_0000000515;ingr_0000000177;ingr_0000000517;ingr_0000000082;ingr_0000000312;ingr_0000000201,train,"[291, 126, 122, 187, 161, 526, 524, 189, 515, 177, 517, 82, 312, 201]",salt mustard garlic chickpeas olive oil mustard greens parsley vinegar arugula tempeh chard pecans pepper blueberries
dish_1562173267,409.570007,171.0,ingr_0000000372;ingr_0000000004,train,"[372, 4]",chilaquiles bacon
dish_1562700760,370.130035,418.0,ingr_0000000025;ingr_0000000007;ingr_0000000133;ingr_0000000511;ingr_0000000161;ingr_0000000094;ingr_0000000189;ingr_0000000046;ingr_0000000513;ingr_0000000525;ingr_0000000291,train,"[25, 7, 133, 511, 161, 94, 189, 46, 513, 525, 291]",beef cauliflower shallots spinach (cooked) olive oil onions vinegar mushroom millet bok choy salt
dish_1564432128,217.028381,102.0,ingr_0000000291;ingr_0000000367;ingr_0000000030;ingr_0000000029;ingr_0000000161;ingr_0000000031;ingr_0000000392;ingr_0000000094;ingr_0000000189;ingr_0000000312;ingr_0000000471,train,"[291, 367, 30, 29, 161, 31, 392, 94, 189, 312, 471]",salt lime lettuce mixed greens olive oil cucumbers pepperoni pizza onions vinegar pepper cherry tomatoes
dish_1561392543,126.004929,119.0,ingr_0000000189;ingr_0000000073;ingr_0000000122;ingr_0000000033;ingr_0000000291;ingr_0000000013;ingr_0000000126;ingr_0000000031;ingr_0000000161,train,"[189, 73, 122, 33, 291, 13, 126, 31, 161]",vinegar radishes garlic bell peppers salt berries mustard cucumbers olive oil
dish_1565021714,381.171448,662.0,ingr_0000000161;ingr_0000000128;ingr_0000000112;ingr_0000000013;ingr_0000000437,train,"[161, 128, 112, 13, 437]",olive oil egg whites honeydew melons berries sweet potato
dish_1562096933,312.659607,314.0,ingr_0000000122;ingr_0000000033;ingr_0000000102;ingr_0000000094;ingr_0000000542;ingr_0000000049;ingr_0000000312;ingr_0000000527;ingr_0000000367;ingr_0000000291;ingr_0000000095;ingr_0000000161;ingr_0000000043;ingr_0000000524;ingr_0000000515,train,"[122, 33, 102, 94, 542, 49, 312, 527, 367, 291, 95, 161, 43, 524, 515]",garlic bell peppers snow peas onions white beans fish pepper chive lime salt artichokes olive oil green beans parsley arugula
dish_1559590157,230.485992,234.0,ingr_0000000028;ingr_0000000014;ingr_0000000006,train,"[28, 14, 6]",chicken asparagus caesar salad
dish_1558630450,86.25,125.0,ingr_0000000440,train,[440],grapes
dish_1560367258,157.99173,341.0,ingr_0000000050;ingr_0000000049;ingr_0000000014;ingr_0000000122;ingr_0000000031;ingr_0000000535;ingr_0000000534;ingr_0000000161;ingr_0000000094;ingr_0000000463;ingr_0000000189;ingr_0000000046;ingr_0000000471;ingr_0000000112;ingr_0000000029;ingr_0000000291,train,"[50, 49, 14, 122, 31, 535, 534, 161, 94, 463, 189, 46, 471, 112, 29, 291]",tofu fish asparagus garlic cucumbers green onions country rice olive oil onions beets vinegar mushroom cherry tomatoes honeydew melons mixed greens salt
dish_1563827188,369.359955,377.0,ingr_0000000026;ingr_0000000508;ingr_0000000010;ingr_0000000043;ingr_0000000540;ingr_0000000036;ingr_0000000021;ingr_0000000514;ingr_0000000007;ingr_0000000122;ingr_0000000485;ingr_0000000535;ingr_0000000011;ingr_0000000006;ingr_0000000038;ingr_0000000028;ingr_0000000291;ingr_0000000367;ingr_0000000189;ingr_0000000161;ingr_0000000027,train,"[26, 508, 10, 43, 540, 36, 21, 514, 7, 122, 485, 535, 11, 6, 38, 28, 291, 367, 189, 161, 27]",white rice soy sauce steak green beans ginger spinach (raw) squash wheat berry cauliflower garlic zucchini green onions cheese pizza caesar salad pineapple chicken salt lime vinegar olive oil broccoli
dish_1562613376,371.963898,267.0,ingr_0000000291;ingr_0000000122;ingr_0000000526;ingr_0000000072;ingr_0000000448;ingr_0000000515;ingr_0000000070;ingr_0000000425;ingr_0000000523;ingr_0000000189;ingr_0000000094;ingr_0000000161;ingr_0000000520;ingr_0000000010;ingr_0000000021;ingr_0000000054;ingr_0000000026;ingr_0000000038,train,"[291, 122, 526, 72, 448, 515, 70, 425, 523, 189, 94, 161, 520, 10, 21, 54, 26, 38]",salt garlic mustard greens kale jalapenos arugula figs goat cheese cilantro vinegar onions olive oil lemon juice steak squash apple white rice pineapple
dish_1558722871,15.0,60.0,ingr_0000000007,train,[7],cauliflower
dish_1560527168,322.835297,219.0,ingr_0000000032;ingr_0000000122;ingr_0000000005;ingr_0000000161;ingr_0000000031;ingr_0000000526;ingr_0000000291;ingr_0000000126;ingr_0000000036;ingr_0000000189;ingr_0000000013;ingr_0000000004,train,"[32, 122, 5, 161, 31, 526, 291, 126, 36, 189, 13, 4]",tomatoes garlic potatoes olive oil cucumbers mustard greens salt mustard spinach (raw) vinegar berries bacon
dish_1562875159,260.680023,98.0,ingr_0000000380,train,[380],pizza
dish_1556575014,71.299995,62.0,ingr_0000000012,train,[12],olives
dish_1563820775,38.07,162.0,ingr_0000000485;ingr_0000000027;ingr_0000000021,train,"[485, 27, 21]",zucchini broccoli squash
dish_1560798656,287.171997,108.0,ingr_0000000011,train,[11],cheese pizza
dish_1558116547,74.879997,144.0,ingr_0000000453,train,[453],deprecated
dish_1558721345,19.5,78.0,ingr_0000000007,train,[7],cauliflower
dish_1566937992,276.53598,104.0,ingr_0000000011,train,[11],cheese pizza
dish_1558725286,816.792053,308.0,ingr_0000000027;ingr_0000000077;ingr_0000000007,train,"[27, 77, 7]",broccoli almonds cauliflower
dish_1559240510,73.51651,213.0,ingr_0000000291;ingr_0000000312;ingr_0000000161;ingr_0000000007;ingr_0000000002;ingr_0000000045;ingr_0000000027,train,"[291, 312, 161, 7, 2, 45, 27]",salt pepper olive oil cauliflower strawberries carrot broccoli
dish_1565382995,23.210001,158.0,ingr_0000000036;ingr_0000000031,train,"[36, 31]",spinach (raw) cucumbers
dish_1566501067,464.117981,306.0,ingr_0000000036;ingr_0000000045;ingr_0000000148;ingr_0000000012;ingr_0000000028,train,"[36, 45, 148, 12, 28]",spinach (raw) carrot parmesan cheese olives chicken
dish_1558639979,520.290039,90.0,ingr_0000000077,train,[77],almonds
dish_1560529804,15.3,51.0,ingr_0000000121,train,[121],watermelon
dish_1557863056,75.200005,47.0,ingr_0000000042,train,[42],avocado
dish_1565210037,291.816223,346.0,ingr_0000000043;ingr_0000000189;ingr_0000000312;ingr_0000000016;ingr_0000000026;ingr_0000000038;ingr_0000000072;ingr_0000000122;ingr_0000000523;ingr_0000000291;ingr_0000000520;ingr_0000000161;ingr_0000000094;ingr_0000000155,train,"[43, 189, 312, 16, 26, 38, 72, 122, 523, 291, 520, 161, 94, 155]",green beans vinegar pepper brussels sprouts white rice pineapple kale garlic cilantro salt lemon juice olive oil onions chicken thighs
dish_1559240382,20.646505,42.0,ingr_0000000291;ingr_0000000312;ingr_0000000045;ingr_0000000161,train,"[291, 312, 45, 161]",salt pepper carrot olive oil
dish_1568060722,460.579987,359.0,ingr_0000000042;ingr_0000000029;ingr_0000000094;ingr_0000000028,train,"[42, 29, 94, 28]",avocado mixed greens onions chicken
dish_1562603569,121.679504,62.0,ingr_0000000004;ingr_0000000161;ingr_0000000437,train,"[4, 161, 437]",bacon olive oil sweet potato
dish_1565726949,451.546997,372.0,ingr_0000000433;ingr_0000000126;ingr_0000000094;ingr_0000000133;ingr_0000000189;ingr_0000000515;ingr_0000000025;ingr_0000000528;ingr_0000000525;ingr_0000000513;ingr_0000000511;ingr_0000000291;ingr_0000000027;ingr_0000000473;ingr_0000000161;ingr_0000000021,train,"[433, 126, 94, 133, 189, 515, 25, 528, 525, 513, 511, 291, 27, 473, 161, 21]",roasted potatoes mustard onions shallots vinegar arugula beef celery root bok choy millet spinach (cooked) salt broccoli cranberries olive oil squash
dish_1561741139,108.199997,20.0,ingr_0000000004,train,[4],bacon
dish_1563218987,383.559662,172.0,ingr_0000000392;ingr_0000000462;ingr_0000000515;ingr_0000000026;ingr_0000000291;ingr_0000000122;ingr_0000000161;ingr_0000000524;ingr_0000000485;ingr_0000000094;ingr_0000000516,train,"[392, 462, 515, 26, 291, 122, 161, 524, 485, 94, 516]",pepperoni pizza pork arugula white rice salt garlic olive oil parsley zucchini onions rosemary
dish_1563824130,111.319603,202.0,ingr_0000000472;ingr_0000000312;ingr_0000000021;ingr_0000000161;ingr_0000000485;ingr_0000000291;ingr_0000000027;ingr_0000000342,train,"[472, 312, 21, 161, 485, 291, 27, 342]",couscous pepper squash olive oil zucchini salt broccoli turnips
dish_1558640145,177.953003,287.0,ingr_0000000045;ingr_0000000054;ingr_0000000205,train,"[45, 54, 205]",carrot apple corn on the cob
dish_1558115047,203.699997,212.0,ingr_0000000029;ingr_0000000077;ingr_0000000453,train,"[29, 77, 453]",mixed greens almonds deprecated
dish_1566402123,445.116119,657.0,ingr_0000000128;ingr_0000000121;ingr_0000000192;ingr_0000000437;ingr_0000000161,train,"[128, 121, 192, 437, 161]",egg whites watermelon yam sweet potato olive oil
dish_1558630488,29.92,88.0,ingr_0000000037,train,[37],cantaloupe
dish_1559678367,192.444122,215.0,ingr_0000000291;ingr_0000000122;ingr_0000000032;ingr_0000000126;ingr_0000000031;ingr_0000000161;ingr_0000000526;ingr_0000000027;ingr_0000000036;ingr_0000000189,train,"[291, 122, 32, 126, 31, 161, 526, 27, 36, 189]",salt garlic tomatoes mustard cucumbers olive oil mustard greens broccoli spinach (raw) vinegar
dish_1560453328,340.108368,264.0,ingr_0000000512;ingr_0000000023;ingr_0000000021;ingr_0000000514;ingr_0000000516;ingr_0000000524;ingr_0000000028;ingr_0000000122;ingr_0000000332;ingr_0000000312;ingr_0000000515;ingr_0000000036;ingr_0000000518;ingr_0000000161;ingr_0000000521;ingr_0000000520;ingr_0000000485;ingr_0000000291,train,"[512, 23, 21, 514, 516, 524, 28, 122, 332, 312, 515, 36, 518, 161, 521, 520, 485, 291]",kimchi brown rice squash wheat berry rosemary parsley chicken garlic salmon pepper arugula spinach (raw) thyme olive oil basil lemon juice zucchini salt
dish_1566329049,814.930786,575.0,ingr_0000000033;ingr_0000000007;ingr_0000000025;ingr_0000000448;ingr_0000000036;ingr_0000000016;ingr_0000000094;ingr_0000000161;ingr_0000000312;ingr_0000000122;ingr_0000000291;ingr_0000000133;ingr_0000000511;ingr_0000000028;ingr_0000000525;ingr_0000000513;ingr_0000000189;ingr_0000000011;ingr_0000000032;ingr_0000000194,train,"[33, 7, 25, 448, 36, 16, 94, 161, 312, 122, 291, 133, 511, 28, 525, 513, 189, 11, 32, 194]",bell peppers cauliflower beef jalapenos spinach (raw) brussels sprouts onions olive oil pepper garlic salt shallots spinach (cooked) chicken bok choy millet vinegar cheese pizza tomatoes fried rice
dish_1562945186,191.530792,219.0,ingr_0000000027;ingr_0000000545;ingr_0000000543;ingr_0000000502;ingr_0000000161,train,"[27, 545, 543, 502, 161]",broccoli greek yogurt chia seeds milk olive oil
dish_1564170283,646.588135,301.0,ingr_0000000094;ingr_0000000052;ingr_0000000155;ingr_0000000161;ingr_0000000523;ingr_0000000032;ingr_0000000060;ingr_0000000203;ingr_0000000291;ingr_0000000122,train,"[94, 52, 155, 161, 523, 32, 60, 203, 291, 122]",onions cheese chicken thighs olive oil cilantro tomatoes tortilla chili salt garlic
dish_1563217774,96.138458,265.0,ingr_0000000523;ingr_0000000471;ingr_0000000349;ingr_0000000515;ingr_0000000448;ingr_0000000291;ingr_0000000094;ingr_0000000161;ingr_0000000526;ingr_0000000031;ingr_0000000367;ingr_0000000027;ingr_0000000032;ingr_0000000520,train,"[523, 471, 349, 515, 448, 291, 94, 161, 526, 31, 367, 27, 32, 520]",cilantro cherry tomatoes mangos arugula jalapenos salt onions olive oil mustard greens cucumbers lime broccoli tomatoes lemon juice
dish_1565728494,326.32962,163.0,ingr_0000000525;ingr_0000000291;ingr_0000000524;ingr_0000000036;ingr_0000000189;ingr_0000000161;ingr_0000000094;ingr_0000000433;ingr_0000000513;ingr_0000000028;ingr_0000000025;ingr_0000000514;ingr_0000000518;ingr_0000000520;ingr_0000000122;ingr_0000000133;ingr_0000000011;ingr_0000000511,train,"[525, 291, 524, 36, 189, 161, 94, 433, 513, 28, 25, 514, 518, 520, 122, 133, 11, 511]",bok choy salt parsley spinach (raw) vinegar olive oil onions roasted potatoes millet chicken beef wheat berry thyme lemon juice garlic shallots cheese pizza spinach (cooked)
dish_1558380152,74.360001,143.0,ingr_0000000453,train,[453],deprecated
dish_1560799277,111.020004,73.0,ingr_0000000380;ingr_0000000027,train,"[380, 27]",pizza broccoli
dish_1564082212,707.941284,425.0,ingr_0000000328;ingr_0000000312;ingr_0000000122;ingr_0000000508;ingr_0000000520;ingr_0000000517;ingr_0000000023;ingr_0000000462;ingr_0000000026;ingr_0000000028;ingr_0000000525;ingr_0000000527;ingr_0000000045;ingr_0000000161;ingr_0000000521;ingr_0000000516;ingr_0000000524;ingr_0000000291,train,"[328, 312, 122, 508, 520, 517, 23, 462, 26, 28, 525, 527, 45, 161, 521, 516, 524, 291]",sugar pepper garlic soy sauce lemon juice chard brown rice pork white rice chicken bok choy chive carrot olive oil basil rosemary parsley salt
dish_1563206601,293.797668,337.0,ingr_0000000437;ingr_0000000161;ingr_0000000080;ingr_0000000128;ingr_0000000192,train,"[437, 161, 80, 128, 192]",sweet potato olive oil turkey bacon egg whites yam
dish_1562614088,23.449999,67.0,ingr_0000000027,train,[27],broccoli
dish_1563222850,348.378113,232.0,ingr_0000000524;ingr_0000000518;ingr_0000000462;ingr_0000000148;ingr_0000000036;ingr_0000000471;ingr_0000000122;ingr_0000000094;ingr_0000000291;ingr_0000000516;ingr_0000000485;ingr_0000000027;ingr_0000000161;ingr_0000000515;ingr_0000000392;ingr_0000000514;ingr_0000000023;ingr_0000000244;ingr_0000000026,train,"[524, 518, 462, 148, 36, 471, 122, 94, 291, 516, 485, 27, 161, 515, 392, 514, 23, 244, 26]",parsley thyme pork parmesan cheese spinach (raw) cherry tomatoes garlic onions salt rosemary zucchini broccoli olive oil arugula pepperoni pizza wheat berry brown rice chicken breast white rice
dish_1565711115,321.529999,308.0,ingr_0000000004;ingr_0000000128,train,"[4, 128]",bacon egg whites
dish_1563304925,874.46106,508.0,ingr_0000000203;ingr_0000000026;ingr_0000000508;ingr_0000000498;ingr_0000000094;ingr_0000000524;ingr_0000000161;ingr_0000000518;ingr_0000000535;ingr_0000000025;ingr_0000000514;ingr_0000000028;ingr_0000000036;ingr_0000000520;ingr_0000000072;ingr_0000000189;ingr_0000000027;ingr_0000000122;ingr_0000000291;ingr_0000000133,train,"[203, 26, 508, 498, 94, 524, 161, 518, 535, 25, 514, 28, 36, 520, 72, 189, 27, 122, 291, 133]",chili white rice soy sauce orange juice onions parsley olive oil thyme green onions beef wheat berry chicken spinach (raw) lemon juice kale vinegar broccoli garlic salt shallots
dish_1564775216,530.596924,340.0,ingr_0000000122;ingr_0000000332;ingr_0000000081;ingr_0000000312;ingr_0000000515;ingr_0000000116;ingr_0000000357;ingr_0000000161;ingr_0000000094;ingr_0000000520;ingr_0000000527;ingr_0000000291;ingr_0000000027;ingr_0000000511;ingr_0000000525;ingr_0000000471;ingr_0000000025;ingr_0000000072;ingr_0000000524;ingr_0000000189;ingr_0000000513;ingr_0000000133,train,"[122, 332, 81, 312, 515, 116, 357, 161, 94, 520, 527, 291, 27, 511, 525, 471, 25, 72, 524, 189, 513, 133]",garlic salmon pickles pepper arugula mayonnaise lentils olive oil onions lemon juice chive salt broccoli spinach (cooked) bok choy cherry tomatoes beef kale parsley vinegar millet shallots
dish_1559238608,237.364014,438.0,ingr_0000000013;ingr_0000000058;ingr_0000000213,train,"[13, 58, 213]",berries orange pears
dish_1568319838,607.506165,312.0,ingr_0000000094;ingr_0000000380;ingr_0000000126;ingr_0000000033;ingr_0000000520;ingr_0000000523;ingr_0000000291;ingr_0000000332;ingr_0000000189;ingr_0000000036;ingr_0000000448;ingr_0000000031;ingr_0000000161;ingr_0000000540;ingr_0000000367;ingr_0000000122;ingr_0000000133;ingr_0000000203;ingr_0000000073;ingr_0000000023,train,"[94, 380, 126, 33, 520, 523, 291, 332, 189, 36, 448, 31, 161, 540, 367, 122, 133, 203, 73, 23]",onions pizza mustard bell peppers lemon juice cilantro salt salmon vinegar spinach (raw) jalapenos cucumbers olive oil ginger lime garlic shallots chili radishes brown rice
dish_1563220087,162.740005,98.0,ingr_0000000027;ingr_0000000392,train,"[27, 392]",broccoli pepperoni pizza
dish_1565209963,244.455963,253.0,ingr_0000000189;ingr_0000000520;ingr_0000000155;ingr_0000000026;ingr_0000000038;ingr_0000000072;ingr_0000000312;ingr_0000000291;ingr_0000000523;ingr_0000000122;ingr_0000000161;ingr_0000000094;ingr_0000000016,train,"[189, 520, 155, 26, 38, 72, 312, 291, 523, 122, 161, 94, 16]",vinegar lemon juice chicken thighs white rice pineapple kale pepper salt cilantro garlic olive oil onions brussels sprouts
dish_1565194781,351.405518,568.0,ingr_0000000437;ingr_0000000291;ingr_0000000312;ingr_0000000161;ingr_0000000045;ingr_0000000128,train,"[437, 291, 312, 161, 45, 128]",sweet potato salt pepper olive oil carrot egg whites
dish_1568404850,157.699997,100.0,ingr_0000000194,train,[194],fried rice
dish_1565024675,129.097992,34.0,ingr_0000000080,train,[80],turkey bacon
dish_1564686791,601.348572,343.0,ingr_0000000030;ingr_0000000367;ingr_0000000312;ingr_0000000029;ingr_0000000094;ingr_0000000031;ingr_0000000161;ingr_0000000244;ingr_0000000189;ingr_0000000291;ingr_0000000012;ingr_0000000471;ingr_0000000011,train,"[30, 367, 312, 29, 94, 31, 161, 244, 189, 291, 12, 471, 11]",lettuce lime pepper mixed greens onions cucumbers olive oil chicken breast vinegar salt olives cherry tomatoes cheese pizza
dish_1559593746,156.962936,186.0,ingr_0000000072;ingr_0000000201;ingr_0000000189;ingr_0000000517;ingr_0000000124;ingr_0000000312;ingr_0000000377;ingr_0000000531;ingr_0000000291;ingr_0000000021;ingr_0000000161;ingr_0000000515;ingr_0000000126,train,"[72, 201, 189, 517, 124, 312, 377, 531, 291, 21, 161, 515, 126]",kale blueberries vinegar chard walnuts pepper quinoa pumpkin seeds salt squash olive oil arugula mustard
dish_1565382886,470.086212,348.0,ingr_0000000050;ingr_0000000312;ingr_0000000045;ingr_0000000433;ingr_0000000508;ingr_0000000291;ingr_0000000006;ingr_0000000180;ingr_0000000152;ingr_0000000161;ingr_0000000189;ingr_0000000073;ingr_0000000392;ingr_0000000122;ingr_0000000029;ingr_0000000535,train,"[50, 312, 45, 433, 508, 291, 6, 180, 152, 161, 189, 73, 392, 122, 29, 535]",tofu pepper carrot roasted potatoes soy sauce salt caesar salad rice noodles cabbage olive oil vinegar radishes pepperoni pizza garlic mixed greens green onions
dish_1563391333,23.443058,81.0,ingr_0000000021;ingr_0000000161;ingr_0000000291,train,"[21, 161, 291]",squash olive oil salt
dish_1562775241,140.360001,220.0,ingr_0000000059;ingr_0000000013,train,"[59, 13]",oatmeal berries
dish_1558459664,383.055969,273.0,ingr_0000000026;ingr_0000000077;ingr_0000000036;ingr_0000000471;ingr_0000000440,train,"[26, 77, 36, 471, 440]",white rice almonds spinach (raw) cherry tomatoes grapes
dish_1568666263,93.400002,348.0,ingr_0000000030;ingr_0000000027;ingr_0000000095,train,"[30, 27, 95]",lettuce broccoli artichokes
dish_1562691466,319.870972,267.0,ingr_0000000161;ingr_0000000027;ingr_0000000192;ingr_0000000510;ingr_0000000008,train,"[161, 27, 192, 510, 8]",olive oil broccoli yam chicken apple sausage scrambled eggs
dish_1566333228,498.545258,304.0,ingr_0000000448;ingr_0000000189;ingr_0000000025;ingr_0000000525;ingr_0000000513;ingr_0000000033;ingr_0000000133;ingr_0000000006;ingr_0000000036;ingr_0000000312;ingr_0000000028;ingr_0000000122;ingr_0000000511;ingr_0000000032;ingr_0000000291;ingr_0000000011;ingr_0000000094;ingr_0000000161,train,"[448, 189, 25, 525, 513, 33, 133, 6, 36, 312, 28, 122, 511, 32, 291, 11, 94, 161]",jalapenos vinegar beef bok choy millet bell peppers shallots caesar salad spinach (raw) pepper chicken garlic spinach (cooked) tomatoes salt cheese pizza onions olive oil
dish_1567107989,140.139297,111.0,ingr_0000000187;ingr_0000000122;ingr_0000000291;ingr_0000000520;ingr_0000000524;ingr_0000000213;ingr_0000000161;ingr_0000000515;ingr_0000000312,train,"[187, 122, 291, 520, 524, 213, 161, 515, 312]",chickpeas garlic salt lemon juice parsley pears olive oil arugula pepper
dish_1559590202,316.725983,311.0,ingr_0000000472;ingr_0000000006;ingr_0000000028;ingr_0000000014,train,"[472, 6, 28, 14]",couscous caesar salad chicken asparagus
dish_1566332085,24.75,163.0,ingr_0000000036;ingr_0000000031,train,"[36, 31]",spinach (raw) cucumbers
dish_1562774980,136.680008,201.0,ingr_0000000059,train,[59],oatmeal
dish_1565638365,612.350098,389.0,ingr_0000000026;ingr_0000000189;ingr_0000000462;ingr_0000000161;ingr_0000000126;ingr_0000000485;ingr_0000000524;ingr_0000000030;ingr_0000000045;ingr_0000000531;ingr_0000000122;ingr_0000000515;ingr_0000000023;ingr_0000000094;ingr_0000000516;ingr_0000000291;ingr_0000000029,train,"[26, 189, 462, 161, 126, 485, 524, 30, 45, 531, 122, 515, 23, 94, 516, 291, 29]",white rice vinegar pork olive oil mustard zucchini parsley lettuce carrot pumpkin seeds garlic arugula brown rice onions rosemary salt mixed greens
dish_1563823359,641.700317,333.0,ingr_0000000026;ingr_0000000189;ingr_0000000043;ingr_0000000036;ingr_0000000540;ingr_0000000508;ingr_0000000535;ingr_0000000291;ingr_0000000122;ingr_0000000007;ingr_0000000028;ingr_0000000010;ingr_0000000514;ingr_0000000161;ingr_0000000367;ingr_0000000027,train,"[26, 189, 43, 36, 540, 508, 535, 291, 122, 7, 28, 10, 514, 161, 367, 27]",white rice vinegar green beans spinach (raw) ginger soy sauce green onions salt garlic cauliflower chicken steak wheat berry olive oil lime broccoli
dish_1558638896,22.68,126.0,ingr_0000000471,train,[471],cherry tomatoes
dish_1562617370,155.099991,55.0,ingr_0000000392,train,[392],pepperoni pizza
dish_1560541793,509.826233,462.0,ingr_0000000045;ingr_0000000028;ingr_0000000517;ingr_0000000189;ingr_0000000201;ingr_0000000126;ingr_0000000161;ingr_0000000027;ingr_0000000312;ingr_0000000026;ingr_0000000007;ingr_0000000043;ingr_0000000515;ingr_0000000036;ingr_0000000540;ingr_0000000508;ingr_0000000122;ingr_0000000124;ingr_0000000535;ingr_0000000291,train,"[45, 28, 517, 189, 201, 126, 161, 27, 312, 26, 7, 43, 515, 36, 540, 508, 122, 124, 535, 291]",carrot chicken chard vinegar blueberries mustard olive oil broccoli pepper white rice cauliflower green beans arugula spinach (raw) ginger soy sauce garlic walnuts green onions salt
dish_1565724509,30.809999,158.0,ingr_0000000529;ingr_0000000485,train,"[529, 485]",chayote squash zucchini
dish_1562788760,331.324493,178.0,ingr_0000000535;ingr_0000000189;ingr_0000000462;ingr_0000000023;ingr_0000000520;ingr_0000000161;ingr_0000000122;ingr_0000000049;ingr_0000000312;ingr_0000000471;ingr_0000000521;ingr_0000000534;ingr_0000000524;ingr_0000000094;ingr_0000000027;ingr_0000000133;ingr_0000000291,train,"[535, 189, 462, 23, 520, 161, 122, 49, 312, 471, 521, 534, 524, 94, 27, 133, 291]",green onions vinegar pork brown rice lemon juice olive oil garlic fish pepper cherry tomatoes basil country rice parsley onions broccoli shallots salt
dish_1566501447,286.76001,349.0,ingr_0000000094;ingr_0000000471;ingr_0000000012;ingr_0000000402;ingr_0000000045;ingr_0000000520,train,"[94, 471, 12, 402, 45, 520]",onions cherry tomatoes olives tuna carrot lemon juice
dish_1558637214,11.04,16.0,ingr_0000000440,train,[440],grapes
dish_1561494032,185.437851,307.0,ingr_0000000291;ingr_0000000124;ingr_0000000126;ingr_0000000161;ingr_0000000515;ingr_0000000517;ingr_0000000201;ingr_0000000189;ingr_0000000021;ingr_0000000007;ingr_0000000312,train,"[291, 124, 126, 161, 515, 517, 201, 189, 21, 7, 312]",salt walnuts mustard olive oil arugula chard blueberries vinegar squash cauliflower pepper
dish_1558724607,54.720001,152.0,ingr_0000000112,train,[112],honeydew melons
dish_1561492628,13.64,31.0,ingr_0000000006,train,[6],caesar salad
dish_1558719066,73.839996,142.0,ingr_0000000054,train,[54],apple
dish_1565727875,485.674011,365.0,ingr_0000000012;ingr_0000000029;ingr_0000000027;ingr_0000000148;ingr_0000000320;ingr_0000000028,train,"[12, 29, 27, 148, 320, 28]",olives mixed greens broccoli parmesan cheese black beans chicken
dish_1561662532,166.455505,191.0,ingr_0000000050;ingr_0000000094;ingr_0000000031;ingr_0000000291;ingr_0000000030;ingr_0000000367;ingr_0000000029;ingr_0000000471;ingr_0000000312;ingr_0000000043;ingr_0000000205;ingr_0000000189;ingr_0000000161,train,"[50, 94, 31, 291, 30, 367, 29, 471, 312, 43, 205, 189, 161]",tofu onions cucumbers salt lettuce lime mixed greens cherry tomatoes pepper green beans corn on the cob vinegar olive oil
dish_1562945393,319.388367,401.0,ingr_0000000543;ingr_0000000027;ingr_0000000545;ingr_0000000128;ingr_0000000437;ingr_0000000161;ingr_0000000502,train,"[543, 27, 545, 128, 437, 161, 502]",chia seeds broccoli greek yogurt egg whites sweet potato olive oil milk
dish_1560443474,172.779999,317.0,ingr_0000000038;ingr_0000000013,train,"[38, 13]",pineapple berries
dish_1562873838,427.435638,342.0,ingr_0000000312;ingr_0000000036;ingr_0000000520;ingr_0000000031;ingr_0000000161;ingr_0000000516;ingr_0000000367;ingr_0000000471;ingr_0000000291;ingr_0000000524;ingr_0000000021;ingr_0000000514;ingr_0000000028;ingr_0000000485;ingr_0000000043;ingr_0000000189;ingr_0000000521;ingr_0000000094;ingr_0000000518;ingr_0000000029;ingr_0000000122;ingr_0000000030,train,"[312, 36, 520, 31, 161, 516, 367, 471, 291, 524, 21, 514, 28, 485, 43, 189, 521, 94, 518, 29, 122, 30]",pepper spinach (raw) lemon juice cucumbers olive oil rosemary lime cherry tomatoes salt parsley squash wheat berry chicken zucchini green beans vinegar basil onions thyme mixed greens garlic lettuce
dish_1562700957,286.933777,424.0,ingr_0000000049;ingr_0000000527;ingr_0000000047;ingr_0000000021;ingr_0000000515;ingr_0000000122;ingr_0000000094;ingr_0000000524;ingr_0000000161;ingr_0000000102;ingr_0000000029;ingr_0000000095;ingr_0000000312;ingr_0000000007;ingr_0000000054;ingr_0000000513;ingr_0000000357;ingr_0000000189;ingr_0000000520;ingr_0000000291,train,"[49, 527, 47, 21, 515, 122, 94, 524, 161, 102, 29, 95, 312, 7, 54, 513, 357, 189, 520, 291]",fish chive corn squash arugula garlic onions parsley olive oil snow peas mixed greens artichokes pepper cauliflower apple millet lentils vinegar lemon juice salt
dish_1562959799,498.765594,363.0,ingr_0000000535;ingr_0000000026;ingr_0000000462;ingr_0000000189;ingr_0000000036;ingr_0000000152;ingr_0000000517;ingr_0000000029;ingr_0000000162;ingr_0000000291;ingr_0000000471;ingr_0000000312;ingr_0000000073;ingr_0000000525;ingr_0000000126;ingr_0000000031;ingr_0000000161;ingr_0000000180;ingr_0000000070;ingr_0000000045;ingr_0000000508;ingr_0000000122;ingr_0000000328,train,"[535, 26, 462, 189, 36, 152, 517, 29, 162, 291, 471, 312, 73, 525, 126, 31, 161, 180, 70, 45, 508, 122, 328]",green onions white rice pork vinegar spinach (raw) cabbage chard mixed greens parsnips salt cherry tomatoes pepper radishes bok choy mustard cucumbers olive oil rice noodles figs carrot soy sauce garlic sugar
dish_1562699652,132.178085,103.0,ingr_0000000122;ingr_0000000291;ingr_0000000031;ingr_0000000161;ingr_0000000094;ingr_0000000126;ingr_0000000036;ingr_0000000023;ingr_0000000457;ingr_0000000377;ingr_0000000189,train,"[122, 291, 31, 161, 94, 126, 36, 23, 457, 377, 189]",garlic salt cucumbers olive oil onions mustard spinach (raw) brown rice sun dried tomatoes quinoa vinegar
dish_1558723960,13.0,52.0,ingr_0000000007,train,[7],cauliflower
dish_1562959024,319.233582,183.0,ingr_0000000541;ingr_0000000312;ingr_0000000377;ingr_0000000515;ingr_0000000122;ingr_0000000523;ingr_0000000448;ingr_0000000094;ingr_0000000161;ingr_0000000520;ingr_0000000291;ingr_0000000380;ingr_0000000049,train,"[541, 312, 377, 515, 122, 523, 448, 94, 161, 520, 291, 380, 49]",tomatillo pepper quinoa arugula garlic cilantro jalapenos onions olive oil lemon juice salt pizza fish
dish_1563897492,339.673645,662.0,ingr_0000000037;ingr_0000000027;ingr_0000000475;ingr_0000000128;ingr_0000000161;ingr_0000000437,train,"[37, 27, 475, 128, 161, 437]",cantaloupe broccoli salsa egg whites olive oil sweet potato
dish_1562096973,348.999664,350.0,ingr_0000000161;ingr_0000000030;ingr_0000000515;ingr_0000000043;ingr_0000000031;ingr_0000000095;ingr_0000000029;ingr_0000000122;ingr_0000000527;ingr_0000000094;ingr_0000000542;ingr_0000000189;ingr_0000000312;ingr_0000000049;ingr_0000000471;ingr_0000000033;ingr_0000000367;ingr_0000000102;ingr_0000000524;ingr_0000000291,train,"[161, 30, 515, 43, 31, 95, 29, 122, 527, 94, 542, 189, 312, 49, 471, 33, 367, 102, 524, 291]",olive oil lettuce arugula green beans cucumbers artichokes mixed greens garlic chive onions white beans vinegar pepper fish cherry tomatoes bell peppers lime snow peas parsley salt
dish_1563476577,1238.033691,857.0,ingr_0000000025;ingr_0000000027;ingr_0000000133;ingr_0000000518;ingr_0000000094;ingr_0000000540;ingr_0000000036;ingr_0000000023;ingr_0000000367;ingr_0000000291;ingr_0000000523;ingr_0000000161;ingr_0000000473;ingr_0000000434;ingr_0000000485;ingr_0000000448;ingr_0000000046;ingr_0000000092;ingr_0000000054;ingr_0000000074;ingr_0000000011;ingr_0000000122;ingr_0000000341;ingr_0000000332;ingr_0000000126;ingr_0000000520;ingr_0000000257;ingr_0000000021;ingr_0000000189;ingr_0000000203,train,"[25, 27, 133, 518, 94, 540, 36, 23, 367, 291, 523, 161, 473, 434, 485, 448, 46, 92, 54, 74, 11, 122, 341, 332, 126, 520, 257, 21, 189, 203]",beef broccoli shallots thyme onions ginger spinach (raw) brown rice lime salt cilantro olive oil cranberries sour cream zucchini jalapenos mushroom wine apple pasta cheese pizza garlic cream salmon mustard lemon juice brownies squash vinegar chili
dish_1565021141,467.054993,248.0,ingr_0000000337;ingr_0000000128;ingr_0000000039;ingr_0000000050,train,"[337, 128, 39, 50]",waffles egg whites sausage tofu
dish_1565382856,446.326233,294.0,ingr_0000000291;ingr_0000000073;ingr_0000000392;ingr_0000000050;ingr_0000000180;ingr_0000000152;ingr_0000000161;ingr_0000000045;ingr_0000000535;ingr_0000000189;ingr_0000000508;ingr_0000000122;ingr_0000000433;ingr_0000000029;ingr_0000000312,train,"[291, 73, 392, 50, 180, 152, 161, 45, 535, 189, 508, 122, 433, 29, 312]",salt radishes pepperoni pizza tofu rice noodles cabbage olive oil carrot green onions vinegar soy sauce garlic roasted potatoes mixed greens pepper
dish_1558636483,80.079994,154.0,ingr_0000000054,train,[54],apple
dish_1559841127,339.543488,285.0,ingr_0000000008;ingr_0000000192;ingr_0000000510;ingr_0000000437;ingr_0000000041,train,"[8, 192, 510, 437, 41]",scrambled eggs yam chicken apple sausage sweet potato blackberries
dish_1565369938,167.709991,31.0,ingr_0000000004,train,[4],bacon
dish_1562775549,174.977127,252.0,ingr_0000000128;ingr_0000000016;ingr_0000000437;ingr_0000000161;ingr_0000000312;ingr_0000000291;ingr_0000000001,train,"[128, 16, 437, 161, 312, 291, 1]",egg whites brussels sprouts sweet potato olive oil pepper salt cottage cheese
dish_1559149719,432.125,268.0,ingr_0000000004;ingr_0000000045;ingr_0000000179,train,"[4, 45, 179]",bacon carrot eggs
dish_1561062237,182.259399,110.0,ingr_0000000025;ingr_0000000092;ingr_0000000046;ingr_0000000094;ingr_0000000036;ingr_0000000448;ingr_0000000540;ingr_0000000518;ingr_0000000133;ingr_0000000523;ingr_0000000203;ingr_0000000074;ingr_0000000332;ingr_0000000341;ingr_0000000023;ingr_0000000434;ingr_0000000520;ingr_0000000161;ingr_0000000367;ingr_0000000122;ingr_0000000291,train,"[25, 92, 46, 94, 36, 448, 540, 518, 133, 523, 203, 74, 332, 341, 23, 434, 520, 161, 367, 122, 291]",beef wine mushroom onions spinach (raw) jalapenos ginger thyme shallots cilantro chili pasta salmon cream brown rice sour cream lemon juice olive oil lime garlic salt
dish_1561665065,387.798126,303.0,ingr_0000000513;ingr_0000000043;ingr_0000000189;ingr_0000000023;ingr_0000000516;ingr_0000000291;ingr_0000000521;ingr_0000000029;ingr_0000000045;ingr_0000000054;ingr_0000000028;ingr_0000000517;ingr_0000000161;ingr_0000000520;ingr_0000000524;ingr_0000000094;ingr_0000000527;ingr_0000000122,train,"[513, 43, 189, 23, 516, 291, 521, 29, 45, 54, 28, 517, 161, 520, 524, 94, 527, 122]",millet green beans vinegar brown rice rosemary salt basil mixed greens carrot apple chicken chard olive oil lemon juice parsley onions chive garlic
dish_1562183201,558.942383,425.0,ingr_0000000043;ingr_0000000312;ingr_0000000515;ingr_0000000189;ingr_0000000077;ingr_0000000126;ingr_0000000380;ingr_0000000124;ingr_0000000291;ingr_0000000045;ingr_0000000433;ingr_0000000036;ingr_0000000517;ingr_0000000046;ingr_0000000201;ingr_0000000161;ingr_0000000524,train,"[43, 312, 515, 189, 77, 126, 380, 124, 291, 45, 433, 36, 517, 46, 201, 161, 524]",green beans pepper arugula vinegar almonds mustard pizza walnuts salt carrot roasted potatoes spinach (raw) chard mushroom blueberries olive oil parsley
dish_1561576652,91.424408,322.0,ingr_0000000291;ingr_0000000007;ingr_0000000161;ingr_0000000021;ingr_0000000335,train,"[291, 7, 161, 21, 335]",salt cauliflower olive oil squash eggplant
dish_1566414642,219.809998,145.0,ingr_0000000433;ingr_0000000028,train,"[433, 28]",roasted potatoes chicken
dish_1562788845,529.483459,372.0,ingr_0000000535;ingr_0000000471;ingr_0000000026;ingr_0000000205;ingr_0000000094;ingr_0000000524;ingr_0000000521;ingr_0000000520;ingr_0000000133;ingr_0000000312;ingr_0000000049;ingr_0000000291;ingr_0000000027;ingr_0000000462;ingr_0000000023;ingr_0000000534;ingr_0000000189;ingr_0000000161;ingr_0000000122;ingr_0000000006,train,"[535, 471, 26, 205, 94, 524, 521, 520, 133, 312, 49, 291, 27, 462, 23, 534, 189, 161, 122, 6]",green onions cherry tomatoes white rice corn on the cob onions parsley basil lemon juice shallots pepper fish salt broccoli pork brown rice country rice vinegar olive oil garlic caesar salad
dish_1559667948,153.900009,57.0,ingr_0000000495;ingr_0000000264,train,"[495, 264]",cream cheese bagels
dish_1558547124,144.525009,25.0,ingr_0000000077,train,[77],almonds
dish_1562602888,209.382294,343.0,ingr_0000000002;ingr_0000000121;ingr_0000000128;ingr_0000000545;ingr_0000000543;ingr_0000000502,train,"[2, 121, 128, 545, 543, 502]",strawberries watermelon egg whites greek yogurt chia seeds milk
dish_1561567086,142.754013,181.0,ingr_0000000121;ingr_0000000192,train,"[121, 192]",watermelon yam
dish_1560874667,100.550003,83.0,ingr_0000000013;ingr_0000000004,train,"[13, 4]",berries bacon
dish_1567110783,465.307892,210.0,ingr_0000000133;ingr_0000000511;ingr_0000000525;ingr_0000000094;ingr_0000000380;ingr_0000000161;ingr_0000000189;ingr_0000000291;ingr_0000000513;ingr_0000000025,train,"[133, 511, 525, 94, 380, 161, 189, 291, 513, 25]",shallots spinach (cooked) bok choy onions pizza olive oil vinegar salt millet beef
dish_1561576767,408.472565,621.0,ingr_0000000312;ingr_0000000161;ingr_0000000133;ingr_0000000122;ingr_0000000518;ingr_0000000521;ingr_0000000516;ingr_0000000006;ingr_0000000021;ingr_0000000514;ingr_0000000515;ingr_0000000335;ingr_0000000007;ingr_0000000028;ingr_0000000124;ingr_0000000201;ingr_0000000291;ingr_0000000428;ingr_0000000441;ingr_0000000520;ingr_0000000189;ingr_0000000046;ingr_0000000519;ingr_0000000341;ingr_0000000038;ingr_0000000126;ingr_0000000517,train,"[312, 161, 133, 122, 518, 521, 516, 6, 21, 514, 515, 335, 7, 28, 124, 201, 291, 428, 441, 520, 189, 46, 519, 341, 38, 126, 517]",pepper olive oil shallots garlic thyme basil rosemary caesar salad squash wheat berry arugula eggplant cauliflower chicken walnuts blueberries salt white wine butter lemon juice vinegar mushroom oregano cream pineapple mustard chard
dish_1564601528,142.740997,163.0,ingr_0000000342;ingr_0000000433,train,"[342, 433]",turnips roasted potatoes
dish_1563304958,951.840942,614.0,ingr_0000000122;ingr_0000000133;ingr_0000000025;ingr_0000000026;ingr_0000000498;ingr_0000000036;ingr_0000000203;ingr_0000000514;ingr_0000000518;ingr_0000000161;ingr_0000000535;ingr_0000000072;ingr_0000000520;ingr_0000000027;ingr_0000000508;ingr_0000000050;ingr_0000000028;ingr_0000000189;ingr_0000000524;ingr_0000000094;ingr_0000000291,train,"[122, 133, 25, 26, 498, 36, 203, 514, 518, 161, 535, 72, 520, 27, 508, 50, 28, 189, 524, 94, 291]",garlic shallots beef white rice orange juice spinach (raw) chili wheat berry thyme olive oil green onions kale lemon juice broccoli soy sauce tofu chicken vinegar parsley onions salt
dish_1561577119,128.312988,78.0,ingr_0000000050;ingr_0000000011,train,"[50, 11]",tofu cheese pizza
dish_1565896039,352.529205,384.0,ingr_0000000525;ingr_0000000189;ingr_0000000291;ingr_0000000094;ingr_0000000072;ingr_0000000161;ingr_0000000377;ingr_0000000133;ingr_0000000511;ingr_0000000517;ingr_0000000043;ingr_0000000025;ingr_0000000513,train,"[525, 189, 291, 94, 72, 161, 377, 133, 511, 517, 43, 25, 513]",bok choy vinegar salt onions kale olive oil quinoa shallots spinach (cooked) chard green beans beef millet
dish_1558725760,83.719994,161.0,ingr_0000000054,train,[54],apple
dish_1567526785,378.25,539.0,ingr_0000000128;ingr_0000000161;ingr_0000000437;ingr_0000000192,train,"[128, 161, 437, 192]",egg whites olive oil sweet potato yam
dish_1561407249,73.879166,56.0,ingr_0000000126;ingr_0000000161;ingr_0000000508;ingr_0000000535;ingr_0000000027;ingr_0000000291;ingr_0000000213;ingr_0000000026;ingr_0000000189;ingr_0000000043;ingr_0000000036;ingr_0000000094;ingr_0000000029;ingr_0000000122;ingr_0000000471;ingr_0000000028;ingr_0000000540,train,"[126, 161, 508, 535, 27, 291, 213, 26, 189, 43, 36, 94, 29, 122, 471, 28, 540]",mustard olive oil soy sauce green onions broccoli salt pears white rice vinegar green beans spinach (raw) onions mixed greens garlic cherry tomatoes chicken ginger
dish_1563221562,395.598572,260.0,ingr_0000000518;ingr_0000000291;ingr_0000000122;ingr_0000000027;ingr_0000000021;ingr_0000000161;ingr_0000000244;ingr_0000000471;ingr_0000000036;ingr_0000000392;ingr_0000000148;ingr_0000000514,train,"[518, 291, 122, 27, 21, 161, 244, 471, 36, 392, 148, 514]",thyme salt garlic broccoli squash olive oil chicken breast cherry tomatoes spinach (raw) pepperoni pizza parmesan cheese wheat berry
dish_1563305401,483.215302,332.0,ingr_0000000026;ingr_0000000122;ingr_0000000508;ingr_0000000072;ingr_0000000027;ingr_0000000045;ingr_0000000312;ingr_0000000377;ingr_0000000025;ingr_0000000036;ingr_0000000189;ingr_0000000516;ingr_0000000520;ingr_0000000161;ingr_0000000498;ingr_0000000094;ingr_0000000291;ingr_0000000203;ingr_0000000535,train,"[26, 122, 508, 72, 27, 45, 312, 377, 25, 36, 189, 516, 520, 161, 498, 94, 291, 203, 535]",white rice garlic soy sauce kale broccoli carrot pepper quinoa beef spinach (raw) vinegar rosemary lemon juice olive oil orange juice onions salt chili green onions
dish_1563911215,218.158203,170.0,ingr_0000000291;ingr_0000000513;ingr_0000000028;ingr_0000000312;ingr_0000000043;ingr_0000000448;ingr_0000000036;ingr_0000000094;ingr_0000000161;ingr_0000000194;ingr_0000000033;ingr_0000000032;ingr_0000000122,train,"[291, 513, 28, 312, 43, 448, 36, 94, 161, 194, 33, 32, 122]",salt millet chicken pepper green beans jalapenos spinach (raw) onions olive oil fried rice bell peppers tomatoes garlic
dish_1563481030,155.81044,129.0,ingr_0000000126;ingr_0000000031;ingr_0000000291;ingr_0000000070;ingr_0000000471;ingr_0000000517;ingr_0000000036;ingr_0000000189;ingr_0000000161,train,"[126, 31, 291, 70, 471, 517, 36, 189, 161]",mustard cucumbers salt figs cherry tomatoes chard spinach (raw) vinegar olive oil
dish_1563303386,274.131439,218.0,ingr_0000000514;ingr_0000000524;ingr_0000000312;ingr_0000000036;ingr_0000000433;ingr_0000000028;ingr_0000000291;ingr_0000000122;ingr_0000000133;ingr_0000000045;ingr_0000000161;ingr_0000000520;ingr_0000000518,train,"[514, 524, 312, 36, 433, 28, 291, 122, 133, 45, 161, 520, 518]",wheat berry parsley pepper spinach (raw) roasted potatoes chicken salt garlic shallots carrot olive oil lemon juice thyme
dish_1566328929,396.607422,165.0,ingr_0000000161;ingr_0000000189;ingr_0000000513;ingr_0000000025;ingr_0000000291;ingr_0000000525;ingr_0000000133;ingr_0000000011;ingr_0000000511;ingr_0000000094,train,"[161, 189, 513, 25, 291, 525, 133, 11, 511, 94]",olive oil vinegar millet beef salt bok choy shallots cheese pizza spinach (cooked) onions
dish_1567525744,679.264771,298.0,ingr_0000000031;ingr_0000000161;ingr_0000000122;ingr_0000000033;ingr_0000000291;ingr_0000000004;ingr_0000000073;ingr_0000000008;ingr_0000000015;ingr_0000000126;ingr_0000000189,train,"[31, 161, 122, 33, 291, 4, 73, 8, 15, 126, 189]",cucumbers olive oil garlic bell peppers salt bacon radishes scrambled eggs hash browns mustard vinegar
dish_1564590226,220.535858,376.0,ingr_0000000161;ingr_0000000121;ingr_0000000013;ingr_0000000437;ingr_0000000037,train,"[161, 121, 13, 437, 37]",olive oil watermelon berries sweet potato cantaloupe
dish_1560799615,332.749847,283.0,ingr_0000000036;ingr_0000000094;ingr_0000000021;ingr_0000000054;ingr_0000000291;ingr_0000000161;ingr_0000000380;ingr_0000000473;ingr_0000000126;ingr_0000000189,train,"[36, 94, 21, 54, 291, 161, 380, 473, 126, 189]",spinach (raw) onions squash apple salt olive oil pizza cranberries mustard vinegar
dish_1562168471,312.665558,490.0,ingr_0000000013;ingr_0000000016;ingr_0000000433;ingr_0000000128;ingr_0000000161;ingr_0000000312;ingr_0000000038;ingr_0000000291,train,"[13, 16, 433, 128, 161, 312, 38, 291]",berries brussels sprouts roasted potatoes egg whites olive oil pepper pineapple salt
dish_1559243139,26.053925,53.0,ingr_0000000045;ingr_0000000291;ingr_0000000312;ingr_0000000161,train,"[45, 291, 312, 161]",carrot salt pepper olive oil
dish_1562702091,86.534729,214.0,ingr_0000000471;ingr_0000000007;ingr_0000000021;ingr_0000000189;ingr_0000000524;ingr_0000000031;ingr_0000000161;ingr_0000000122;ingr_0000000029;ingr_0000000045;ingr_0000000291,train,"[471, 7, 21, 189, 524, 31, 161, 122, 29, 45, 291]",cherry tomatoes cauliflower squash vinegar parsley cucumbers olive oil garlic mixed greens carrot salt
dish_1559845513,222.152008,379.0,ingr_0000000005;ingr_0000000213;ingr_0000000507;ingr_0000000002,train,"[5, 213, 507, 2]",potatoes pears mandarin oranges strawberries
dish_1563304881,739.407654,446.0,ingr_0000000122;ingr_0000000028;ingr_0000000036;ingr_0000000518;ingr_0000000514;ingr_0000000161;ingr_0000000520;ingr_0000000524;ingr_0000000291;ingr_0000000133,train,"[122, 28, 36, 518, 514, 161, 520, 524, 291, 133]",garlic chicken spinach (raw) thyme wheat berry olive oil lemon juice parsley salt shallots
dish_1558550181,28.98,42.0,ingr_0000000440,train,[440],grapes
dish_1565641844,244.627991,92.0,ingr_0000000011,train,[11],cheese pizza
dish_1561746970,303.636078,363.0,ingr_0000000122;ingr_0000000291;ingr_0000000522;ingr_0000000518;ingr_0000000161;ingr_0000000072;ingr_0000000031;ingr_0000000023;ingr_0000000515;ingr_0000000520;ingr_0000000524;ingr_0000000514;ingr_0000000312;ingr_0000000332,train,"[122, 291, 522, 518, 161, 72, 31, 23, 515, 520, 524, 514, 312, 332]",garlic salt tatsoi thyme olive oil kale cucumbers brown rice arugula lemon juice parsley wheat berry pepper salmon
dish_1562700931,164.234955,312.0,ingr_0000000054;ingr_0000000029;ingr_0000000520;ingr_0000000291;ingr_0000000094;ingr_0000000161;ingr_0000000021;ingr_0000000189;ingr_0000000524;ingr_0000000007;ingr_0000000513,train,"[54, 29, 520, 291, 94, 161, 21, 189, 524, 7, 513]",apple mixed greens lemon juice salt onions olive oil squash vinegar parsley cauliflower millet
dish_1560539340,196.53833,228.0,ingr_0000000312;ingr_0000000122;ingr_0000000523;ingr_0000000161;ingr_0000000006;ingr_0000000094;ingr_0000000520;ingr_0000000515;ingr_0000000448;ingr_0000000291;ingr_0000000541;ingr_0000000377;ingr_0000000049,train,"[312, 122, 523, 161, 6, 94, 520, 515, 448, 291, 541, 377, 49]",pepper garlic cilantro olive oil caesar salad onions lemon juice arugula jalapenos salt tomatillo quinoa fish
dish_1567789230,689.428406,300.0,ingr_0000000073;ingr_0000000033;ingr_0000000161;ingr_0000000122;ingr_0000000126;ingr_0000000189;ingr_0000000031;ingr_0000000039;ingr_0000000008;ingr_0000000291,train,"[73, 33, 161, 122, 126, 189, 31, 39, 8, 291]",radishes bell peppers olive oil garlic mustard vinegar cucumbers sausage scrambled eggs salt
dish_1558639662,16.02,89.0,ingr_0000000471,train,[471],cherry tomatoes
dish_1558724766,83.719994,161.0,ingr_0000000054,train,[54],apple
dish_1558640781,80.079994,154.0,ingr_0000000054,train,[54],apple
dish_1562700885,29.25,117.0,ingr_0000000007,train,[7],cauliflower
dish_1558629013,26.400002,80.0,ingr_0000000002,train,[2],strawberries
dish_1556572657,41.399998,36.0,ingr_0000000012,train,[12],olives
dish_1567024135,317.785828,147.0,ingr_0000000291;ingr_0000000011;ingr_0000000511;ingr_0000000133;ingr_0000000122;ingr_0000000520;ingr_0000000092;ingr_0000000335;ingr_0000000155;ingr_0000000021;ingr_0000000046;ingr_0000000161;ingr_0000000377;ingr_0000000433,train,"[291, 11, 511, 133, 122, 520, 92, 335, 155, 21, 46, 161, 377, 433]",salt cheese pizza spinach (cooked) shallots garlic lemon juice wine eggplant chicken thighs squash mushroom olive oil quinoa roasted potatoes
dish_1561576737,357.472565,519.0,ingr_0000000291;ingr_0000000517;ingr_0000000021;ingr_0000000519;ingr_0000000335;ingr_0000000515;ingr_0000000521;ingr_0000000441;ingr_0000000161;ingr_0000000189;ingr_0000000428;ingr_0000000201;ingr_0000000312;ingr_0000000028;ingr_0000000007;ingr_0000000124;ingr_0000000341;ingr_0000000046;ingr_0000000514;ingr_0000000006;ingr_0000000516;ingr_0000000520;ingr_0000000518;ingr_0000000122;ingr_0000000133;ingr_0000000126,train,"[291, 517, 21, 519, 335, 515, 521, 441, 161, 189, 428, 201, 312, 28, 7, 124, 341, 46, 514, 6, 516, 520, 518, 122, 133, 126]",salt chard squash oregano eggplant arugula basil butter olive oil vinegar white wine blueberries pepper chicken cauliflower walnuts cream mushroom wheat berry caesar salad rosemary lemon juice thyme garlic shallots mustard
dish_1566849233,94.800003,117.0,ingr_0000000042;ingr_0000000029,train,"[42, 29]",avocado mixed greens
dish_1568649354,72.870728,129.0,ingr_0000000027;ingr_0000000013;ingr_0000000161,train,"[27, 13, 161]",broccoli berries olive oil
dish_1562010865,376.24295,216.0,ingr_0000000312;ingr_0000000126;ingr_0000000122;ingr_0000000082;ingr_0000000517;ingr_0000000520;ingr_0000000152;ingr_0000000116;ingr_0000000514;ingr_0000000515;ingr_0000000045;ingr_0000000161;ingr_0000000189;ingr_0000000524;ingr_0000000201;ingr_0000000448;ingr_0000000462;ingr_0000000291,train,"[312, 126, 122, 82, 517, 520, 152, 116, 514, 515, 45, 161, 189, 524, 201, 448, 462, 291]",pepper mustard garlic pecans chard lemon juice cabbage mayonnaise wheat berry arugula carrot olive oil vinegar parsley blueberries jalapenos pork salt
dish_1558460205,1.84,8.0,ingr_0000000036,train,[36],spinach (raw)
dish_1563465805,32.43,23.0,ingr_0000000433,train,[433],roasted potatoes
dish_1560455399,138.498901,149.0,ingr_0000000312;ingr_0000000049;ingr_0000000517;ingr_0000000201;ingr_0000000077;ingr_0000000161;ingr_0000000524;ingr_0000000539;ingr_0000000367;ingr_0000000291;ingr_0000000047;ingr_0000000515;ingr_0000000538;ingr_0000000189;ingr_0000000036;ingr_0000000126;ingr_0000000527;ingr_0000000434;ingr_0000000122;ingr_0000000045,train,"[312, 49, 517, 201, 77, 161, 524, 539, 367, 291, 47, 515, 538, 189, 36, 126, 527, 434, 122, 45]",pepper fish chard blueberries almonds olive oil parsley nopales lime salt corn arugula jicama vinegar spinach (raw) mustard chive sour cream garlic carrot
dish_1564428475,261.616272,370.0,ingr_0000000007;ingr_0000000377;ingr_0000000213;ingr_0000000133;ingr_0000000029;ingr_0000000518;ingr_0000000094;ingr_0000000126;ingr_0000000515;ingr_0000000189;ingr_0000000471;ingr_0000000291;ingr_0000000122;ingr_0000000161;ingr_0000000524;ingr_0000000520,train,"[7, 377, 213, 133, 29, 518, 94, 126, 515, 189, 471, 291, 122, 161, 524, 520]",cauliflower quinoa pears shallots mixed greens thyme onions mustard arugula vinegar cherry tomatoes salt garlic olive oil parsley lemon juice
dish_1560888849,168.964127,107.0,ingr_0000000520;ingr_0000000514;ingr_0000000524;ingr_0000000028;ingr_0000000291;ingr_0000000161;ingr_0000000433;ingr_0000000122;ingr_0000000518;ingr_0000000133;ingr_0000000036,train,"[520, 514, 524, 28, 291, 161, 433, 122, 518, 133, 36]",lemon juice wheat berry parsley chicken salt olive oil roasted potatoes garlic thyme shallots spinach (raw)
dish_1565987015,14.72,64.0,ingr_0000000036,train,[36],spinach (raw)
dish_1561060703,538.466736,445.0,ingr_0000000203;ingr_0000000540;ingr_0000000094;ingr_0000000434;ingr_0000000518;ingr_0000000092;ingr_0000000031;ingr_0000000448;ingr_0000000023;ingr_0000000036;ingr_0000000046;ingr_0000000161;ingr_0000000016;ingr_0000000523;ingr_0000000291;ingr_0000000367;ingr_0000000074;ingr_0000000525;ingr_0000000038;ingr_0000000341;ingr_0000000520;ingr_0000000122;ingr_0000000070;ingr_0000000471;ingr_0000000332;ingr_0000000126;ingr_0000000050;ingr_0000000517;ingr_0000000189;ingr_0000000011;ingr_0000000133;ingr_0000000025,train,"[203, 540, 94, 434, 518, 92, 31, 448, 23, 36, 46, 161, 16, 523, 291, 367, 74, 525, 38, 341, 520, 122, 70, 471, 332, 126, 50, 517, 189, 11, 133, 25]",chili ginger onions sour cream thyme wine cucumbers jalapenos brown rice spinach (raw) mushroom olive oil brussels sprouts cilantro salt lime pasta bok choy pineapple cream lemon juice garlic figs cherry tomatoes salmon mustard tofu chard vinegar cheese pizza shallots beef
dish_1558468547,6.97,34.0,ingr_0000000021,train,[21],squash
dish_1562963153,386.477264,521.0,ingr_0000000049;ingr_0000000291;ingr_0000000520;ingr_0000000161;ingr_0000000523;ingr_0000000030;ingr_0000000073;ingr_0000000541;ingr_0000000312;ingr_0000000471;ingr_0000000377;ingr_0000000515;ingr_0000000448;ingr_0000000094;ingr_0000000031;ingr_0000000122;ingr_0000000433,train,"[49, 291, 520, 161, 523, 30, 73, 541, 312, 471, 377, 515, 448, 94, 31, 122, 433]",fish salt lemon juice olive oil cilantro lettuce radishes tomatillo pepper cherry tomatoes quinoa arugula jalapenos onions cucumbers garlic roasted potatoes
dish_1567537185,402.981781,185.0,ingr_0000000094;ingr_0000000189;ingr_0000000203;ingr_0000000535;ingr_0000000025;ingr_0000000026;ingr_0000000027;ingr_0000000508;ingr_0000000122;ingr_0000000291;ingr_0000000161;ingr_0000000498;ingr_0000000072,train,"[94, 189, 203, 535, 25, 26, 27, 508, 122, 291, 161, 498, 72]",onions vinegar chili green onions beef white rice broccoli soy sauce garlic salt olive oil orange juice kale
dish_1562945445,362.168335,463.0,ingr_0000000437;ingr_0000000027;ingr_0000000545;ingr_0000000128;ingr_0000000502;ingr_0000000543;ingr_0000000440;ingr_0000000161,train,"[437, 27, 545, 128, 502, 543, 440, 161]",sweet potato broccoli greek yogurt egg whites milk chia seeds grapes olive oil
dish_1563566725,241.313019,206.0,ingr_0000000161;ingr_0000000012;ingr_0000000009;ingr_0000000514,train,"[161, 12, 9, 514]",olive oil olives wild rice wheat berry
dish_1558028007,54.669998,71.0,ingr_0000000005,train,[5],potatoes
dish_1567801468,86.239998,196.0,ingr_0000000006,train,[6],caesar salad
dish_1558636763,60.839996,117.0,ingr_0000000054,train,[54],apple
dish_1560368110,16.02,89.0,ingr_0000000471,train,[471],cherry tomatoes
dish_1568405183,72.402832,64.0,ingr_0000000291;ingr_0000000032;ingr_0000000122;ingr_0000000126;ingr_0000000031;ingr_0000000161;ingr_0000000526;ingr_0000000036;ingr_0000000189,train,"[291, 32, 122, 126, 31, 161, 526, 36, 189]",salt tomatoes garlic mustard cucumbers olive oil mustard greens spinach (raw) vinegar
dish_1565036788,186.12999,70.0,ingr_0000000011,train,[11],cheese pizza
dish_1562963109,381.527283,488.0,ingr_0000000122;ingr_0000000520;ingr_0000000094;ingr_0000000312;ingr_0000000049;ingr_0000000377;ingr_0000000541;ingr_0000000073;ingr_0000000523;ingr_0000000291;ingr_0000000031;ingr_0000000161;ingr_0000000515;ingr_0000000448;ingr_0000000471;ingr_0000000433,train,"[122, 520, 94, 312, 49, 377, 541, 73, 523, 291, 31, 161, 515, 448, 471, 433]",garlic lemon juice onions pepper fish quinoa tomatillo radishes cilantro salt cucumbers olive oil arugula jalapenos cherry tomatoes roasted potatoes
dish_1558031526,76.942001,62.0,ingr_0000000192,train,[192],yam
dish_1562700718,329.380035,255.0,ingr_0000000525;ingr_0000000511;ingr_0000000291;ingr_0000000094;ingr_0000000161;ingr_0000000189;ingr_0000000046;ingr_0000000025;ingr_0000000133;ingr_0000000513,train,"[525, 511, 291, 94, 161, 189, 46, 25, 133, 513]",bok choy spinach (cooked) salt onions olive oil vinegar mushroom beef shallots millet
dish_1560799590,298.019379,163.0,ingr_0000000036;ingr_0000000189;ingr_0000000054;ingr_0000000291;ingr_0000000161;ingr_0000000126;ingr_0000000094;ingr_0000000380;ingr_0000000473,train,"[36, 189, 54, 291, 161, 126, 94, 380, 473]",spinach (raw) vinegar apple salt olive oil mustard onions pizza cranberries
dish_1559842274,306.393005,53.0,ingr_0000000077,train,[77],almonds
dish_1561580406,203.281494,171.0,ingr_0000000514;ingr_0000000520;ingr_0000000094;ingr_0000000428;ingr_0000000291;ingr_0000000312;ingr_0000000052;ingr_0000000006;ingr_0000000532;ingr_0000000471;ingr_0000000133;ingr_0000000036;ingr_0000000341;ingr_0000000441;ingr_0000000518;ingr_0000000161;ingr_0000000516;ingr_0000000521;ingr_0000000122;ingr_0000000028;ingr_0000000046;ingr_0000000074;ingr_0000000515;ingr_0000000519,train,"[514, 520, 94, 428, 291, 312, 52, 6, 532, 471, 133, 36, 341, 441, 518, 161, 516, 521, 122, 28, 46, 74, 515, 519]",wheat berry lemon juice onions white wine salt pepper cheese caesar salad pesto cherry tomatoes shallots spinach (raw) cream butter thyme olive oil rosemary basil garlic chicken mushroom pasta arugula oregano
dish_1562958445,24.15,21.0,ingr_0000000012,train,[12],olives
dish_1562011765,423.923004,283.0,ingr_0000000448;ingr_0000000116;ingr_0000000161;ingr_0000000122;ingr_0000000045;ingr_0000000016;ingr_0000000291;ingr_0000000312;ingr_0000000514;ingr_0000000462;ingr_0000000152;ingr_0000000520;ingr_0000000524,train,"[448, 116, 161, 122, 45, 16, 291, 312, 514, 462, 152, 520, 524]",jalapenos mayonnaise olive oil garlic carrot brussels sprouts salt pepper wheat berry pork cabbage lemon juice parsley
dish_1557861605,35.099998,39.0,ingr_0000000049,train,[49],fish
dish_1560961059,268.459991,172.0,ingr_0000000495;ingr_0000000264;ingr_0000000437,train,"[495, 264, 437]",cream cheese bagels sweet potato
dish_1562775275,173.680008,318.0,ingr_0000000037;ingr_0000000059;ingr_0000000013,train,"[37, 59, 13]",cantaloupe oatmeal berries
dish_1566333118,239.309998,90.0,ingr_0000000011,train,[11],cheese pizza
dish_1565799617,294.22171,520.0,ingr_0000000161;ingr_0000000128;ingr_0000000121;ingr_0000000013;ingr_0000000437,train,"[161, 128, 121, 13, 437]",olive oil egg whites watermelon berries sweet potato
dish_1560543465,33.880001,77.0,ingr_0000000006,train,[6],caesar salad
dish_1566851155,295.284393,260.0,ingr_0000000036;ingr_0000000094;ingr_0000000524;ingr_0000000161;ingr_0000000518;ingr_0000000291;ingr_0000000377;ingr_0000000520;ingr_0000000126;ingr_0000000515;ingr_0000000031;ingr_0000000189;ingr_0000000122;ingr_0000000133;ingr_0000000457,train,"[36, 94, 524, 161, 518, 291, 377, 520, 126, 515, 31, 189, 122, 133, 457]",spinach (raw) onions parsley olive oil thyme salt quinoa lemon juice mustard arugula cucumbers vinegar garlic shallots sun dried tomatoes
dish_1559245979,116.116005,203.0,ingr_0000000213,train,[213],pears
dish_1561392734,84.239998,198.0,ingr_0000000121;ingr_0000000013,train,"[121, 13]",watermelon berries
dish_1560356314,30.544943,27.0,ingr_0000000036;ingr_0000000189;ingr_0000000161;ingr_0000000032;ingr_0000000291;ingr_0000000122;ingr_0000000126;ingr_0000000031;ingr_0000000526,train,"[36, 189, 161, 32, 291, 122, 126, 31, 526]",spinach (raw) vinegar olive oil tomatoes salt garlic mustard cucumbers mustard greens
dish_1562790170,103.693726,84.0,ingr_0000000291;ingr_0000000124;ingr_0000000161;ingr_0000000517;ingr_0000000126;ingr_0000000189;ingr_0000000515;ingr_0000000201;ingr_0000000312,train,"[291, 124, 161, 517, 126, 189, 515, 201, 312]",salt walnuts olive oil chard mustard vinegar arugula blueberries pepper
dish_1558721587,95.489998,90.0,ingr_0000000205,train,[205],corn on the cob
dish_1562774531,379.824005,254.0,ingr_0000000013;ingr_0000000039;ingr_0000000433;ingr_0000000121,train,"[13, 39, 433, 121]",berries sausage roasted potatoes watermelon
dish_1558638292,190.309982,356.0,ingr_0000000037;ingr_0000000054;ingr_0000000026;ingr_0000000045,train,"[37, 54, 26, 45]",cantaloupe apple white rice carrot
dish_1563827110,220.044998,217.0,ingr_0000000038;ingr_0000000006;ingr_0000000011,train,"[38, 6, 11]",pineapple caesar salad cheese pizza
dish_1564503219,213.859985,242.0,ingr_0000000004;ingr_0000000128,train,"[4, 128]",bacon egg whites
dish_1562010418,209.545135,157.0,ingr_0000000367;ingr_0000000291;ingr_0000000094;ingr_0000000462;ingr_0000000016;ingr_0000000448;ingr_0000000189;ingr_0000000312;ingr_0000000122;ingr_0000000029;ingr_0000000045;ingr_0000000030;ingr_0000000152;ingr_0000000520;ingr_0000000524;ingr_0000000161;ingr_0000000031;ingr_0000000514;ingr_0000000116;ingr_0000000471,train,"[367, 291, 94, 462, 16, 448, 189, 312, 122, 29, 45, 30, 152, 520, 524, 161, 31, 514, 116, 471]",lime salt onions pork brussels sprouts jalapenos vinegar pepper garlic mixed greens carrot lettuce cabbage lemon juice parsley olive oil cucumbers wheat berry mayonnaise cherry tomatoes
dish_1562690112,428.202332,207.0,ingr_0000000030;ingr_0000000367;ingr_0000000510;ingr_0000000029;ingr_0000000161;ingr_0000000031;ingr_0000000094;ingr_0000000189;ingr_0000000004;ingr_0000000312;ingr_0000000291;ingr_0000000471,train,"[30, 367, 510, 29, 161, 31, 94, 189, 4, 312, 291, 471]",lettuce lime chicken apple sausage mixed greens olive oil cucumbers onions vinegar bacon pepper salt cherry tomatoes
dish_1559240987,25.070757,51.0,ingr_0000000045;ingr_0000000291;ingr_0000000312;ingr_0000000161,train,"[45, 291, 312, 161]",carrot salt pepper olive oil
dish_1561404458,410.311737,259.0,ingr_0000000367;ingr_0000000291;ingr_0000000007;ingr_0000000312;ingr_0000000161;ingr_0000000514;ingr_0000000010;ingr_0000000045;ingr_0000000122,train,"[367, 291, 7, 312, 161, 514, 10, 45, 122]",lime salt cauliflower pepper olive oil wheat berry steak carrot garlic
dish_1566835701,370.186829,744.0,ingr_0000000128;ingr_0000000475;ingr_0000000437;ingr_0000000161,train,"[128, 475, 437, 161]",egg whites salsa sweet potato olive oil
dish_1563294465,116.949997,237.0,ingr_0000000038;ingr_0000000121;ingr_0000000440,train,"[38, 121, 440]",pineapple watermelon grapes
dish_1567023184,191.507187,195.0,ingr_0000000012;ingr_0000000028;ingr_0000000140;ingr_0000000512;ingr_0000000072;ingr_0000000148;ingr_0000000306,train,"[12, 28, 140, 512, 72, 148, 306]",olives chicken caesar dressing kimchi kale parmesan cheese croutons
dish_1566936323,368.292206,318.0,ingr_0000000527;ingr_0000000155;ingr_0000000092;ingr_0000000542;ingr_0000000335;ingr_0000000520;ingr_0000000102;ingr_0000000161;ingr_0000000312;ingr_0000000511;ingr_0000000377;ingr_0000000291;ingr_0000000049;ingr_0000000095;ingr_0000000367;ingr_0000000007;ingr_0000000021;ingr_0000000524;ingr_0000000046;ingr_0000000515;ingr_0000000094;ingr_0000000133;ingr_0000000122;ingr_0000000033,train,"[527, 155, 92, 542, 335, 520, 102, 161, 312, 511, 377, 291, 49, 95, 367, 7, 21, 524, 46, 515, 94, 133, 122, 33]",chive chicken thighs wine white beans eggplant lemon juice snow peas olive oil pepper spinach (cooked) quinoa salt fish artichokes lime cauliflower squash parsley mushroom arugula onions shallots garlic bell peppers
dish_1563216381,34.649998,99.0,ingr_0000000027,train,[27],broccoli
dish_1563305948,207.360931,178.0,ingr_0000000306;ingr_0000000291;ingr_0000000054;ingr_0000000514;ingr_0000000520;ingr_0000000072;ingr_0000000094;ingr_0000000161;ingr_0000000473;ingr_0000000133;ingr_0000000028;ingr_0000000046;ingr_0000000189;ingr_0000000036;ingr_0000000148;ingr_0000000126;ingr_0000000140;ingr_0000000518;ingr_0000000122;ingr_0000000524,train,"[306, 291, 54, 514, 520, 72, 94, 161, 473, 133, 28, 46, 189, 36, 148, 126, 140, 518, 122, 524]",croutons salt apple wheat berry lemon juice kale onions olive oil cranberries shallots chicken mushroom vinegar spinach (raw) parmesan cheese mustard caesar dressing thyme garlic parsley
dish_1567106870,504.820892,211.0,ingr_0000000035;ingr_0000000094;ingr_0000000380;ingr_0000000161;ingr_0000000122;ingr_0000000124;ingr_0000000029;ingr_0000000291;ingr_0000000511;ingr_0000000030;ingr_0000000525;ingr_0000000513;ingr_0000000189;ingr_0000000126;ingr_0000000133;ingr_0000000025,train,"[35, 94, 380, 161, 122, 124, 29, 291, 511, 30, 525, 513, 189, 126, 133, 25]",blue cheese onions pizza olive oil garlic walnuts mixed greens salt spinach (cooked) lettuce bok choy millet vinegar mustard shallots beef
dish_1567538303,617.449158,307.0,ingr_0000000535;ingr_0000000312;ingr_0000000203;ingr_0000000026;ingr_0000000189;ingr_0000000520;ingr_0000000508;ingr_0000000498;ingr_0000000122;ingr_0000000291;ingr_0000000025;ingr_0000000072;ingr_0000000524;ingr_0000000161;ingr_0000000515;ingr_0000000094;ingr_0000000187;ingr_0000000027;ingr_0000000213,train,"[535, 312, 203, 26, 189, 520, 508, 498, 122, 291, 25, 72, 524, 161, 515, 94, 187, 27, 213]",green onions pepper chili white rice vinegar lemon juice soy sauce orange juice garlic salt beef kale parsley olive oil arugula onions chickpeas broccoli pears
dish_1559846825,252.700012,95.0,ingr_0000000380,train,[380],pizza
dish_1561749348,165.446945,93.0,ingr_0000000023;ingr_0000000515;ingr_0000000332;ingr_0000000518;ingr_0000000161;ingr_0000000312;ingr_0000000291,train,"[23, 515, 332, 518, 161, 312, 291]",brown rice arugula salmon thyme olive oil pepper salt
dish_1559243704,116.116005,203.0,ingr_0000000213,train,[213],pears
dish_1562785328,133.92334,91.0,ingr_0000000054;ingr_0000000133;ingr_0000000122;ingr_0000000153;ingr_0000000520;ingr_0000000291;ingr_0000000161;ingr_0000000526;ingr_0000000473;ingr_0000000524;ingr_0000000515,train,"[54, 133, 122, 153, 520, 291, 161, 526, 473, 524, 515]",apple shallots garlic bulgur lemon juice salt olive oil mustard greens cranberries parsley arugula
dish_1558116146,76.589996,111.0,ingr_0000000440,train,[440],grapes
dish_1561577177,234.606445,156.0,ingr_0000000050;ingr_0000000517;ingr_0000000201;ingr_0000000189;ingr_0000000312;ingr_0000000011;ingr_0000000124;ingr_0000000291;ingr_0000000433;ingr_0000000161;ingr_0000000126;ingr_0000000515,train,"[50, 517, 201, 189, 312, 11, 124, 291, 433, 161, 126, 515]",tofu chard blueberries vinegar pepper cheese pizza walnuts salt roasted potatoes olive oil mustard arugula
dish_1568665935,154.222,58.0,ingr_0000000011,train,[11],cheese pizza
dish_1560368691,140.755188,112.0,ingr_0000000045;ingr_0000000030;ingr_0000000531;ingr_0000000291;ingr_0000000126;ingr_0000000161;ingr_0000000189;ingr_0000000515;ingr_0000000029,train,"[45, 30, 531, 291, 126, 161, 189, 515, 29]",carrot lettuce pumpkin seeds salt mustard olive oil vinegar arugula mixed greens
dish_1561654756,256.980011,225.0,ingr_0000000008;ingr_0000000437;ingr_0000000016,train,"[8, 437, 16]",scrambled eggs sweet potato brussels sprouts
dish_1560802006,35.926495,44.0,ingr_0000000148;ingr_0000000306;ingr_0000000072;ingr_0000000140,train,"[148, 306, 72, 140]",parmesan cheese croutons kale caesar dressing
dish_1562602687,721.365173,311.0,ingr_0000000016;ingr_0000000039;ingr_0000000015;ingr_0000000161;ingr_0000000312;ingr_0000000291;ingr_0000000008,train,"[16, 39, 15, 161, 312, 291, 8]",brussels sprouts sausage hash browns olive oil pepper salt scrambled eggs
dish_1562949467,24.655609,72.0,ingr_0000000525;ingr_0000000161,train,"[525, 161]",bok choy olive oil
dish_1565811423,240.057129,290.0,ingr_0000000033;ingr_0000000122;ingr_0000000312;ingr_0000000515;ingr_0000000448;ingr_0000000514;ingr_0000000152;ingr_0000000203;ingr_0000000032;ingr_0000000291;ingr_0000000524;ingr_0000000520;ingr_0000000332;ingr_0000000525;ingr_0000000367;ingr_0000000023;ingr_0000000155;ingr_0000000161;ingr_0000000518;ingr_0000000238,train,"[33, 122, 312, 515, 448, 514, 152, 203, 32, 291, 524, 520, 332, 525, 367, 23, 155, 161, 518, 238]",bell peppers garlic pepper arugula jalapenos wheat berry cabbage chili tomatoes salt parsley lemon juice salmon bok choy lime brown rice chicken thighs olive oil thyme hominy
dish_1558632959,16.02,89.0,ingr_0000000471,train,[471],cherry tomatoes
dish_1563464429,140.990005,103.0,ingr_0000000004;ingr_0000000013,train,"[4, 13]",bacon berries
dish_1558725112,554.059021,330.0,ingr_0000000077;ingr_0000000016;ingr_0000000112,train,"[77, 16, 112]",almonds brussels sprouts honeydew melons
dish_1564169878,732.513428,341.0,ingr_0000000032;ingr_0000000122;ingr_0000000094;ingr_0000000203;ingr_0000000060;ingr_0000000291;ingr_0000000523;ingr_0000000161;ingr_0000000155;ingr_0000000052,train,"[32, 122, 94, 203, 60, 291, 523, 161, 155, 52]",tomatoes garlic onions chili tortilla salt cilantro olive oil chicken thighs cheese
dish_1558028057,151.479996,28.0,ingr_0000000004,train,[4],bacon
dish_1565812186,324.978424,266.0,ingr_0000000291;ingr_0000000238;ingr_0000000520;ingr_0000000524;ingr_0000000161;ingr_0000000126;ingr_0000000122;ingr_0000000152;ingr_0000000155;ingr_0000000038;ingr_0000000032;ingr_0000000203;ingr_0000000124;ingr_0000000033;ingr_0000000367;ingr_0000000515;ingr_0000000189;ingr_0000000201;ingr_0000000517;ingr_0000000448;ingr_0000000312,train,"[291, 238, 520, 524, 161, 126, 122, 152, 155, 38, 32, 203, 124, 33, 367, 515, 189, 201, 517, 448, 312]",salt hominy lemon juice parsley olive oil mustard garlic cabbage chicken thighs pineapple tomatoes chili walnuts bell peppers lime arugula vinegar blueberries chard jalapenos pepper
dish_1561406817,273.385437,243.0,ingr_0000000045;ingr_0000000161;ingr_0000000472;ingr_0000000291;ingr_0000000312;ingr_0000000026,train,"[45, 161, 472, 291, 312, 26]",carrot olive oil couscous salt pepper white rice
dish_1558115241,85.470001,111.0,ingr_0000000005,train,[5],potatoes
dish_1566331868,453.66507,372.0,ingr_0000000016;ingr_0000000094;ingr_0000000291;ingr_0000000032;ingr_0000000033;ingr_0000000122;ingr_0000000312;ingr_0000000513;ingr_0000000028;ingr_0000000194;ingr_0000000448;ingr_0000000036;ingr_0000000161,train,"[16, 94, 291, 32, 33, 122, 312, 513, 28, 194, 448, 36, 161]",brussels sprouts onions salt tomatoes bell peppers garlic pepper millet chicken fried rice jalapenos spinach (raw) olive oil
dish_1558630072,294.427002,295.0,ingr_0000000054;ingr_0000000077;ingr_0000000440;ingr_0000000007,train,"[54, 77, 440, 7]",apple almonds grapes cauliflower
dish_1558375583,386.134003,251.0,ingr_0000000029;ingr_0000000039;ingr_0000000453,train,"[29, 39, 453]",mixed greens sausage deprecated
dish_1566931519,130.130005,182.0,ingr_0000000029;ingr_0000000012,train,"[29, 12]",mixed greens olives
dish_1565724269,527.548767,311.0,ingr_0000000380;ingr_0000000028;ingr_0000000036;ingr_0000000514;ingr_0000000161;ingr_0000000518;ingr_0000000291;ingr_0000000520;ingr_0000000133;ingr_0000000027;ingr_0000000122;ingr_0000000524,train,"[380, 28, 36, 514, 161, 518, 291, 520, 133, 27, 122, 524]",pizza chicken spinach (raw) wheat berry olive oil thyme salt lemon juice shallots broccoli garlic parsley
dish_1563812570,369.08429,320.0,ingr_0000000128;ingr_0000000029;ingr_0000000080;ingr_0000000294;ingr_0000000041;ingr_0000000040;ingr_0000000338,train,"[128, 29, 80, 294, 41, 40, 338]",egg whites mixed greens turkey bacon granola blackberries raspberries vinaigrette
dish_1565813414,139.720078,179.0,ingr_0000000122;ingr_0000000291;ingr_0000000126;ingr_0000000201;ingr_0000000161;ingr_0000000050;ingr_0000000036;ingr_0000000189;ingr_0000000073,train,"[122, 291, 126, 201, 161, 50, 36, 189, 73]",garlic salt mustard blueberries olive oil tofu spinach (raw) vinegar radishes
dish_1561148303,119.654999,45.0,ingr_0000000011,train,[11],cheese pizza
dish_1568401064,787.709961,572.0,ingr_0000000027;ingr_0000000029;ingr_0000000028;ingr_0000000042,train,"[27, 29, 28, 42]",broccoli mixed greens chicken avocado
dish_1559844090,168.430008,331.0,ingr_0000000002;ingr_0000000213;ingr_0000000507,train,"[2, 213, 507]",strawberries pears mandarin oranges
dish_1563568292,276.682983,193.0,ingr_0000000205;ingr_0000000011,train,"[205, 11]",corn on the cob cheese pizza
dish_1558723047,31.620001,93.0,ingr_0000000037,train,[37],cantaloupe
dish_1568061174,232.553268,287.0,ingr_0000000038;ingr_0000000021;ingr_0000000291;ingr_0000000011;ingr_0000000161,train,"[38, 21, 291, 11, 161]",pineapple squash salt cheese pizza olive oil
dish_1562086116,290.65802,285.0,ingr_0000000013;ingr_0000000008;ingr_0000000192,train,"[13, 8, 192]",berries scrambled eggs yam
dish_1561661850,648.975952,264.0,ingr_0000000328;ingr_0000000291;ingr_0000000508;ingr_0000000122;ingr_0000000380;ingr_0000000462;ingr_0000000026;ingr_0000000525;ingr_0000000312,train,"[328, 291, 508, 122, 380, 462, 26, 525, 312]",sugar salt soy sauce garlic pizza pork white rice bok choy pepper
dish_1558468632,169.949997,103.0,ingr_0000000028,train,[28],chicken
dish_1562181217,546.484497,199.0,ingr_0000000291;ingr_0000000200;ingr_0000000028;ingr_0000000318;ingr_0000000524;ingr_0000000520;ingr_0000000221;ingr_0000000518;ingr_0000000122,train,"[291, 200, 28, 318, 524, 520, 221, 518, 122]",salt buttermilk chicken flour parsley lemon juice vegetable oil thyme garlic
dish_1563565805,157.493027,360.0,ingr_0000000133;ingr_0000000122;ingr_0000000046;ingr_0000000049;ingr_0000000471;ingr_0000000517;ingr_0000000072;ingr_0000000291;ingr_0000000525;ingr_0000000514;ingr_0000000161;ingr_0000000524;ingr_0000000520;ingr_0000000094;ingr_0000000527,train,"[133, 122, 46, 49, 471, 517, 72, 291, 525, 514, 161, 524, 520, 94, 527]",shallots garlic mushroom fish cherry tomatoes chard kale salt bok choy wheat berry olive oil parsley lemon juice onions chive
dish_1558632990,25.25,101.0,ingr_0000000007,train,[7],cauliflower
dish_1559933818,115.066795,154.0,ingr_0000000291;ingr_0000000012;ingr_0000000122;ingr_0000000126;ingr_0000000189;ingr_0000000016;ingr_0000000161;ingr_0000000425;ingr_0000000029;ingr_0000000213;ingr_0000000312,train,"[291, 12, 122, 126, 189, 16, 161, 425, 29, 213, 312]",salt olives garlic mustard vinegar brussels sprouts olive oil goat cheese mixed greens pears pepper
dish_1566329257,321.025208,537.0,ingr_0000000050;ingr_0000000189;ingr_0000000133;ingr_0000000025;ingr_0000000511;ingr_0000000525;ingr_0000000007;ingr_0000000513;ingr_0000000291;ingr_0000000161;ingr_0000000094,train,"[50, 189, 133, 25, 511, 525, 7, 513, 291, 161, 94]",tofu vinegar shallots beef spinach (cooked) bok choy cauliflower millet salt olive oil onions
dish_1563563467,40.750244,119.0,ingr_0000000525;ingr_0000000161,train,"[525, 161]",bok choy olive oil
dish_1563295360,275.891235,181.0,ingr_0000000004;ingr_0000000008;ingr_0000000161;ingr_0000000027,train,"[4, 8, 161, 27]",bacon scrambled eggs olive oil broccoli
dish_1564688969,239.309998,90.0,ingr_0000000011,train,[11],cheese pizza
dish_1561579933,447.449249,306.0,ingr_0000000291;ingr_0000000031;ingr_0000000161;ingr_0000000521;ingr_0000000094;ingr_0000000033;ingr_0000000319;ingr_0000000201;ingr_0000000028;ingr_0000000133;ingr_0000000511;ingr_0000000520;ingr_0000000189;ingr_0000000517;ingr_0000000025;ingr_0000000428;ingr_0000000124;ingr_0000000126;ingr_0000000341;ingr_0000000514;ingr_0000000519;ingr_0000000471;ingr_0000000513;ingr_0000000525;ingr_0000000012;ingr_0000000030;ingr_0000000122;ingr_0000000518;ingr_0000000441;ingr_0000000515;ingr_0000000046;ingr_0000000516;ingr_0000000338;ingr_0000000312,train,"[291, 31, 161, 521, 94, 33, 319, 201, 28, 133, 511, 520, 189, 517, 25, 428, 124, 126, 341, 514, 519, 471, 513, 525, 12, 30, 122, 518, 441, 515, 46, 516, 338, 312]",salt cucumbers olive oil basil onions bell peppers feta cheese blueberries chicken shallots spinach (cooked) lemon juice vinegar chard beef white wine walnuts mustard cream wheat berry oregano cherry tomatoes millet bok choy olives lettuce garlic thyme butter arugula mushroom rosemary vinaigrette pepper
dish_1561666821,211.78656,170.0,ingr_0000000006;ingr_0000000030;ingr_0000000094;ingr_0000000011;ingr_0000000031;ingr_0000000367;ingr_0000000189;ingr_0000000312;ingr_0000000471;ingr_0000000291;ingr_0000000161;ingr_0000000029,train,"[6, 30, 94, 11, 31, 367, 189, 312, 471, 291, 161, 29]",caesar salad lettuce onions cheese pizza cucumbers lime vinegar pepper cherry tomatoes salt olive oil mixed greens
dish_1558723639,10.25,41.0,ingr_0000000007,train,[7],cauliflower
dish_1558116486,39.329998,57.0,ingr_0000000440,train,[440],grapes
dish_1558381143,182.638,53.0,ingr_0000000039,train,[39],sausage
dish_1565033085,15.4,55.0,ingr_0000000029,train,[29],mixed greens
dish_1562947598,87.720001,258.0,ingr_0000000037,train,[37],cantaloupe
dish_1562615388,360.182037,273.0,ingr_0000000054;ingr_0000000010;ingr_0000000189;ingr_0000000515;ingr_0000000094;ingr_0000000072;ingr_0000000520;ingr_0000000526;ingr_0000000122;ingr_0000000433;ingr_0000000291;ingr_0000000070;ingr_0000000425;ingr_0000000038;ingr_0000000026;ingr_0000000448;ingr_0000000161;ingr_0000000523;ingr_0000000027,train,"[54, 10, 189, 515, 94, 72, 520, 526, 122, 433, 291, 70, 425, 38, 26, 448, 161, 523, 27]",apple steak vinegar arugula onions kale lemon juice mustard greens garlic roasted potatoes salt figs goat cheese pineapple white rice jalapenos olive oil cilantro broccoli
dish_1562009098,70.080002,96.0,ingr_0000000050,train,[50],tofu
dish_1562704564,292.022888,124.0,ingr_0000000133;ingr_0000000011;ingr_0000000511;ingr_0000000161;ingr_0000000291;ingr_0000000189;ingr_0000000094;ingr_0000000513;ingr_0000000525;ingr_0000000025,train,"[133, 11, 511, 161, 291, 189, 94, 513, 525, 25]",shallots cheese pizza spinach (cooked) olive oil salt vinegar onions millet bok choy beef
dish_1560539396,384.044525,417.0,ingr_0000000049;ingr_0000000377;ingr_0000000122;ingr_0000000312;ingr_0000000094;ingr_0000000515;ingr_0000000006;ingr_0000000045;ingr_0000000161;ingr_0000000523;ingr_0000000520;ingr_0000000448;ingr_0000000433;ingr_0000000291;ingr_0000000541,train,"[49, 377, 122, 312, 94, 515, 6, 45, 161, 523, 520, 448, 433, 291, 541]",fish quinoa garlic pepper onions arugula caesar salad carrot olive oil cilantro lemon juice jalapenos roasted potatoes salt tomatillo
dish_1561060558,194.199005,221.0,ingr_0000000038;ingr_0000000525;ingr_0000000016;ingr_0000000050;ingr_0000000011,train,"[38, 525, 16, 50, 11]",pineapple bok choy brussels sprouts tofu cheese pizza
dish_1562688524,215.359985,242.0,ingr_0000000510;ingr_0000000440;ingr_0000000433;ingr_0000000121,train,"[510, 440, 433, 121]",chicken apple sausage grapes roasted potatoes watermelon
dish_1561578417,289.794373,240.0,ingr_0000000161;ingr_0000000031;ingr_0000000094;ingr_0000000007;ingr_0000000511;ingr_0000000006;ingr_0000000513;ingr_0000000525;ingr_0000000338;ingr_0000000133;ingr_0000000189;ingr_0000000011;ingr_0000000030;ingr_0000000033;ingr_0000000012;ingr_0000000291;ingr_0000000025;ingr_0000000319;ingr_0000000471,train,"[161, 31, 94, 7, 511, 6, 513, 525, 338, 133, 189, 11, 30, 33, 12, 291, 25, 319, 471]",olive oil cucumbers onions cauliflower spinach (cooked) caesar salad millet bok choy vinaigrette shallots vinegar cheese pizza lettuce bell peppers olives salt beef feta cheese cherry tomatoes
dish_1558380414,35.880001,52.0,ingr_0000000440,train,[440],grapes
dish_1558640882,32.299999,95.0,ingr_0000000037,train,[37],cantaloupe
dish_1558638163,40.59,99.0,ingr_0000000045,train,[45],carrot
dish_1563567626,291.838776,248.0,ingr_0000000082;ingr_0000000189;ingr_0000000205;ingr_0000000161;ingr_0000000122;ingr_0000000291;ingr_0000000201;ingr_0000000517;ingr_0000000515;ingr_0000000126,train,"[82, 189, 205, 161, 122, 291, 201, 517, 515, 126]",pecans vinegar corn on the cob olive oil garlic salt blueberries chard arugula mustard
dish_1562873790,75.70845,75.0,ingr_0000000291;ingr_0000000030;ingr_0000000367;ingr_0000000161;ingr_0000000094;ingr_0000000031;ingr_0000000189;ingr_0000000471;ingr_0000000312;ingr_0000000029,train,"[291, 30, 367, 161, 94, 31, 189, 471, 312, 29]",salt lettuce lime olive oil onions cucumbers vinegar cherry tomatoes pepper mixed greens
dish_1567023132,59.200001,84.0,ingr_0000000512;ingr_0000000012,train,"[512, 12]",kimchi olives
dish_1558630867,73.839996,142.0,ingr_0000000054,train,[54],apple
dish_1566415591,214.780777,316.0,ingr_0000000514;ingr_0000000027;ingr_0000000043;ingr_0000000517;ingr_0000000471;ingr_0000000049;ingr_0000000291;ingr_0000000133;ingr_0000000122;ingr_0000000527;ingr_0000000524;ingr_0000000520;ingr_0000000161,train,"[514, 27, 43, 517, 471, 49, 291, 133, 122, 527, 524, 520, 161]",wheat berry broccoli green beans chard cherry tomatoes fish salt shallots garlic chive parsley lemon juice olive oil
dish_1563811515,298.119385,491.0,ingr_0000000161;ingr_0000000128;ingr_0000000039;ingr_0000000437;ingr_0000000037;ingr_0000000475,train,"[161, 128, 39, 437, 37, 475]",olive oil egg whites sausage sweet potato cantaloupe salsa
dish_1558719377,73.839996,142.0,ingr_0000000054,train,[54],apple
dish_1559674689,63.720001,177.0,ingr_0000000112,train,[112],honeydew melons
dish_1559061675,24.900002,83.0,ingr_0000000121,train,[121],watermelon
dish_1561492182,250.165695,171.0,ingr_0000000036;ingr_0000000189;ingr_0000000073;ingr_0000000194;ingr_0000000122;ingr_0000000291;ingr_0000000126;ingr_0000000161;ingr_0000000201,train,"[36, 189, 73, 194, 122, 291, 126, 161, 201]",spinach (raw) vinegar radishes fried rice garlic salt mustard olive oil blueberries
dish_1564159520,227.220001,42.0,ingr_0000000004,train,[4],bacon
dish_1557853429,330.152985,276.0,ingr_0000000002;ingr_0000000179;ingr_0000000192,train,"[2, 179, 192]",strawberries eggs yam
dish_1560455059,25.550001,134.0,ingr_0000000471;ingr_0000000347;ingr_0000000034;ingr_0000000031,train,"[471, 347, 34, 31]",cherry tomatoes baby carrots celery cucumbers
dish_1558459945,73.839996,142.0,ingr_0000000054,train,[54],apple
dish_1563220143,425.514618,327.0,ingr_0000000036;ingr_0000000392;ingr_0000000514;ingr_0000000148;ingr_0000000471;ingr_0000000244;ingr_0000000027;ingr_0000000291;ingr_0000000122;ingr_0000000518;ingr_0000000021;ingr_0000000161,train,"[36, 392, 514, 148, 471, 244, 27, 291, 122, 518, 21, 161]",spinach (raw) pepperoni pizza wheat berry parmesan cheese cherry tomatoes chicken breast broccoli salt garlic thyme squash olive oil
dish_1560360148,587.794006,317.0,ingr_0000000008;ingr_0000000039;ingr_0000000495;ingr_0000000013;ingr_0000000264,train,"[8, 39, 495, 13, 264]",scrambled eggs sausage cream cheese berries bagels
dish_1564502063,497.719971,92.0,ingr_0000000004,train,[4],bacon
dish_1562947436,282.382019,242.0,ingr_0000000013;ingr_0000000039;ingr_0000000038,train,"[13, 39, 38]",berries sausage pineapple
dish_1563898880,643.618408,441.0,ingr_0000000073;ingr_0000000008;ingr_0000000475;ingr_0000000189;ingr_0000000004;ingr_0000000126;ingr_0000000031;ingr_0000000161;ingr_0000000122;ingr_0000000033;ingr_0000000291;ingr_0000000027,train,"[73, 8, 475, 189, 4, 126, 31, 161, 122, 33, 291, 27]",radishes scrambled eggs salsa vinegar bacon mustard cucumbers olive oil garlic bell peppers salt broccoli
dish_1566415520,74.824753,143.0,ingr_0000000161;ingr_0000000043,train,"[161, 43]",olive oil green beans
dish_1562784347,315.988464,264.0,ingr_0000000291;ingr_0000000524;ingr_0000000520;ingr_0000000473;ingr_0000000161;ingr_0000000526;ingr_0000000380;ingr_0000000133;ingr_0000000205;ingr_0000000515;ingr_0000000335;ingr_0000000054;ingr_0000000122;ingr_0000000153,train,"[291, 524, 520, 473, 161, 526, 380, 133, 205, 515, 335, 54, 122, 153]",salt parsley lemon juice cranberries olive oil mustard greens pizza shallots corn on the cob arugula eggplant apple garlic bulgur
dish_1558636514,16.02,89.0,ingr_0000000471,train,[471],cherry tomatoes
dish_1561404505,543.92334,442.0,ingr_0000000471;ingr_0000000122;ingr_0000000161;ingr_0000000031;ingr_0000000514;ingr_0000000007;ingr_0000000291;ingr_0000000045;ingr_0000000029;ingr_0000000189;ingr_0000000010;ingr_0000000463;ingr_0000000027;ingr_0000000367;ingr_0000000312,train,"[471, 122, 161, 31, 514, 7, 291, 45, 29, 189, 10, 463, 27, 367, 312]",cherry tomatoes garlic olive oil cucumbers wheat berry cauliflower salt carrot mixed greens vinegar steak beets broccoli lime pepper
dish_1558724723,39.200001,112.0,ingr_0000000027,train,[27],broccoli
dish_1564086624,217.292999,131.0,ingr_0000000011;ingr_0000000205,train,"[11, 205]",cheese pizza corn on the cob
dish_1562689519,169.540009,173.0,ingr_0000000001,train,[1],cottage cheese
dish_1558640513,153.845993,245.0,ingr_0000000045;ingr_0000000054;ingr_0000000205,train,"[45, 54, 205]",carrot apple corn on the cob
dish_1558639588,121.401001,21.0,ingr_0000000077,train,[77],almonds
dish_1564588483,175.746002,51.0,ingr_0000000039,train,[39],sausage
dish_1558029518,137.751007,111.0,ingr_0000000192,train,[192],yam
dish_1563811490,268.829376,390.0,ingr_0000000161;ingr_0000000039;ingr_0000000037;ingr_0000000437;ingr_0000000128,train,"[161, 39, 37, 437, 128]",olive oil sausage cantaloupe sweet potato egg whites
dish_1562691538,49.919998,96.0,ingr_0000000128,train,[128],egg whites
dish_1563307488,538.035156,247.0,ingr_0000000498;ingr_0000000161;ingr_0000000291;ingr_0000000025;ingr_0000000189;ingr_0000000508;ingr_0000000203;ingr_0000000094;ingr_0000000072;ingr_0000000535;ingr_0000000027;ingr_0000000122;ingr_0000000026,train,"[498, 161, 291, 25, 189, 508, 203, 94, 72, 535, 27, 122, 26]",orange juice olive oil salt beef vinegar soy sauce chili onions kale green onions broccoli garlic white rice
dish_1558721904,74.360001,143.0,ingr_0000000054,train,[54],apple
dish_1559245848,59.689999,127.0,ingr_0000000058,train,[58],orange
dish_1562950895,137.818542,144.0,ingr_0000000437;ingr_0000000161,train,"[437, 161]",sweet potato olive oil
dish_1563219009,388.359711,202.0,ingr_0000000026;ingr_0000000122;ingr_0000000034;ingr_0000000515;ingr_0000000392;ingr_0000000462;ingr_0000000291;ingr_0000000516;ingr_0000000524;ingr_0000000094;ingr_0000000485;ingr_0000000161,train,"[26, 122, 34, 515, 392, 462, 291, 516, 524, 94, 485, 161]",white rice garlic celery arugula pepperoni pizza pork salt rosemary parsley onions zucchini olive oil
dish_1559242066,26.053925,53.0,ingr_0000000291;ingr_0000000312;ingr_0000000045;ingr_0000000161,train,"[291, 312, 45, 161]",salt pepper carrot olive oil
dish_1564518542,342.378204,234.0,ingr_0000000094;ingr_0000000520;ingr_0000000122;ingr_0000000133;ingr_0000000511;ingr_0000000045;ingr_0000000029;ingr_0000000030;ingr_0000000471;ingr_0000000312;ingr_0000000046;ingr_0000000155;ingr_0000000335;ingr_0000000161;ingr_0000000367;ingr_0000000031;ingr_0000000291;ingr_0000000011;ingr_0000000092;ingr_0000000377;ingr_0000000189;ingr_0000000021,train,"[94, 520, 122, 133, 511, 45, 29, 30, 471, 312, 46, 155, 335, 161, 367, 31, 291, 11, 92, 377, 189, 21]",onions lemon juice garlic shallots spinach (cooked) carrot mixed greens lettuce cherry tomatoes pepper mushroom chicken thighs eggplant olive oil lime cucumbers salt cheese pizza wine quinoa vinegar squash
dish_1562689548,216.540009,267.0,ingr_0000000038;ingr_0000000001,train,"[38, 1]",pineapple cottage cheese
dish_1566931179,204.369385,263.0,ingr_0000000291;ingr_0000000029;ingr_0000000095;ingr_0000000122;ingr_0000000161;ingr_0000000524;ingr_0000000463;ingr_0000000042;ingr_0000000189;ingr_0000000007,train,"[291, 29, 95, 122, 161, 524, 463, 42, 189, 7]",salt mixed greens artichokes garlic olive oil parsley beets avocado vinegar cauliflower
dish_1556575446,103.299995,152.0,ingr_0000000012;ingr_0000000016;ingr_0000000034,train,"[12, 16, 34]",olives brussels sprouts celery
dish_1558723695,95.489998,90.0,ingr_0000000205,train,[205],corn on the cob
dish_1566934401,435.902863,344.0,ingr_0000000527;ingr_0000000542;ingr_0000000094;ingr_0000000033;ingr_0000000049;ingr_0000000095;ingr_0000000291;ingr_0000000011;ingr_0000000312;ingr_0000000524;ingr_0000000515;ingr_0000000102;ingr_0000000161;ingr_0000000122;ingr_0000000367,train,"[527, 542, 94, 33, 49, 95, 291, 11, 312, 524, 515, 102, 161, 122, 367]",chive white beans onions bell peppers fish artichokes salt cheese pizza pepper parsley arugula snow peas olive oil garlic lime
dish_1565711296,43.349998,110.0,ingr_0000000037;ingr_0000000440,train,"[37, 440]",cantaloupe grapes
dish_1560543525,83.43,187.0,ingr_0000000012;ingr_0000000032;ingr_0000000006,train,"[12, 32, 6]",olives tomatoes caesar salad
dish_1563389786,640.137939,564.0,ingr_0000000471;ingr_0000000045;ingr_0000000105;ingr_0000000033;ingr_0000000161;ingr_0000000094,train,"[471, 45, 105, 33, 161, 94]",cherry tomatoes carrot grilled chicken bell peppers olive oil onions
dish_1563481061,541.200073,350.0,ingr_0000000092;ingr_0000000341;ingr_0000000046;ingr_0000000094;ingr_0000000161;ingr_0000000122;ingr_0000000518;ingr_0000000291;ingr_0000000471;ingr_0000000074;ingr_0000000434;ingr_0000000517;ingr_0000000036;ingr_0000000189;ingr_0000000126;ingr_0000000031;ingr_0000000025;ingr_0000000070,train,"[92, 341, 46, 94, 161, 122, 518, 291, 471, 74, 434, 517, 36, 189, 126, 31, 25, 70]",wine cream mushroom onions olive oil garlic thyme salt cherry tomatoes pasta sour cream chard spinach (raw) vinegar mustard cucumbers beef figs
dish_1558459602,2.07,9.0,ingr_0000000036,train,[36],spinach (raw)
dish_1565118999,200.386719,288.0,ingr_0000000033;ingr_0000000094;ingr_0000000031;ingr_0000000030;ingr_0000000319;ingr_0000000012;ingr_0000000471;ingr_0000000338,train,"[33, 94, 31, 30, 319, 12, 471, 338]",bell peppers onions cucumbers lettuce feta cheese olives cherry tomatoes vinaigrette
dish_1562860700,23.5,47.0,ingr_0000000038,train,[38],pineapple
dish_1565711083,178.529999,33.0,ingr_0000000004,train,[4],bacon
dish_1566419603,382.924225,252.0,ingr_0000000006;ingr_0000000433;ingr_0000000043;ingr_0000000011;ingr_0000000161,train,"[6, 433, 43, 11, 161]",caesar salad roasted potatoes green beans cheese pizza olive oil
dish_1559319971,72.959999,96.0,ingr_0000000437,train,[437],sweet potato
dish_1558639907,10.440001,58.0,ingr_0000000471,train,[471],cherry tomatoes
dish_1564429808,380.679993,422.0,ingr_0000000291;ingr_0000000007;ingr_0000000448;ingr_0000000515;ingr_0000000524;ingr_0000000520;ingr_0000000518;ingr_0000000161;ingr_0000000045;ingr_0000000122;ingr_0000000312;ingr_0000000514;ingr_0000000462;ingr_0000000116;ingr_0000000152;ingr_0000000133;ingr_0000000377,train,"[291, 7, 448, 515, 524, 520, 518, 161, 45, 122, 312, 514, 462, 116, 152, 133, 377]",salt cauliflower jalapenos arugula parsley lemon juice thyme olive oil carrot garlic pepper wheat berry pork mayonnaise cabbage shallots quinoa
dish_1558725576,19.75,79.0,ingr_0000000007,train,[7],cauliflower
dish_1558109864,213.897003,37.0,ingr_0000000077,train,[77],almonds
dish_1566413469,459.663025,379.0,ingr_0000000028;ingr_0000000042;ingr_0000000012;ingr_0000000148;ingr_0000000036;ingr_0000000027,train,"[28, 42, 12, 148, 36, 27]",chicken avocado olives parmesan cheese spinach (raw) broccoli
dish_1558639138,22.139999,54.0,ingr_0000000045,train,[45],carrot
dish_1558029230,88.549995,115.0,ingr_0000000005,train,[5],potatoes
dish_1568649430,363.658203,327.0,ingr_0000000027;ingr_0000000013;ingr_0000000192;ingr_0000000437;ingr_0000000161;ingr_0000000008,train,"[27, 13, 192, 437, 161, 8]",broccoli berries yam sweet potato olive oil scrambled eggs
dish_1562698100,24.0219,83.0,ingr_0000000021;ingr_0000000161;ingr_0000000291,train,"[21, 161, 291]",squash olive oil salt
dish_1562011794,514.643005,364.0,ingr_0000000161;ingr_0000000462;ingr_0000000448;ingr_0000000312;ingr_0000000514;ingr_0000000152;ingr_0000000016;ingr_0000000045;ingr_0000000122;ingr_0000000472;ingr_0000000524;ingr_0000000520;ingr_0000000291;ingr_0000000116,train,"[161, 462, 448, 312, 514, 152, 16, 45, 122, 472, 524, 520, 291, 116]",olive oil pork jalapenos pepper wheat berry cabbage brussels sprouts carrot garlic couscous parsley lemon juice salt mayonnaise
dish_1561736715,161.320007,109.0,ingr_0000000008,train,[8],scrambled eggs
dish_1565379320,404.011017,247.0,ingr_0000000462;ingr_0000000525;ingr_0000000312;ingr_0000000291;ingr_0000000328;ingr_0000000026;ingr_0000000122;ingr_0000000508;ingr_0000000045;ingr_0000000161,train,"[462, 525, 312, 291, 328, 26, 122, 508, 45, 161]",pork bok choy pepper salt sugar white rice garlic soy sauce carrot olive oil
dish_1561577549,130.340012,49.0,ingr_0000000380,train,[380],pizza
dish_1562613867,83.886055,57.0,ingr_0000000291;ingr_0000000153;ingr_0000000524;ingr_0000000473;ingr_0000000133;ingr_0000000526;ingr_0000000161;ingr_0000000515;ingr_0000000520;ingr_0000000054;ingr_0000000122,train,"[291, 153, 524, 473, 133, 526, 161, 515, 520, 54, 122]",salt bulgur parsley cranberries shallots mustard greens olive oil arugula lemon juice apple garlic
dish_1563393403,103.154633,216.0,ingr_0000000523;ingr_0000000520;ingr_0000000377;ingr_0000000312;ingr_0000000122;ingr_0000000027;ingr_0000000291;ingr_0000000094;ingr_0000000485;ingr_0000000161;ingr_0000000021;ingr_0000000515;ingr_0000000448;ingr_0000000541;ingr_0000000049,train,"[523, 520, 377, 312, 122, 27, 291, 94, 485, 161, 21, 515, 448, 541, 49]",cilantro lemon juice quinoa pepper garlic broccoli salt onions zucchini olive oil squash arugula jalapenos tomatillo fish
dish_1567021864,342.875641,262.0,ingr_0000000049;ingr_0000000312;ingr_0000000201;ingr_0000000189;ingr_0000000072;ingr_0000000520;ingr_0000000524;ingr_0000000124;ingr_0000000527;ingr_0000000291;ingr_0000000471;ingr_0000000514;ingr_0000000517;ingr_0000000380;ingr_0000000515;ingr_0000000126;ingr_0000000161;ingr_0000000133;ingr_0000000122,train,"[49, 312, 201, 189, 72, 520, 524, 124, 527, 291, 471, 514, 517, 380, 515, 126, 161, 133, 122]",fish pepper blueberries vinegar kale lemon juice parsley walnuts chive salt cherry tomatoes wheat berry chard pizza arugula mustard olive oil shallots garlic
dish_1558637423,948.859009,409.0,ingr_0000000205;ingr_0000000440;ingr_0000000054;ingr_0000000077,train,"[205, 440, 54, 77]",corn on the cob grapes apple almonds
dish_1568315088,582.370361,423.0,ingr_0000000122;ingr_0000000523;ingr_0000000094;ingr_0000000042;ingr_0000000012;ingr_0000000332;ingr_0000000377;ingr_0000000367;ingr_0000000291;ingr_0000000203;ingr_0000000511;ingr_0000000133;ingr_0000000161;ingr_0000000520;ingr_0000000540;ingr_0000000448;ingr_0000000036;ingr_0000000023;ingr_0000000189;ingr_0000000032;ingr_0000000046;ingr_0000000525;ingr_0000000513;ingr_0000000025,train,"[122, 523, 94, 42, 12, 332, 377, 367, 291, 203, 511, 133, 161, 520, 540, 448, 36, 23, 189, 32, 46, 525, 513, 25]",garlic cilantro onions avocado olives salmon quinoa lime salt chili spinach (cooked) shallots olive oil lemon juice ginger jalapenos spinach (raw) brown rice vinegar tomatoes mushroom bok choy millet beef
dish_1562615103,94.288544,110.0,ingr_0000000054;ingr_0000000291;ingr_0000000070;ingr_0000000520;ingr_0000000526;ingr_0000000161;ingr_0000000021;ingr_0000000515;ingr_0000000425,train,"[54, 291, 70, 520, 526, 161, 21, 515, 425]",apple salt figs lemon juice mustard greens olive oil squash arugula goat cheese
dish_1561748274,558.514648,260.0,ingr_0000000122;ingr_0000000094;ingr_0000000203;ingr_0000000291;ingr_0000000060;ingr_0000000523;ingr_0000000161;ingr_0000000155;ingr_0000000052;ingr_0000000032,train,"[122, 94, 203, 291, 60, 523, 161, 155, 52, 32]",garlic onions chili salt tortilla cilantro olive oil chicken thighs cheese tomatoes
dish_1558632198,16.796001,26.0,ingr_0000000003,train,[3],garden salad
dish_1563824155,455.727905,361.0,ingr_0000000122;ingr_0000000342;ingr_0000000027;ingr_0000000291;ingr_0000000485;ingr_0000000021;ingr_0000000161;ingr_0000000514;ingr_0000000367;ingr_0000000010;ingr_0000000312;ingr_0000000007;ingr_0000000472,train,"[122, 342, 27, 291, 485, 21, 161, 514, 367, 10, 312, 7, 472]",garlic turnips broccoli salt zucchini squash olive oil wheat berry lime steak pepper cauliflower couscous
dish_1565641885,254.215988,139.0,ingr_0000000011;ingr_0000000014,train,"[11, 14]",cheese pizza asparagus
dish_1568318408,907.119995,563.0,ingr_0000000029;ingr_0000000028;ingr_0000000027;ingr_0000000010,train,"[29, 28, 27, 10]",mixed greens chicken broccoli steak
dish_1558639683,16.02,89.0,ingr_0000000471,train,[471],cherry tomatoes
dish_1568044528,145.463409,233.0,ingr_0000000437;ingr_0000000161;ingr_0000000121,train,"[437, 161, 121]",sweet potato olive oil watermelon
dish_1563208129,426.711243,291.0,ingr_0000000192;ingr_0000000437;ingr_0000000161;ingr_0000000008,train,"[192, 437, 161, 8]",yam sweet potato olive oil scrambled eggs
dish_1558029278,146.069992,27.0,ingr_0000000004,train,[4],bacon
dish_1558641391,19.719999,58.0,ingr_0000000037,train,[37],cantaloupe
dish_1558640450,80.079994,154.0,ingr_0000000054,train,[54],apple
dish_1562956510,221.167068,199.0,ingr_0000000462;ingr_0000000050;ingr_0000000312;ingr_0000000026;ingr_0000000525;ingr_0000000122;ingr_0000000508;ingr_0000000291;ingr_0000000328,train,"[462, 50, 312, 26, 525, 122, 508, 291, 328]",pork tofu pepper white rice bok choy garlic soy sauce salt sugar
dish_1563997386,215.884918,238.0,ingr_0000000201;ingr_0000000189;ingr_0000000036;ingr_0000000312;ingr_0000000291;ingr_0000000045;ingr_0000000161;ingr_0000000077;ingr_0000000524;ingr_0000000126,train,"[201, 189, 36, 312, 291, 45, 161, 77, 524, 126]",blueberries vinegar spinach (raw) pepper salt carrot olive oil almonds parsley mustard
dish_1558724891,83.719994,161.0,ingr_0000000054,train,[54],apple
dish_1559678083,75.812004,66.0,ingr_0000000161;ingr_0000000031;ingr_0000000291;ingr_0000000524;ingr_0000000045;ingr_0000000029;ingr_0000000122;ingr_0000000471;ingr_0000000189,train,"[161, 31, 291, 524, 45, 29, 122, 471, 189]",olive oil cucumbers salt parsley carrot mixed greens garlic cherry tomatoes vinegar
dish_1563823390,670.170288,372.0,ingr_0000000007;ingr_0000000189;ingr_0000000010;ingr_0000000043;ingr_0000000514;ingr_0000000161;ingr_0000000508;ingr_0000000027;ingr_0000000122;ingr_0000000026;ingr_0000000028;ingr_0000000050;ingr_0000000540;ingr_0000000036;ingr_0000000367;ingr_0000000291;ingr_0000000535,train,"[7, 189, 10, 43, 514, 161, 508, 27, 122, 26, 28, 50, 540, 36, 367, 291, 535]",cauliflower vinegar steak green beans wheat berry olive oil soy sauce broccoli garlic white rice chicken tofu ginger spinach (raw) lime salt green onions
dish_1565117962,379.915985,304.0,ingr_0000000244;ingr_0000000033;ingr_0000000402,train,"[244, 33, 402]",chicken breast bell peppers tuna
dish_1566934487,553.040955,468.0,ingr_0000000049;ingr_0000000542;ingr_0000000007;ingr_0000000122;ingr_0000000524;ingr_0000000161;ingr_0000000033;ingr_0000000527;ingr_0000000367;ingr_0000000312;ingr_0000000525;ingr_0000000455;ingr_0000000515;ingr_0000000102;ingr_0000000094;ingr_0000000095;ingr_0000000291;ingr_0000000011,train,"[49, 542, 7, 122, 524, 161, 33, 527, 367, 312, 525, 455, 515, 102, 94, 95, 291, 11]",fish white beans cauliflower garlic parsley olive oil bell peppers chive lime pepper bok choy cookies arugula snow peas onions artichokes salt cheese pizza
dish_1558629517,263.218994,167.0,ingr_0000000007;ingr_0000000032;ingr_0000000077,train,"[7, 32, 77]",cauliflower tomatoes almonds
dish_1558629677,73.839996,142.0,ingr_0000000054,train,[54],apple
dish_1566413510,751.383057,412.0,ingr_0000000036;ingr_0000000148;ingr_0000000161;ingr_0000000028;ingr_0000000042;ingr_0000000012;ingr_0000000027,train,"[36, 148, 161, 28, 42, 12, 27]",spinach (raw) parmesan cheese olive oil chicken avocado olives broccoli
dish_1558029842,22.780001,67.0,ingr_0000000037,train,[37],cantaloupe
dish_1568320338,390.180786,163.0,ingr_0000000161;ingr_0000000094;ingr_0000000011;ingr_0000000513;ingr_0000000511;ingr_0000000133;ingr_0000000291;ingr_0000000525;ingr_0000000025;ingr_0000000189,train,"[161, 94, 11, 513, 511, 133, 291, 525, 25, 189]",olive oil onions cheese pizza millet spinach (cooked) shallots salt bok choy beef vinegar
dish_1566332154,401.049988,425.0,ingr_0000000036;ingr_0000000031;ingr_0000000012;ingr_0000000028,train,"[36, 31, 12, 28]",spinach (raw) cucumbers olives chicken
dish_1563824092,36.279591,135.0,ingr_0000000027;ingr_0000000485;ingr_0000000291;ingr_0000000161;ingr_0000000021;ingr_0000000342;ingr_0000000312,train,"[27, 485, 291, 161, 21, 342, 312]",broccoli zucchini salt olive oil squash turnips pepper
dish_1558630814,196.554001,34.0,ingr_0000000077,train,[77],almonds
dish_1566331828,349.583069,306.0,ingr_0000000028;ingr_0000000513;ingr_0000000312;ingr_0000000036;ingr_0000000448;ingr_0000000016;ingr_0000000161;ingr_0000000094;ingr_0000000122;ingr_0000000291;ingr_0000000032;ingr_0000000033,train,"[28, 513, 312, 36, 448, 16, 161, 94, 122, 291, 32, 33]",chicken millet pepper spinach (raw) jalapenos brussels sprouts olive oil onions garlic salt tomatoes bell peppers
dish_1559581378,705.734741,372.0,ingr_0000000094;ingr_0000000031;ingr_0000000161;ingr_0000000029;ingr_0000000471;ingr_0000000367;ingr_0000000030;ingr_0000000179;ingr_0000000291;ingr_0000000312;ingr_0000000039;ingr_0000000027;ingr_0000000189;ingr_0000000004,train,"[94, 31, 161, 29, 471, 367, 30, 179, 291, 312, 39, 27, 189, 4]",onions cucumbers olive oil mixed greens cherry tomatoes lime lettuce eggs salt pepper sausage broccoli vinegar bacon
dish_1567537252,464.459564,303.0,ingr_0000000312;ingr_0000000026;ingr_0000000072;ingr_0000000161;ingr_0000000508;ingr_0000000203;ingr_0000000291;ingr_0000000189;ingr_0000000025;ingr_0000000094;ingr_0000000045;ingr_0000000498;ingr_0000000122;ingr_0000000027;ingr_0000000535,train,"[312, 26, 72, 161, 508, 203, 291, 189, 25, 94, 45, 498, 122, 27, 535]",pepper white rice kale olive oil soy sauce chili salt vinegar beef onions carrot orange juice garlic broccoli green onions
dish_1563565720,84.662781,149.0,ingr_0000000133;ingr_0000000527;ingr_0000000291;ingr_0000000072;ingr_0000000520;ingr_0000000524;ingr_0000000161;ingr_0000000514;ingr_0000000517;ingr_0000000046;ingr_0000000471;ingr_0000000049;ingr_0000000122,train,"[133, 527, 291, 72, 520, 524, 161, 514, 517, 46, 471, 49, 122]",shallots chive salt kale lemon juice parsley olive oil wheat berry chard mushroom cherry tomatoes fish garlic
dish_1558720335,15.64,46.0,ingr_0000000037,train,[37],cantaloupe
dish_1563305837,11.431157,14.0,ingr_0000000072;ingr_0000000306;ingr_0000000140;ingr_0000000148,train,"[72, 306, 140, 148]",kale croutons caesar dressing parmesan cheese
dish_1564590254,248.535843,432.0,ingr_0000000038;ingr_0000000121;ingr_0000000013;ingr_0000000037;ingr_0000000437;ingr_0000000161,train,"[38, 121, 13, 37, 437, 161]",pineapple watermelon berries cantaloupe sweet potato olive oil
dish_1563550976,284.690002,165.0,ingr_0000000004;ingr_0000000052;ingr_0000000008;ingr_0000000433,train,"[4, 52, 8, 433]",bacon cheese scrambled eggs roasted potatoes
dish_1565711183,460.42337,461.0,ingr_0000000041;ingr_0000000338;ingr_0000000004;ingr_0000000294;ingr_0000000029;ingr_0000000128;ingr_0000000291;ingr_0000000040;ingr_0000000312;ingr_0000000016;ingr_0000000161,train,"[41, 338, 4, 294, 29, 128, 291, 40, 312, 16, 161]",blackberries vinaigrette bacon granola mixed greens egg whites salt raspberries pepper brussels sprouts olive oil
dish_1558640105,77.453003,73.0,ingr_0000000205,train,[205],corn on the cob
dish_1567629106,292.549988,211.0,ingr_0000000006;ingr_0000000011,train,"[6, 11]",caesar salad cheese pizza
dish_1562094877,234.576111,155.0,ingr_0000000377;ingr_0000000021;ingr_0000000335;ingr_0000000046;ingr_0000000511;ingr_0000000133;ingr_0000000122;ingr_0000000092;ingr_0000000291;ingr_0000000520;ingr_0000000161;ingr_0000000155,train,"[377, 21, 335, 46, 511, 133, 122, 92, 291, 520, 161, 155]",quinoa squash eggplant mushroom spinach (cooked) shallots garlic wine salt lemon juice olive oil chicken thighs
dish_1566417442,93.830536,158.0,ingr_0000000335;ingr_0000000189;ingr_0000000471;ingr_0000000291;ingr_0000000029;ingr_0000000528;ingr_0000000126;ingr_0000000161,train,"[335, 189, 471, 291, 29, 528, 126, 161]",eggplant vinegar cherry tomatoes salt mixed greens celery root mustard olive oil
dish_1565810237,349.866394,306.0,ingr_0000000520;ingr_0000000367;ingr_0000000291;ingr_0000000203;ingr_0000000122;ingr_0000000050;ingr_0000000152;ingr_0000000531;ingr_0000000161;ingr_0000000126;ingr_0000000032;ingr_0000000033;ingr_0000000030;ingr_0000000045;ingr_0000000029;ingr_0000000238;ingr_0000000524;ingr_0000000515;ingr_0000000189;ingr_0000000448;ingr_0000000155,train,"[520, 367, 291, 203, 122, 50, 152, 531, 161, 126, 32, 33, 30, 45, 29, 238, 524, 515, 189, 448, 155]",lemon juice lime salt chili garlic tofu cabbage pumpkin seeds olive oil mustard tomatoes bell peppers lettuce carrot mixed greens hominy parsley arugula vinegar jalapenos chicken thighs
dish_1560455203,115.100845,188.0,ingr_0000000029;ingr_0000000045;ingr_0000000030;ingr_0000000531;ingr_0000000126;ingr_0000000161;ingr_0000000189;ingr_0000000515;ingr_0000000043;ingr_0000000112;ingr_0000000291,train,"[29, 45, 30, 531, 126, 161, 189, 515, 43, 112, 291]",mixed greens carrot lettuce pumpkin seeds mustard olive oil vinegar arugula green beans honeydew melons salt
dish_1561740321,52.980408,28.0,ingr_0000000033;ingr_0000000122;ingr_0000000291;ingr_0000000161;ingr_0000000031;ingr_0000000126;ingr_0000000189;ingr_0000000073,train,"[33, 122, 291, 161, 31, 126, 189, 73]",bell peppers garlic salt olive oil cucumbers mustard vinegar radishes
dish_1558636980,222.778,397.0,ingr_0000000054;ingr_0000000440;ingr_0000000045;ingr_0000000471;ingr_0000000077,train,"[54, 440, 45, 471, 77]",apple grapes carrot cherry tomatoes almonds
dish_1562949242,139.558533,119.0,ingr_0000000004;ingr_0000000037;ingr_0000000161;ingr_0000000437,train,"[4, 37, 161, 437]",bacon cantaloupe olive oil sweet potato
dish_1562094931,376.749084,282.0,ingr_0000000122;ingr_0000000133;ingr_0000000515;ingr_0000000046;ingr_0000000033;ingr_0000000155;ingr_0000000542;ingr_0000000021;ingr_0000000094;ingr_0000000161;ingr_0000000102;ingr_0000000520;ingr_0000000524;ingr_0000000367;ingr_0000000312;ingr_0000000511;ingr_0000000092;ingr_0000000049;ingr_0000000377;ingr_0000000335;ingr_0000000291;ingr_0000000095;ingr_0000000527,train,"[122, 133, 515, 46, 33, 155, 542, 21, 94, 161, 102, 520, 524, 367, 312, 511, 92, 49, 377, 335, 291, 95, 527]",garlic shallots arugula mushroom bell peppers chicken thighs white beans squash onions olive oil snow peas lemon juice parsley lime pepper spinach (cooked) wine fish quinoa eggplant salt artichokes chive
dish_1564083480,259.701996,133.0,ingr_0000000105;ingr_0000000012,train,"[105, 12]",grilled chicken olives
dish_1560441311,190.400009,93.0,ingr_0000000525;ingr_0000000004;ingr_0000000377;ingr_0000000005,train,"[525, 4, 377, 5]",bok choy bacon quinoa potatoes
dish_1562605384,306.192841,262.0,ingr_0000000016;ingr_0000000008;ingr_0000000161;ingr_0000000312;ingr_0000000437;ingr_0000000291,train,"[16, 8, 161, 312, 437, 291]",brussels sprouts scrambled eggs olive oil pepper sweet potato salt
dish_1567526845,448.149994,709.0,ingr_0000000161;ingr_0000000128;ingr_0000000121;ingr_0000000192;ingr_0000000437;ingr_0000000013,train,"[161, 128, 121, 192, 437, 13]",olive oil egg whites watermelon yam sweet potato berries
dish_1568060616,17.08,61.0,ingr_0000000029,train,[29],mixed greens
dish_1568666357,751.679993,603.0,ingr_0000000028;ingr_0000000095;ingr_0000000030;ingr_0000000027;ingr_0000000546;ingr_0000000161,train,"[28, 95, 30, 27, 546, 161]",chicken artichokes lettuce broccoli balsamic vinegar olive oil
dish_1559678104,99.962006,135.0,ingr_0000000031;ingr_0000000161;ingr_0000000524;ingr_0000000122;ingr_0000000045;ingr_0000000029;ingr_0000000291;ingr_0000000471;ingr_0000000027;ingr_0000000189,train,"[31, 161, 524, 122, 45, 29, 291, 471, 27, 189]",cucumbers olive oil parsley garlic carrot mixed greens salt cherry tomatoes broccoli vinegar
dish_1563553735,114.385803,88.0,ingr_0000000338;ingr_0000000040;ingr_0000000029;ingr_0000000294;ingr_0000000041,train,"[338, 40, 29, 294, 41]",vinaigrette raspberries mixed greens granola blackberries
dish_1559934708,202.445465,178.0,ingr_0000000122;ingr_0000000377;ingr_0000000291;ingr_0000000046;ingr_0000000161;ingr_0000000155;ingr_0000000335;ingr_0000000021;ingr_0000000026;ingr_0000000520;ingr_0000000092;ingr_0000000133;ingr_0000000511;ingr_0000000006,train,"[122, 377, 291, 46, 161, 155, 335, 21, 26, 520, 92, 133, 511, 6]",garlic quinoa salt mushroom olive oil chicken thighs eggplant squash white rice lemon juice wine shallots spinach (cooked) caesar salad
dish_1564590352,497.915833,962.0,ingr_0000000038;ingr_0000000037;ingr_0000000475;ingr_0000000121;ingr_0000000161;ingr_0000000437;ingr_0000000013;ingr_0000000128,train,"[38, 37, 475, 121, 161, 437, 13, 128]",pineapple cantaloupe salsa watermelon olive oil sweet potato berries egg whites
dish_1559848929,189.292007,321.0,ingr_0000000213;ingr_0000000440;ingr_0000000507,train,"[213, 440, 507]",pears grapes mandarin oranges
dish_1559674866,125.660004,303.0,ingr_0000000112;ingr_0000000440;ingr_0000000006,train,"[112, 440, 6]",honeydew melons grapes caesar salad
dish_1566502033,136.217773,253.0,ingr_0000000205;ingr_0000000525;ingr_0000000161,train,"[205, 525, 161]",corn on the cob bok choy olive oil
dish_1565637608,422.28891,278.0,ingr_0000000026;ingr_0000000036;ingr_0000000148;ingr_0000000462;ingr_0000000516;ingr_0000000524;ingr_0000000291;ingr_0000000122;ingr_0000000377;ingr_0000000244;ingr_0000000515;ingr_0000000471;ingr_0000000514;ingr_0000000094;ingr_0000000161;ingr_0000000518;ingr_0000000485;ingr_0000000038,train,"[26, 36, 148, 462, 516, 524, 291, 122, 377, 244, 515, 471, 514, 94, 161, 518, 485, 38]",white rice spinach (raw) parmesan cheese pork rosemary parsley salt garlic quinoa chicken breast arugula cherry tomatoes wheat berry onions olive oil thyme zucchini pineapple
dish_1558722103,304.841003,368.0,ingr_0000000471;ingr_0000000007;ingr_0000000054;ingr_0000000037;ingr_0000000077,train,"[471, 7, 54, 37, 77]",cherry tomatoes cauliflower apple cantaloupe almonds
dish_1564503184,97.379997,18.0,ingr_0000000004,train,[4],bacon
dish_1561664977,14.57,47.0,ingr_0000000043,train,[43],green beans
dish_1558641989,13.75,55.0,ingr_0000000007,train,[7],cauliflower
dish_1562784388,465.636475,358.0,ingr_0000000133;ingr_0000000054;ingr_0000000335;ingr_0000000205;ingr_0000000413;ingr_0000000473;ingr_0000000520;ingr_0000000291;ingr_0000000515;ingr_0000000524;ingr_0000000380;ingr_0000000161;ingr_0000000526;ingr_0000000122;ingr_0000000153,train,"[133, 54, 335, 205, 413, 473, 520, 291, 515, 524, 380, 161, 526, 122, 153]",shallots apple eggplant corn on the cob pilaf cranberries lemon juice salt arugula parsley pizza olive oil mustard greens garlic bulgur
dish_1560270537,24.0,48.0,ingr_0000000038,train,[38],pineapple
dish_1564516732,26.545507,54.0,ingr_0000000045;ingr_0000000161;ingr_0000000291;ingr_0000000312,train,"[45, 161, 291, 312]",carrot olive oil salt pepper
dish_1559585533,12.95,37.0,ingr_0000000027,train,[27],broccoli
dish_1558633221,176.878998,449.0,ingr_0000000205;ingr_0000000471;ingr_0000000054;ingr_0000000007;ingr_0000000045,train,"[205, 471, 54, 7, 45]",corn on the cob cherry tomatoes apple cauliflower carrot
dish_1559245920,14.25,57.0,ingr_0000000007,train,[7],cauliflower
dish_1563820834,308.89444,311.0,ingr_0000000028;ingr_0000000508;ingr_0000000043;ingr_0000000036;ingr_0000000161;ingr_0000000485;ingr_0000000535;ingr_0000000291;ingr_0000000027;ingr_0000000026;ingr_0000000540;ingr_0000000189;ingr_0000000021;ingr_0000000380;ingr_0000000122,train,"[28, 508, 43, 36, 161, 485, 535, 291, 27, 26, 540, 189, 21, 380, 122]",chicken soy sauce green beans spinach (raw) olive oil zucchini green onions salt broccoli white rice ginger vinegar squash pizza garlic
dish_1561662948,293.605499,230.0,ingr_0000000029;ingr_0000000161;ingr_0000000524;ingr_0000000520;ingr_0000000023;ingr_0000000205;ingr_0000000189;ingr_0000000028;ingr_0000000513;ingr_0000000527;ingr_0000000122;ingr_0000000291;ingr_0000000045;ingr_0000000094;ingr_0000000516;ingr_0000000521;ingr_0000000043;ingr_0000000517;ingr_0000000054,train,"[29, 161, 524, 520, 23, 205, 189, 28, 513, 527, 122, 291, 45, 94, 516, 521, 43, 517, 54]",mixed greens olive oil parsley lemon juice brown rice corn on the cob vinegar chicken millet chive garlic salt carrot onions rosemary basil green beans chard apple
dish_1558459020,10.98,61.0,ingr_0000000471,train,[471],cherry tomatoes
dish_1558721434,99.900002,350.0,ingr_0000000471;ingr_0000000045;ingr_0000000007;ingr_0000000037,train,"[471, 45, 7, 37]",cherry tomatoes carrot cauliflower cantaloupe
dish_1562785184,290.397949,390.0,ingr_0000000291;ingr_0000000535;ingr_0000000122;ingr_0000000006;ingr_0000000534;ingr_0000000161;ingr_0000000094;ingr_0000000335;ingr_0000000049,train,"[291, 535, 122, 6, 534, 161, 94, 335, 49]",salt green onions garlic caesar salad country rice olive oil onions eggplant fish
dish_1559678127,108.642006,170.0,ingr_0000000189;ingr_0000000524;ingr_0000000335;ingr_0000000471;ingr_0000000291;ingr_0000000122;ingr_0000000045;ingr_0000000029;ingr_0000000161;ingr_0000000027;ingr_0000000031,train,"[189, 524, 335, 471, 291, 122, 45, 29, 161, 27, 31]",vinegar parsley eggplant cherry tomatoes salt garlic carrot mixed greens olive oil broccoli cucumbers
dish_1558372650,57.27,83.0,ingr_0000000440,train,[440],grapes
dish_1563827425,60.720001,138.0,ingr_0000000006,train,[6],caesar salad
dish_1563220767,265.894379,130.0,ingr_0000000462;ingr_0000000161;ingr_0000000515;ingr_0000000026;ingr_0000000291;ingr_0000000516;ingr_0000000122;ingr_0000000094;ingr_0000000524;ingr_0000000485,train,"[462, 161, 515, 26, 291, 516, 122, 94, 524, 485]",pork olive oil arugula white rice salt rosemary garlic onions parsley zucchini
dish_1562959059,365.76358,216.0,ingr_0000000122;ingr_0000000523;ingr_0000000291;ingr_0000000380;ingr_0000000094;ingr_0000000520;ingr_0000000161;ingr_0000000448;ingr_0000000312;ingr_0000000049;ingr_0000000515;ingr_0000000377;ingr_0000000541;ingr_0000000433,train,"[122, 523, 291, 380, 94, 520, 161, 448, 312, 49, 515, 377, 541, 433]",garlic cilantro salt pizza onions lemon juice olive oil jalapenos pepper fish arugula quinoa tomatillo roasted potatoes
dish_1565378770,319.280365,287.0,ingr_0000000462;ingr_0000000514;ingr_0000000312;ingr_0000000525;ingr_0000000045;ingr_0000000508;ingr_0000000122;ingr_0000000291;ingr_0000000328;ingr_0000000026;ingr_0000000161,train,"[462, 514, 312, 525, 45, 508, 122, 291, 328, 26, 161]",pork wheat berry pepper bok choy carrot soy sauce garlic salt sugar white rice olive oil
dish_1559678651,107.856659,122.0,ingr_0000000113;ingr_0000000448;ingr_0000000049;ingr_0000000291;ingr_0000000033;ingr_0000000026;ingr_0000000523;ingr_0000000133;ingr_0000000367;ingr_0000000161;ingr_0000000072;ingr_0000000094;ingr_0000000006,train,"[113, 448, 49, 291, 33, 26, 523, 133, 367, 161, 72, 94, 6]",ketchup jalapenos fish salt bell peppers white rice cilantro shallots lime olive oil kale onions caesar salad
dish_1562085163,279.929993,144.0,ingr_0000000008;ingr_0000000004,train,"[8, 4]",scrambled eggs bacon
dish_1562008738,64.066612,109.0,ingr_0000000515;ingr_0000000517;ingr_0000000189;ingr_0000000007;ingr_0000000122;ingr_0000000291;ingr_0000000161;ingr_0000000126;ingr_0000000082;ingr_0000000201,train,"[515, 517, 189, 7, 122, 291, 161, 126, 82, 201]",arugula chard vinegar cauliflower garlic salt olive oil mustard pecans blueberries
dish_1562950091,550.981995,290.0,ingr_0000000433;ingr_0000000008;ingr_0000000039,train,"[433, 8, 39]",roasted potatoes scrambled eggs sausage
dish_1565812146,72.94017,93.0,ingr_0000000291;ingr_0000000124;ingr_0000000161;ingr_0000000126;ingr_0000000189;ingr_0000000517;ingr_0000000201;ingr_0000000515;ingr_0000000038;ingr_0000000312,train,"[291, 124, 161, 126, 189, 517, 201, 515, 38, 312]",salt walnuts olive oil mustard vinegar chard blueberries arugula pineapple pepper
dish_1562095340,718.957397,381.0,ingr_0000000031;ingr_0000000094;ingr_0000000161;ingr_0000000126;ingr_0000000122;ingr_0000000291;ingr_0000000457;ingr_0000000036;ingr_0000000189;ingr_0000000380,train,"[31, 94, 161, 126, 122, 291, 457, 36, 189, 380]",cucumbers onions olive oil mustard garlic salt sun dried tomatoes spinach (raw) vinegar pizza
dish_1561740353,75.42041,96.0,ingr_0000000033;ingr_0000000122;ingr_0000000002;ingr_0000000031;ingr_0000000126;ingr_0000000291;ingr_0000000161;ingr_0000000189;ingr_0000000073,train,"[33, 122, 2, 31, 126, 291, 161, 189, 73]",bell peppers garlic strawberries cucumbers mustard salt olive oil vinegar radishes
dish_1560802048,47.213894,83.0,ingr_0000000021;ingr_0000000161;ingr_0000000291;ingr_0000000148;ingr_0000000306;ingr_0000000072;ingr_0000000140,train,"[21, 161, 291, 148, 306, 72, 140]",squash olive oil salt parmesan cheese croutons kale caesar dressing
dish_1564429744,282.477234,374.0,ingr_0000000524;ingr_0000000518;ingr_0000000122;ingr_0000000133;ingr_0000000161;ingr_0000000520;ingr_0000000515;ingr_0000000291;ingr_0000000007;ingr_0000000377,train,"[524, 518, 122, 133, 161, 520, 515, 291, 7, 377]",parsley thyme garlic shallots olive oil lemon juice arugula salt cauliflower quinoa
dish_1562691409,225.98999,164.0,ingr_0000000192;ingr_0000000008,train,"[192, 8]",yam scrambled eggs
dish_1564516454,311.142975,266.0,ingr_0000000102;ingr_0000000524;ingr_0000000161;ingr_0000000527;ingr_0000000367;ingr_0000000291;ingr_0000000049;ingr_0000000312;ingr_0000000244;ingr_0000000542;ingr_0000000515;ingr_0000000094;ingr_0000000095;ingr_0000000122;ingr_0000000033;ingr_0000000471;ingr_0000000012,train,"[102, 524, 161, 527, 367, 291, 49, 312, 244, 542, 515, 94, 95, 122, 33, 471, 12]",snow peas parsley olive oil chive lime salt fish pepper chicken breast white beans arugula onions artichokes garlic bell peppers cherry tomatoes olives
dish_1562183065,16.5,75.0,ingr_0000000046,train,[46],mushroom
dish_1564685183,127.107117,150.0,ingr_0000000367;ingr_0000000471;ingr_0000000291;ingr_0000000312;ingr_0000000094;ingr_0000000043;ingr_0000000031;ingr_0000000189;ingr_0000000161;ingr_0000000029;ingr_0000000030,train,"[367, 471, 291, 312, 94, 43, 31, 189, 161, 29, 30]",lime cherry tomatoes salt pepper onions green beans cucumbers vinegar olive oil mixed greens lettuce
dish_1558724658,138.360001,364.0,ingr_0000000016;ingr_0000000112;ingr_0000000027,train,"[16, 112, 27]",brussels sprouts honeydew melons broccoli
dish_1561579902,406.397736,247.0,ingr_0000000161;ingr_0000000516;ingr_0000000520;ingr_0000000441;ingr_0000000312;ingr_0000000517;ingr_0000000511;ingr_0000000133;ingr_0000000028;ingr_0000000513;ingr_0000000525;ingr_0000000124;ingr_0000000046;ingr_0000000514;ingr_0000000518;ingr_0000000094;ingr_0000000521;ingr_0000000012;ingr_0000000291;ingr_0000000122;ingr_0000000428;ingr_0000000126;ingr_0000000201;ingr_0000000025;ingr_0000000515;ingr_0000000189;ingr_0000000519;ingr_0000000341,train,"[161, 516, 520, 441, 312, 517, 511, 133, 28, 513, 525, 124, 46, 514, 518, 94, 521, 12, 291, 122, 428, 126, 201, 25, 515, 189, 519, 341]",olive oil rosemary lemon juice butter pepper chard spinach (cooked) shallots chicken millet bok choy walnuts mushroom wheat berry thyme onions basil olives salt garlic white wine mustard blueberries beef arugula vinegar oregano cream
dish_1561492228,648.180298,488.0,ingr_0000000471;ingr_0000000201;ingr_0000000448;ingr_0000000189;ingr_0000000312;ingr_0000000028;ingr_0000000524;ingr_0000000291;ingr_0000000520;ingr_0000000032;ingr_0000000126;ingr_0000000161;ingr_0000000527;ingr_0000000133;ingr_0000000036;ingr_0000000517;ingr_0000000073;ingr_0000000513;ingr_0000000033;ingr_0000000122;ingr_0000000049;ingr_0000000194;ingr_0000000094;ingr_0000000514,train,"[471, 201, 448, 189, 312, 28, 524, 291, 520, 32, 126, 161, 527, 133, 36, 517, 73, 513, 33, 122, 49, 194, 94, 514]",cherry tomatoes blueberries jalapenos vinegar pepper chicken parsley salt lemon juice tomatoes mustard olive oil chive shallots spinach (raw) chard radishes millet bell peppers garlic fish fried rice onions wheat berry
dish_1558629715,100.539993,247.0,ingr_0000000054;ingr_0000000007;ingr_0000000029,train,"[54, 7, 29]",apple cauliflower mixed greens
dish_1561736736,356.080017,145.0,ingr_0000000008;ingr_0000000004,train,"[8, 4]",scrambled eggs bacon
dish_1558113154,37.259998,54.0,ingr_0000000440,train,[440],grapes
dish_1561392430,208.746002,149.0,ingr_0000000039;ingr_0000000027;ingr_0000000002,train,"[39, 27, 2]",sausage broccoli strawberries
dish_1562872981,268.319641,288.0,ingr_0000000367;ingr_0000000291;ingr_0000000472;ingr_0000000045;ingr_0000000161;ingr_0000000539;ingr_0000000434;ingr_0000000515;ingr_0000000538;ingr_0000000047;ingr_0000000049;ingr_0000000471;ingr_0000000524;ingr_0000000122;ingr_0000000527;ingr_0000000312,train,"[367, 291, 472, 45, 161, 539, 434, 515, 538, 47, 49, 471, 524, 122, 527, 312]",lime salt couscous carrot olive oil nopales sour cream arugula jicama corn fish cherry tomatoes parsley garlic chive pepper
dish_1559846528,322.726013,267.0,ingr_0000000213;ingr_0000000027;ingr_0000000077,train,"[213, 27, 77]",pears broccoli almonds
dish_1568666230,55.800003,268.0,ingr_0000000030;ingr_0000000027,train,"[30, 27]",lettuce broccoli
dish_1563551006,357.669189,213.0,ingr_0000000008;ingr_0000000052;ingr_0000000004;ingr_0000000433;ingr_0000000534,train,"[8, 52, 4, 433, 534]",scrambled eggs cheese bacon roasted potatoes country rice
dish_1566936266,220.955551,146.0,ingr_0000000511;ingr_0000000133;ingr_0000000092;ingr_0000000520;ingr_0000000161;ingr_0000000155;ingr_0000000021;ingr_0000000335;ingr_0000000377;ingr_0000000046;ingr_0000000291;ingr_0000000122,train,"[511, 133, 92, 520, 161, 155, 21, 335, 377, 46, 291, 122]",spinach (cooked) shallots wine lemon juice olive oil chicken thighs squash eggplant quinoa mushroom salt garlic
dish_1568044496,35.400002,118.0,ingr_0000000121,train,[121],watermelon
dish_1561146758,232.5,93.0,ingr_0000000264,train,[264],bagels
dish_1561753400,354.682678,178.0,ingr_0000000052;ingr_0000000332;ingr_0000000161;ingr_0000000060;ingr_0000000291;ingr_0000000122;ingr_0000000312;ingr_0000000023;ingr_0000000515;ingr_0000000518;ingr_0000000155;ingr_0000000094;ingr_0000000032;ingr_0000000523;ingr_0000000203,train,"[52, 332, 161, 60, 291, 122, 312, 23, 515, 518, 155, 94, 32, 523, 203]",cheese salmon olive oil tortilla salt garlic pepper brown rice arugula thyme chicken thighs onions tomatoes cilantro chili
dish_1568060501,548.655457,413.0,ingr_0000000032;ingr_0000000471;ingr_0000000122;ingr_0000000520;ingr_0000000031;ingr_0000000526;ingr_0000000161;ingr_0000000524;ingr_0000000516;ingr_0000000367;ingr_0000000194;ingr_0000000349;ingr_0000000026;ingr_0000000462;ingr_0000000485;ingr_0000000448;ingr_0000000515;ingr_0000000094;ingr_0000000523;ingr_0000000291,train,"[32, 471, 122, 520, 31, 526, 161, 524, 516, 367, 194, 349, 26, 462, 485, 448, 515, 94, 523, 291]",tomatoes cherry tomatoes garlic lemon juice cucumbers mustard greens olive oil parsley rosemary lime fried rice mangos white rice pork zucchini jalapenos arugula onions cilantro salt
dish_1559062005,113.909996,30.0,ingr_0000000080,train,[80],turkey bacon
dish_1563305047,1032.31189,806.0,ingr_0000000291;ingr_0000000027;ingr_0000000524;ingr_0000000520;ingr_0000000072;ingr_0000000535;ingr_0000000498;ingr_0000000514;ingr_0000000335;ingr_0000000050;ingr_0000000312;ingr_0000000025;ingr_0000000508;ingr_0000000122;ingr_0000000133;ingr_0000000203;ingr_0000000094;ingr_0000000518;ingr_0000000161;ingr_0000000189;ingr_0000000036;ingr_0000000045;ingr_0000000028;ingr_0000000026,train,"[291, 27, 524, 520, 72, 535, 498, 514, 335, 50, 312, 25, 508, 122, 133, 203, 94, 518, 161, 189, 36, 45, 28, 26]",salt broccoli parsley lemon juice kale green onions orange juice wheat berry eggplant tofu pepper beef soy sauce garlic shallots chili onions thyme olive oil vinegar spinach (raw) carrot chicken white rice
dish_1566502315,577.184631,495.0,ingr_0000000026;ingr_0000000462;ingr_0000000508;ingr_0000000517;ingr_0000000023;ingr_0000000520;ingr_0000000524;ingr_0000000161;ingr_0000000006;ingr_0000000045;ingr_0000000527;ingr_0000000291;ingr_0000000312;ingr_0000000525;ingr_0000000028;ingr_0000000516;ingr_0000000521;ingr_0000000122;ingr_0000000328,train,"[26, 462, 508, 517, 23, 520, 524, 161, 6, 45, 527, 291, 312, 525, 28, 516, 521, 122, 328]",white rice pork soy sauce chard brown rice lemon juice parsley olive oil caesar salad carrot chive salt pepper bok choy chicken rosemary basil garlic sugar
dish_1561392710,31.800001,106.0,ingr_0000000121,train,[121],watermelon
dish_1567612986,340.226349,524.0,ingr_0000000128;ingr_0000000437;ingr_0000000161,train,"[128, 437, 161]",egg whites sweet potato olive oil
dish_1562777099,303.718628,306.0,ingr_0000000291;ingr_0000000312;ingr_0000000002;ingr_0000000437;ingr_0000000008;ingr_0000000161;ingr_0000000016,train,"[291, 312, 2, 437, 8, 161, 16]",salt pepper strawberries sweet potato scrambled eggs olive oil brussels sprouts
dish_1563480476,517.897095,332.0,ingr_0000000332;ingr_0000000291;ingr_0000000367;ingr_0000000203;ingr_0000000094;ingr_0000000520;ingr_0000000161;ingr_0000000540;ingr_0000000448;ingr_0000000036;ingr_0000000023;ingr_0000000523;ingr_0000000133;ingr_0000000122,train,"[332, 291, 367, 203, 94, 520, 161, 540, 448, 36, 23, 523, 133, 122]",salmon salt lime chili onions lemon juice olive oil ginger jalapenos spinach (raw) brown rice cilantro shallots garlic
dish_1565727738,2.52,9.0,ingr_0000000029,train,[29],mixed greens
dish_1565637162,581.508667,286.0,ingr_0000000122;ingr_0000000291;ingr_0000000017;ingr_0000000516;ingr_0000000485;ingr_0000000094;ingr_0000000524;ingr_0000000161;ingr_0000000462;ingr_0000000515;ingr_0000000026,train,"[122, 291, 17, 516, 485, 94, 524, 161, 462, 515, 26]",garlic salt pasta salad rosemary zucchini onions parsley olive oil pork arugula white rice
dish_1558027164,162.299988,30.0,ingr_0000000004,train,[4],bacon
dish_1558457665,273.204987,325.0,ingr_0000000037;ingr_0000000437;ingr_0000000179;ingr_0000000007,train,"[37, 437, 179, 7]",cantaloupe sweet potato eggs cauliflower
dish_1566330428,290.690887,228.0,ingr_0000000189;ingr_0000000025;ingr_0000000513;ingr_0000000525;ingr_0000000007;ingr_0000000511;ingr_0000000133;ingr_0000000291;ingr_0000000094;ingr_0000000161,train,"[189, 25, 513, 525, 7, 511, 133, 291, 94, 161]",vinegar beef millet bok choy cauliflower spinach (cooked) shallots salt onions olive oil
dish_1561481606,354.089996,141.0,ingr_0000000004;ingr_0000000008,train,"[4, 8]",bacon scrambled eggs
dish_1562963676,397.818726,350.0,ingr_0000000535;ingr_0000000189;ingr_0000000073;ingr_0000000433;ingr_0000000161;ingr_0000000045;ingr_0000000508;ingr_0000000006;ingr_0000000029;ingr_0000000152;ingr_0000000380;ingr_0000000180;ingr_0000000122,train,"[535, 189, 73, 433, 161, 45, 508, 6, 29, 152, 380, 180, 122]",green onions vinegar radishes roasted potatoes olive oil carrot soy sauce caesar salad mixed greens cabbage pizza rice noodles garlic
dish_1558381819,22.1,65.0,ingr_0000000032,train,[32],tomatoes
dish_1565207727,314.77124,231.0,ingr_0000000535;ingr_0000000122;ingr_0000000523;ingr_0000000027;ingr_0000000161;ingr_0000000072;ingr_0000000189;ingr_0000000026;ingr_0000000038;ingr_0000000049;ingr_0000000291;ingr_0000000380;ingr_0000000520;ingr_0000000534;ingr_0000000094;ingr_0000000155,train,"[535, 122, 523, 27, 161, 72, 189, 26, 38, 49, 291, 380, 520, 534, 94, 155]",green onions garlic cilantro broccoli olive oil kale vinegar white rice pineapple fish salt pizza lemon juice country rice onions chicken thighs
dish_1568056217,480.779968,427.0,ingr_0000000045;ingr_0000000028;ingr_0000000094;ingr_0000000471;ingr_0000000012,train,"[45, 28, 94, 471, 12]",carrot chicken onions cherry tomatoes olives
dish_1559845399,107.18,178.0,ingr_0000000005;ingr_0000000507;ingr_0000000002,train,"[5, 507, 2]",potatoes mandarin oranges strawberries
dish_1561393649,271.540009,359.0,ingr_0000000013;ingr_0000000038;ingr_0000000001,train,"[13, 38, 1]",berries pineapple cottage cheese
dish_1563476408,990.400024,513.0,ingr_0000000332;ingr_0000000122;ingr_0000000133;ingr_0000000203;ingr_0000000520;ingr_0000000094;ingr_0000000161;ingr_0000000341;ingr_0000000448;ingr_0000000023;ingr_0000000092;ingr_0000000074;ingr_0000000523;ingr_0000000367;ingr_0000000257;ingr_0000000291;ingr_0000000046;ingr_0000000540;ingr_0000000036;ingr_0000000025;ingr_0000000434;ingr_0000000518,train,"[332, 122, 133, 203, 520, 94, 161, 341, 448, 23, 92, 74, 523, 367, 257, 291, 46, 540, 36, 25, 434, 518]",salmon garlic shallots chili lemon juice onions olive oil cream jalapenos brown rice wine pasta cilantro lime brownies salt mushroom ginger spinach (raw) beef sour cream thyme
dish_1564518454,164.858002,62.0,ingr_0000000011,train,[11],cheese pizza
dish_1562873002,278.261444,307.0,ingr_0000000527;ingr_0000000471;ingr_0000000043;ingr_0000000524;ingr_0000000161;ingr_0000000434;ingr_0000000045;ingr_0000000291;ingr_0000000049;ingr_0000000312;ingr_0000000047;ingr_0000000538;ingr_0000000539;ingr_0000000515;ingr_0000000122;ingr_0000000367;ingr_0000000472,train,"[527, 471, 43, 524, 161, 434, 45, 291, 49, 312, 47, 538, 539, 515, 122, 367, 472]",chive cherry tomatoes green beans parsley olive oil sour cream carrot salt fish pepper corn jicama nopales arugula garlic lime couscous
dish_1565637123,229.710007,114.0,ingr_0000000017,train,[17],pasta salad
dish_1560543704,140.009995,161.0,ingr_0000000433;ingr_0000000007,train,"[433, 7]",roasted potatoes cauliflower
dish_1559238566,62.130001,109.0,ingr_0000000013,train,[13],berries
dish_1564169340,657.517517,518.0,ingr_0000000520;ingr_0000000312;ingr_0000000523;ingr_0000000121;ingr_0000000522;ingr_0000000161;ingr_0000000031;ingr_0000000273;ingr_0000000203;ingr_0000000032;ingr_0000000122;ingr_0000000155;ingr_0000000094;ingr_0000000524;ingr_0000000060;ingr_0000000072;ingr_0000000291;ingr_0000000052,train,"[520, 312, 523, 121, 522, 161, 31, 273, 203, 32, 122, 155, 94, 524, 60, 72, 291, 52]",lemon juice pepper cilantro watermelon tatsoi olive oil cucumbers sandwiches chili tomatoes garlic chicken thighs onions parsley tortilla kale salt cheese
dish_1560444570,168.720001,114.0,ingr_0000000008,train,[8],scrambled eggs
dish_1559846363,154.262009,286.0,ingr_0000000027;ingr_0000000213;ingr_0000000507,train,"[27, 213, 507]",broccoli pears mandarin oranges
dish_1558640614,60.32,116.0,ingr_0000000054,train,[54],apple
dish_1565987081,268.069977,288.0,ingr_0000000036;ingr_0000000028;ingr_0000000031,train,"[36, 28, 31]",spinach (raw) chicken cucumbers
dish_1562958721,125.724831,167.0,ingr_0000000161;ingr_0000000073;ingr_0000000189;ingr_0000000045;ingr_0000000508;ingr_0000000029;ingr_0000000122;ingr_0000000152;ingr_0000000180;ingr_0000000535,train,"[161, 73, 189, 45, 508, 29, 122, 152, 180, 535]",olive oil radishes vinegar carrot soy sauce mixed greens garlic cabbage rice noodles green onions
dish_1562961609,423.541779,186.0,ingr_0000000328;ingr_0000000291;ingr_0000000380;ingr_0000000462;ingr_0000000525;ingr_0000000026;ingr_0000000508;ingr_0000000312;ingr_0000000122,train,"[328, 291, 380, 462, 525, 26, 508, 312, 122]",sugar salt pizza pork bok choy white rice soy sauce pepper garlic
dish_1565640914,774.291992,457.0,ingr_0000000012;ingr_0000000029;ingr_0000000161;ingr_0000000320;ingr_0000000031;ingr_0000000148;ingr_0000000028,train,"[12, 29, 161, 320, 31, 148, 28]",olives mixed greens olive oil black beans cucumbers parmesan cheese chicken
dish_1560455090,60.200001,155.0,ingr_0000000034;ingr_0000000028;ingr_0000000031;ingr_0000000471;ingr_0000000347,train,"[34, 28, 31, 471, 347]",celery chicken cucumbers cherry tomatoes baby carrots
dish_1561392410,187.296005,84.0,ingr_0000000039;ingr_0000000027,train,"[39, 27]",sausage broccoli
dish_1566846997,343.709656,168.0,ingr_0000000448;ingr_0000000514;ingr_0000000462;ingr_0000000116;ingr_0000000312;ingr_0000000152;ingr_0000000045;ingr_0000000122;ingr_0000000520;ingr_0000000524;ingr_0000000291;ingr_0000000161,train,"[448, 514, 462, 116, 312, 152, 45, 122, 520, 524, 291, 161]",jalapenos wheat berry pork mayonnaise pepper cabbage carrot garlic lemon juice parsley salt olive oil
dish_1561062586,121.193924,89.0,ingr_0000000133;ingr_0000000122;ingr_0000000026;ingr_0000000515;ingr_0000000524;ingr_0000000526;ingr_0000000473;ingr_0000000161;ingr_0000000520;ingr_0000000291;ingr_0000000153;ingr_0000000054,train,"[133, 122, 26, 515, 524, 526, 473, 161, 520, 291, 153, 54]",shallots garlic white rice arugula parsley mustard greens cranberries olive oil lemon juice salt bulgur apple
dish_1565799565,240.011719,396.0,ingr_0000000437;ingr_0000000161;ingr_0000000128,train,"[437, 161, 128]",sweet potato olive oil egg whites
dish_1561576887,15.500784,47.0,ingr_0000000335;ingr_0000000161;ingr_0000000291,train,"[335, 161, 291]",eggplant olive oil salt
dish_1559060106,206.369995,195.0,ingr_0000000004;ingr_0000000437;ingr_0000000002,train,"[4, 437, 2]",bacon sweet potato strawberries
dish_1560368712,146.875183,142.0,ingr_0000000014;ingr_0000000126;ingr_0000000030;ingr_0000000531;ingr_0000000291;ingr_0000000045;ingr_0000000029;ingr_0000000189;ingr_0000000515;ingr_0000000161,train,"[14, 126, 30, 531, 291, 45, 29, 189, 515, 161]",asparagus mustard lettuce pumpkin seeds salt carrot mixed greens vinegar arugula olive oil
dish_1565117892,132.599991,102.0,ingr_0000000402,train,[402],tuna
dish_1561577678,218.887756,104.0,ingr_0000000025;ingr_0000000133;ingr_0000000511;ingr_0000000291;ingr_0000000161;ingr_0000000094;ingr_0000000189;ingr_0000000513;ingr_0000000525,train,"[25, 133, 511, 291, 161, 94, 189, 513, 525]",beef shallots spinach (cooked) salt olive oil onions vinegar millet bok choy
dish_1563897439,315.31366,578.0,ingr_0000000037;ingr_0000000027;ingr_0000000128;ingr_0000000161;ingr_0000000437,train,"[37, 27, 128, 161, 437]",cantaloupe broccoli egg whites olive oil sweet potato
dish_1558722842,10.440001,58.0,ingr_0000000471,train,[471],cherry tomatoes
dish_1565884766,469.609009,546.0,ingr_0000000121;ingr_0000000337;ingr_0000000128,train,"[121, 337, 128]",watermelon waffles egg whites
dish_1561575170,42.75,171.0,ingr_0000000007,train,[7],cauliflower
dish_1563294408,41.5,83.0,ingr_0000000038,train,[38],pineapple
dish_1564690194,500.918823,430.0,ingr_0000000161;ingr_0000000094;ingr_0000000520;ingr_0000000072;ingr_0000000367;ingr_0000000187;ingr_0000000523;ingr_0000000513;ingr_0000000026;ingr_0000000049;ingr_0000000010;ingr_0000000113;ingr_0000000357;ingr_0000000524;ingr_0000000291;ingr_0000000213;ingr_0000000122;ingr_0000000033;ingr_0000000133;ingr_0000000448;ingr_0000000312;ingr_0000000036;ingr_0000000043;ingr_0000000515;ingr_0000000189,train,"[161, 94, 520, 72, 367, 187, 523, 513, 26, 49, 10, 113, 357, 524, 291, 213, 122, 33, 133, 448, 312, 36, 43, 515, 189]",olive oil onions lemon juice kale lime chickpeas cilantro millet white rice fish steak ketchup lentils parsley salt pears garlic bell peppers shallots jalapenos pepper spinach (raw) green beans arugula vinegar
dish_1565369971,221.604736,134.0,ingr_0000000043;ingr_0000000004;ingr_0000000161,train,"[43, 4, 161]",green beans bacon olive oil
dish_1564170542,523.367859,440.0,ingr_0000000518;ingr_0000000485;ingr_0000000161;ingr_0000000027;ingr_0000000291;ingr_0000000332;ingr_0000000312;ingr_0000000515;ingr_0000000023;ingr_0000000021,train,"[518, 485, 161, 27, 291, 332, 312, 515, 23, 21]",thyme zucchini olive oil broccoli salt salmon pepper arugula brown rice squash
dish_1563897870,169.320007,249.0,ingr_0000000059,train,[59],oatmeal
dish_1565204931,391.326447,515.0,ingr_0000000094;ingr_0000000189;ingr_0000000155;ingr_0000000038;ingr_0000000026;ingr_0000000006;ingr_0000000312;ingr_0000000291;ingr_0000000520;ingr_0000000122;ingr_0000000161;ingr_0000000016;ingr_0000000523;ingr_0000000072,train,"[94, 189, 155, 38, 26, 6, 312, 291, 520, 122, 161, 16, 523, 72]",onions vinegar chicken thighs pineapple white rice caesar salad pepper salt lemon juice garlic olive oil brussels sprouts cilantro kale
dish_1563812615,402.784088,386.0,ingr_0000000029;ingr_0000000294;ingr_0000000338;ingr_0000000080;ingr_0000000161;ingr_0000000016;ingr_0000000312;ingr_0000000291;ingr_0000000040;ingr_0000000041;ingr_0000000128,train,"[29, 294, 338, 80, 161, 16, 312, 291, 40, 41, 128]",mixed greens granola vinaigrette turkey bacon olive oil brussels sprouts pepper salt raspberries blackberries egg whites
dish_1568055986,54.400002,76.0,ingr_0000000012;ingr_0000000094,train,"[12, 94]",olives onions
dish_1558028772,64.0,192.0,ingr_0000000458;ingr_0000000112;ingr_0000000037,train,"[458, 112, 37]",deprecated honeydew melons cantaloupe
dish_1559846073,39.289997,85.0,ingr_0000000507;ingr_0000000027,train,"[507, 27]",mandarin oranges broccoli
dish_1566835641,312.766815,546.0,ingr_0000000437;ingr_0000000161;ingr_0000000128,train,"[437, 161, 128]",sweet potato olive oil egg whites
dish_1562790295,538.709778,268.0,ingr_0000000124;ingr_0000000291;ingr_0000000126;ingr_0000000105;ingr_0000000201;ingr_0000000161;ingr_0000000515;ingr_0000000517;ingr_0000000189;ingr_0000000312;ingr_0000000335,train,"[124, 291, 126, 105, 201, 161, 515, 517, 189, 312, 335]",walnuts salt mustard grilled chicken blueberries olive oil arugula chard vinegar pepper eggplant
dish_1562871297,124.973,47.0,ingr_0000000011,train,[11],cheese pizza
dish_1562690074,263.402344,104.0,ingr_0000000029;ingr_0000000094;ingr_0000000030;ingr_0000000367;ingr_0000000031;ingr_0000000161;ingr_0000000189;ingr_0000000312;ingr_0000000471;ingr_0000000004;ingr_0000000291,train,"[29, 94, 30, 367, 31, 161, 189, 312, 471, 4, 291]",mixed greens onions lettuce lime cucumbers olive oil vinegar pepper cherry tomatoes bacon salt
dish_1568060414,53.598557,146.0,ingr_0000000349;ingr_0000000367;ingr_0000000523;ingr_0000000094;ingr_0000000526;ingr_0000000161;ingr_0000000515;ingr_0000000031;ingr_0000000448;ingr_0000000520;ingr_0000000291;ingr_0000000471;ingr_0000000032,train,"[349, 367, 523, 94, 526, 161, 515, 31, 448, 520, 291, 471, 32]",mangos lime cilantro onions mustard greens olive oil arugula cucumbers jalapenos lemon juice salt cherry tomatoes tomatoes
dish_1562169840,739.663696,389.0,ingr_0000000039;ingr_0000000161;ingr_0000000016;ingr_0000000029;ingr_0000000040;ingr_0000000291;ingr_0000000338;ingr_0000000312;ingr_0000000294;ingr_0000000008;ingr_0000000041,train,"[39, 161, 16, 29, 40, 291, 338, 312, 294, 8, 41]",sausage olive oil brussels sprouts mixed greens raspberries salt vinaigrette pepper granola scrambled eggs blackberries
dish_1558459059,28.98,42.0,ingr_0000000440,train,[440],grapes
dish_1559589942,290.348022,179.0,ingr_0000000046;ingr_0000000014;ingr_0000000380,train,"[46, 14, 380]",mushroom asparagus pizza
dish_1561576320,494.797546,383.0,ingr_0000000338;ingr_0000000291;ingr_0000000028;ingr_0000000428;ingr_0000000514;ingr_0000000516;ingr_0000000046;ingr_0000000031;ingr_0000000094;ingr_0000000519;ingr_0000000161;ingr_0000000030;ingr_0000000312;ingr_0000000012;ingr_0000000471;ingr_0000000319;ingr_0000000515;ingr_0000000341;ingr_0000000441;ingr_0000000133;ingr_0000000122;ingr_0000000518;ingr_0000000033;ingr_0000000433;ingr_0000000520;ingr_0000000521,train,"[338, 291, 28, 428, 514, 516, 46, 31, 94, 519, 161, 30, 312, 12, 471, 319, 515, 341, 441, 133, 122, 518, 33, 433, 520, 521]",vinaigrette salt chicken white wine wheat berry rosemary mushroom cucumbers onions oregano olive oil lettuce pepper olives cherry tomatoes feta cheese arugula cream butter shallots garlic thyme bell peppers roasted potatoes lemon juice basil
dish_1565809120,365.630005,502.0,ingr_0000000033;ingr_0000000094;ingr_0000000471;ingr_0000000402;ingr_0000000520;ingr_0000000045,train,"[33, 94, 471, 402, 520, 45]",bell peppers onions cherry tomatoes tuna lemon juice carrot
dish_1562700685,24.200001,110.0,ingr_0000000046,train,[46],mushroom
dish_1566333291,549.755615,439.0,ingr_0000000511;ingr_0000000291;ingr_0000000032;ingr_0000000033;ingr_0000000094;ingr_0000000122;ingr_0000000312;ingr_0000000006;ingr_0000000016;ingr_0000000448;ingr_0000000007;ingr_0000000513;ingr_0000000525;ingr_0000000133;ingr_0000000161;ingr_0000000189;ingr_0000000036;ingr_0000000025;ingr_0000000028;ingr_0000000011,train,"[511, 291, 32, 33, 94, 122, 312, 6, 16, 448, 7, 513, 525, 133, 161, 189, 36, 25, 28, 11]",spinach (cooked) salt tomatoes bell peppers onions garlic pepper caesar salad brussels sprouts jalapenos cauliflower millet bok choy shallots olive oil vinegar spinach (raw) beef chicken cheese pizza
dish_1565797671,39.239998,102.0,ingr_0000000013;ingr_0000000121,train,"[13, 121]",berries watermelon
dish_1559933834,775.029236,458.0,ingr_0000000312;ingr_0000000332;ingr_0000000213;ingr_0000000524;ingr_0000000520;ingr_0000000357;ingr_0000000189;ingr_0000000515;ingr_0000000161;ingr_0000000016;ingr_0000000527;ingr_0000000081;ingr_0000000012;ingr_0000000116;ingr_0000000133;ingr_0000000072;ingr_0000000126;ingr_0000000471;ingr_0000000122;ingr_0000000029;ingr_0000000425;ingr_0000000291,train,"[312, 332, 213, 524, 520, 357, 189, 515, 161, 16, 527, 81, 12, 116, 133, 72, 126, 471, 122, 29, 425, 291]",pepper salmon pears parsley lemon juice lentils vinegar arugula olive oil brussels sprouts chive pickles olives mayonnaise shallots kale mustard cherry tomatoes garlic mixed greens goat cheese salt
dish_1565640894,464.892029,422.0,ingr_0000000029;ingr_0000000028;ingr_0000000031;ingr_0000000012;ingr_0000000320;ingr_0000000148,train,"[29, 28, 31, 12, 320, 148]",mixed greens chicken cucumbers olives black beans parmesan cheese
dish_1568405306,421.239746,336.0,ingr_0000000122;ingr_0000000072;ingr_0000000526;ingr_0000000140;ingr_0000000036;ingr_0000000189;ingr_0000000332;ingr_0000000306;ingr_0000000032;ingr_0000000291;ingr_0000000031;ingr_0000000161;ingr_0000000126;ingr_0000000518;ingr_0000000515;ingr_0000000148;ingr_0000000023;ingr_0000000050;ingr_0000000312,train,"[122, 72, 526, 140, 36, 189, 332, 306, 32, 291, 31, 161, 126, 518, 515, 148, 23, 50, 312]",garlic kale mustard greens caesar dressing spinach (raw) vinegar salmon croutons tomatoes salt cucumbers olive oil mustard thyme arugula parmesan cheese brown rice tofu pepper
dish_1563308353,51.465488,140.0,ingr_0000000291;ingr_0000000045;ingr_0000000335;ingr_0000000161,train,"[291, 45, 335, 161]",salt carrot eggplant olive oil
dish_1562686577,556.563965,531.0,ingr_0000000510;ingr_0000000013;ingr_0000000008;ingr_0000000192,train,"[510, 13, 8, 192]",chicken apple sausage berries scrambled eggs yam
dish_1560961107,352.820007,320.0,ingr_0000000264;ingr_0000000495;ingr_0000000013;ingr_0000000437,train,"[264, 495, 13, 437]",bagels cream cheese berries sweet potato
dish_1563475788,39.0,78.0,ingr_0000000038,train,[38],pineapple
dish_1562096584,94.99057,90.0,ingr_0000000463;ingr_0000000161;ingr_0000000189;ingr_0000000377;ingr_0000000095;ingr_0000000029;ingr_0000000122;ingr_0000000524;ingr_0000000291;ingr_0000000043,train,"[463, 161, 189, 377, 95, 29, 122, 524, 291, 43]",beets olive oil vinegar quinoa artichokes mixed greens garlic parsley salt green beans
dish_1565799597,258.311707,457.0,ingr_0000000128;ingr_0000000121;ingr_0000000437;ingr_0000000161,train,"[128, 121, 437, 161]",egg whites watermelon sweet potato olive oil
dish_1562959599,403.636139,281.0,ingr_0000000508;ingr_0000000030;ingr_0000000523;ingr_0000000291;ingr_0000000029;ingr_0000000094;ingr_0000000189;ingr_0000000433;ingr_0000000026;ingr_0000000045;ingr_0000000312;ingr_0000000377;ingr_0000000531;ingr_0000000328;ingr_0000000122;ingr_0000000161;ingr_0000000031;ingr_0000000448;ingr_0000000036;ingr_0000000541;ingr_0000000515;ingr_0000000520;ingr_0000000126;ingr_0000000517;ingr_0000000462;ingr_0000000525;ingr_0000000070;ingr_0000000049;ingr_0000000471,train,"[508, 30, 523, 291, 29, 94, 189, 433, 26, 45, 312, 377, 531, 328, 122, 161, 31, 448, 36, 541, 515, 520, 126, 517, 462, 525, 70, 49, 471]",soy sauce lettuce cilantro salt mixed greens onions vinegar roasted potatoes white rice carrot pepper quinoa pumpkin seeds sugar garlic olive oil cucumbers jalapenos spinach (raw) tomatillo arugula lemon juice mustard chard pork bok choy figs fish cherry tomatoes
dish_1558372771,522.609985,311.0,ingr_0000000453;ingr_0000000440;ingr_0000000039;ingr_0000000077,train,"[453, 440, 39, 77]",deprecated grapes sausage almonds
dish_1565987116,393.419983,397.0,ingr_0000000028;ingr_0000000012;ingr_0000000036;ingr_0000000031,train,"[28, 12, 36, 31]",chicken olives spinach (raw) cucumbers
dish_1564169932,766.626526,473.0,ingr_0000000523;ingr_0000000312;ingr_0000000524;ingr_0000000520;ingr_0000000522;ingr_0000000161;ingr_0000000072;ingr_0000000094;ingr_0000000203;ingr_0000000052;ingr_0000000155;ingr_0000000060;ingr_0000000032;ingr_0000000031;ingr_0000000291;ingr_0000000122,train,"[523, 312, 524, 520, 522, 161, 72, 94, 203, 52, 155, 60, 32, 31, 291, 122]",cilantro pepper parsley lemon juice tatsoi olive oil kale onions chili cheese chicken thighs tortilla tomatoes cucumbers salt garlic
dish_1564000417,340.35199,128.0,ingr_0000000011,train,[11],cheese pizza
dish_1567022180,48.860001,162.0,ingr_0000000033;ingr_0000000045;ingr_0000000471,train,"[33, 45, 471]",bell peppers carrot cherry tomatoes
dish_1562009148,226.547165,210.0,ingr_0000000045;ingr_0000000116;ingr_0000000312;ingr_0000000050;ingr_0000000462;ingr_0000000514;ingr_0000000448;ingr_0000000161;ingr_0000000016;ingr_0000000520;ingr_0000000291;ingr_0000000524;ingr_0000000122;ingr_0000000152,train,"[45, 116, 312, 50, 462, 514, 448, 161, 16, 520, 291, 524, 122, 152]",carrot mayonnaise pepper tofu pork wheat berry jalapenos olive oil brussels sprouts lemon juice salt parsley garlic cabbage
dish_1566416455,372.326599,403.0,ingr_0000000518;ingr_0000000428;ingr_0000000521;ingr_0000000514;ingr_0000000517;ingr_0000000335;ingr_0000000043;ingr_0000000520;ingr_0000000524;ingr_0000000028;ingr_0000000515;ingr_0000000046;ingr_0000000527;ingr_0000000049;ingr_0000000471;ingr_0000000312;ingr_0000000519;ingr_0000000341;ingr_0000000441;ingr_0000000516;ingr_0000000122;ingr_0000000133;ingr_0000000161;ingr_0000000433;ingr_0000000291,train,"[518, 428, 521, 514, 517, 335, 43, 520, 524, 28, 515, 46, 527, 49, 471, 312, 519, 341, 441, 516, 122, 133, 161, 433, 291]",thyme white wine basil wheat berry chard eggplant green beans lemon juice parsley chicken arugula mushroom chive fish cherry tomatoes pepper oregano cream butter rosemary garlic shallots olive oil roasted potatoes salt
dish_1566849295,348.752014,239.0,ingr_0000000029;ingr_0000000042;ingr_0000000148;ingr_0000000012,train,"[29, 42, 148, 12]",mixed greens avocado parmesan cheese olives
dish_1562958603,171.839996,93.0,ingr_0000000012;ingr_0000000484;ingr_0000000187,train,"[12, 484, 187]",olives chicken salad chickpeas
dish_1558457415,60.799999,80.0,ingr_0000000437,train,[437],sweet potato
dish_1566419510,273.876984,103.0,ingr_0000000011,train,[11],cheese pizza
dish_1558029686,119.019997,22.0,ingr_0000000004,train,[4],bacon
dish_1561392386,175.746002,51.0,ingr_0000000039,train,[39],sausage
dish_1564685482,851.396545,337.0,ingr_0000000513;ingr_0000000010;ingr_0000000161;ingr_0000000380;ingr_0000000367;ingr_0000000291;ingr_0000000029;ingr_0000000471;ingr_0000000312;ingr_0000000036;ingr_0000000189;ingr_0000000113;ingr_0000000030;ingr_0000000031;ingr_0000000094;ingr_0000000257;ingr_0000000033,train,"[513, 10, 161, 380, 367, 291, 29, 471, 312, 36, 189, 113, 30, 31, 94, 257, 33]",millet steak olive oil pizza lime salt mixed greens cherry tomatoes pepper spinach (raw) vinegar ketchup lettuce cucumbers onions brownies bell peppers
dish_1562181247,660.094482,220.0,ingr_0000000520;ingr_0000000221;ingr_0000000518;ingr_0000000122;ingr_0000000291;ingr_0000000004;ingr_0000000200;ingr_0000000318;ingr_0000000028;ingr_0000000524,train,"[520, 221, 518, 122, 291, 4, 200, 318, 28, 524]",lemon juice vegetable oil thyme garlic salt bacon buttermilk flour chicken parsley
dish_1559841061,96.389999,99.0,ingr_0000000041;ingr_0000000510,train,"[41, 510]",blackberries chicken apple sausage
dish_1564171996,519.50116,484.0,ingr_0000000312;ingr_0000000485;ingr_0000000122;ingr_0000000023;ingr_0000000514;ingr_0000000515;ingr_0000000161;ingr_0000000518;ingr_0000000522;ingr_0000000072;ingr_0000000520;ingr_0000000524;ingr_0000000031;ingr_0000000021;ingr_0000000332;ingr_0000000027;ingr_0000000291,train,"[312, 485, 122, 23, 514, 515, 161, 518, 522, 72, 520, 524, 31, 21, 332, 27, 291]",pepper zucchini garlic brown rice wheat berry arugula olive oil thyme tatsoi kale lemon juice parsley cucumbers squash salmon broccoli salt
dish_1558641007,23.369999,57.0,ingr_0000000045,train,[45],carrot
dish_1561148336,128.098618,68.0,ingr_0000000367;ingr_0000000032;ingr_0000000011;ingr_0000000523;ingr_0000000520;ingr_0000000161;ingr_0000000526;ingr_0000000031;ingr_0000000094;ingr_0000000448;ingr_0000000471;ingr_0000000515;ingr_0000000291;ingr_0000000349,train,"[367, 32, 11, 523, 520, 161, 526, 31, 94, 448, 471, 515, 291, 349]",lime tomatoes cheese pizza cilantro lemon juice olive oil mustard greens cucumbers onions jalapenos cherry tomatoes arugula salt mangos
dish_1565382833,396.63858,228.0,ingr_0000000050;ingr_0000000045;ingr_0000000291;ingr_0000000392;ingr_0000000433;ingr_0000000312;ingr_0000000161,train,"[50, 45, 291, 392, 433, 312, 161]",tofu carrot salt pepperoni pizza roasted potatoes pepper olive oil
dish_1558380804,7.56,27.0,ingr_0000000029,train,[29],mixed greens
dish_1558642021,228.899994,421.0,ingr_0000000054;ingr_0000000205;ingr_0000000471;ingr_0000000007,train,"[54, 205, 471, 7]",apple corn on the cob cherry tomatoes cauliflower
dish_1561751897,354.020905,199.0,ingr_0000000023;ingr_0000000515;ingr_0000000332;ingr_0000000518;ingr_0000000161;ingr_0000000312;ingr_0000000291,train,"[23, 515, 332, 518, 161, 312, 291]",brown rice arugula salmon thyme olive oil pepper salt
dish_1562008549,417.129517,405.0,ingr_0000000518;ingr_0000000122;ingr_0000000031;ingr_0000000524;ingr_0000000016;ingr_0000000448;ingr_0000000116;ingr_0000000514;ingr_0000000462;ingr_0000000515;ingr_0000000133;ingr_0000000006;ingr_0000000312;ingr_0000000291;ingr_0000000045;ingr_0000000161;ingr_0000000152;ingr_0000000520;ingr_0000000377,train,"[518, 122, 31, 524, 16, 448, 116, 514, 462, 515, 133, 6, 312, 291, 45, 161, 152, 520, 377]",thyme garlic cucumbers parsley brussels sprouts jalapenos mayonnaise wheat berry pork arugula shallots caesar salad pepper salt carrot olive oil cabbage lemon juice quinoa
dish_1558725193,763.092041,132.0,ingr_0000000077,train,[77],almonds
dish_1561661479,242.17569,166.0,ingr_0000000291;ingr_0000000122;ingr_0000000328;ingr_0000000508;ingr_0000000525;ingr_0000000462;ingr_0000000312;ingr_0000000026;ingr_0000000031,train,"[291, 122, 328, 508, 525, 462, 312, 26, 31]",salt garlic sugar soy sauce bok choy pork pepper white rice cucumbers
dish_1568319899,627.65625,377.0,ingr_0000000380;ingr_0000000133;ingr_0000000161;ingr_0000000033;ingr_0000000520;ingr_0000000523;ingr_0000000367;ingr_0000000332;ingr_0000000043;ingr_0000000189;ingr_0000000036;ingr_0000000126;ingr_0000000031;ingr_0000000094;ingr_0000000448;ingr_0000000122;ingr_0000000291;ingr_0000000203;ingr_0000000073;ingr_0000000540;ingr_0000000023,train,"[380, 133, 161, 33, 520, 523, 367, 332, 43, 189, 36, 126, 31, 94, 448, 122, 291, 203, 73, 540, 23]",pizza shallots olive oil bell peppers lemon juice cilantro lime salmon green beans vinegar spinach (raw) mustard cucumbers onions jalapenos garlic salt chili radishes ginger brown rice
dish_1559059924,108.199997,20.0,ingr_0000000004,train,[4],bacon
dish_1562602945,308.372284,492.0,ingr_0000000545;ingr_0000000502;ingr_0000000121;ingr_0000000437;ingr_0000000128;ingr_0000000002;ingr_0000000013;ingr_0000000543,train,"[545, 502, 121, 437, 128, 2, 13, 543]",greek yogurt milk watermelon sweet potato egg whites strawberries berries chia seeds
dish_1556573514,6.44,23.0,ingr_0000000029,train,[29],mixed greens
dish_1562603813,475.959991,146.0,ingr_0000000015,train,[15],hash browns
dish_1568666329,743.76001,594.0,ingr_0000000095;ingr_0000000161;ingr_0000000030;ingr_0000000027;ingr_0000000028,train,"[95, 161, 30, 27, 28]",artichokes olive oil lettuce broccoli chicken
dish_1559239912,60.16,128.0,ingr_0000000058,train,[58],orange
dish_1559243887,289.050018,50.0,ingr_0000000077,train,[77],almonds
dish_1558640311,105.879997,276.0,ingr_0000000440;ingr_0000000037;ingr_0000000471,train,"[440, 37, 471]",grapes cantaloupe cherry tomatoes
dish_1562876732,350.566833,291.0,ingr_0000000524;ingr_0000000011;ingr_0000000122;ingr_0000000516;ingr_0000000485;ingr_0000000518;ingr_0000000161;ingr_0000000006;ingr_0000000036;ingr_0000000043;ingr_0000000291;ingr_0000000521;ingr_0000000520;ingr_0000000534;ingr_0000000021;ingr_0000000514;ingr_0000000312;ingr_0000000028,train,"[524, 11, 122, 516, 485, 518, 161, 6, 36, 43, 291, 521, 520, 534, 21, 514, 312, 28]",parsley cheese pizza garlic rosemary zucchini thyme olive oil caesar salad spinach (raw) green beans salt basil lemon juice country rice squash wheat berry pepper chicken
dish_1563294491,146.979996,328.0,ingr_0000000038;ingr_0000000440;ingr_0000000002;ingr_0000000121,train,"[38, 440, 2, 121]",pineapple grapes strawberries watermelon
dish_1558628760,231.314499,198.0,ingr_0000000013;ingr_0000000192;ingr_0000000437;ingr_0000000004,train,"[13, 192, 437, 4]",berries yam sweet potato bacon
dish_1565721828,129.225006,239.0,ingr_0000000485;ingr_0000000529;ingr_0000000433,train,"[485, 529, 433]",zucchini chayote squash roasted potatoes
dish_1562085132,91.970001,17.0,ingr_0000000004,train,[4],bacon
dish_1561574623,117.602783,152.0,ingr_0000000515;ingr_0000000335;ingr_0000000516;ingr_0000000291;ingr_0000000133;ingr_0000000428;ingr_0000000312;ingr_0000000521;ingr_0000000520;ingr_0000000519;ingr_0000000161;ingr_0000000518;ingr_0000000341;ingr_0000000441;ingr_0000000122;ingr_0000000028;ingr_0000000514;ingr_0000000046,train,"[515, 335, 516, 291, 133, 428, 312, 521, 520, 519, 161, 518, 341, 441, 122, 28, 514, 46]",arugula eggplant rosemary salt shallots white wine pepper basil lemon juice oregano olive oil thyme cream butter garlic chicken wheat berry mushroom
dish_1560367193,131.041962,317.0,ingr_0000000094;ingr_0000000161;ingr_0000000291;ingr_0000000112;ingr_0000000535;ingr_0000000122;ingr_0000000471;ingr_0000000049;ingr_0000000014;ingr_0000000046;ingr_0000000534;ingr_0000000050,train,"[94, 161, 291, 112, 535, 122, 471, 49, 14, 46, 534, 50]",onions olive oil salt honeydew melons green onions garlic cherry tomatoes fish asparagus mushroom country rice tofu
dish_1562699612,98.391266,74.0,ingr_0000000023;ingr_0000000377;ingr_0000000161,train,"[23, 377, 161]",brown rice quinoa olive oil
dish_1560369255,132.666138,61.0,ingr_0000000023;ingr_0000000462;ingr_0000000291;ingr_0000000189;ingr_0000000471;ingr_0000000312;ingr_0000000521;ingr_0000000122;ingr_0000000524;ingr_0000000133;ingr_0000000094;ingr_0000000027;ingr_0000000520;ingr_0000000161,train,"[23, 462, 291, 189, 471, 312, 521, 122, 524, 133, 94, 27, 520, 161]",brown rice pork salt vinegar cherry tomatoes pepper basil garlic parsley shallots onions broccoli lemon juice olive oil
dish_1565021675,331.581451,575.0,ingr_0000000437;ingr_0000000128;ingr_0000000112;ingr_0000000161,train,"[437, 128, 112, 161]",sweet potato egg whites honeydew melons olive oil
dish_1562872396,179.563156,186.0,ingr_0000000518;ingr_0000000122;ingr_0000000520;ingr_0000000485;ingr_0000000514;ingr_0000000312;ingr_0000000291;ingr_0000000161;ingr_0000000521;ingr_0000000516;ingr_0000000524;ingr_0000000036;ingr_0000000021;ingr_0000000028;ingr_0000000525,train,"[518, 122, 520, 485, 514, 312, 291, 161, 521, 516, 524, 36, 21, 28, 525]",thyme garlic lemon juice zucchini wheat berry pepper salt olive oil basil rosemary parsley spinach (raw) squash chicken bok choy
dish_1559241099,201.346771,382.0,ingr_0000000291;ingr_0000000312;ingr_0000000161;ingr_0000000045;ingr_0000000058;ingr_0000000213,train,"[291, 312, 161, 45, 58, 213]",salt pepper olive oil carrot orange pears
dish_1562602589,365.276001,106.0,ingr_0000000039,train,[39],sausage
dish_1560802853,136.532196,118.0,ingr_0000000312;ingr_0000000148;ingr_0000000036;ingr_0000000021;ingr_0000000161;ingr_0000000524;ingr_0000000520;ingr_0000000291;ingr_0000000122;ingr_0000000026;ingr_0000000244;ingr_0000000471;ingr_0000000514;ingr_0000000518;ingr_0000000072;ingr_0000000153;ingr_0000000187,train,"[312, 148, 36, 21, 161, 524, 520, 291, 122, 26, 244, 471, 514, 518, 72, 153, 187]",pepper parmesan cheese spinach (raw) squash olive oil parsley lemon juice salt garlic white rice chicken breast cherry tomatoes wheat berry thyme kale bulgur chickpeas
dish_1562603867,1049.11731,369.0,ingr_0000000029;ingr_0000000015;ingr_0000000040;ingr_0000000041;ingr_0000000039;ingr_0000000338;ingr_0000000294,train,"[29, 15, 40, 41, 39, 338, 294]",mixed greens hash browns raspberries blackberries sausage vinaigrette granola
dish_1558382263,356.629974,425.0,ingr_0000000012;ingr_0000000028;ingr_0000000042;ingr_0000000036;ingr_0000000032;ingr_0000000027;ingr_0000000043,train,"[12, 28, 42, 36, 32, 27, 43]",olives chicken avocado spinach (raw) tomatoes broccoli green beans
dish_1560367333,291.633301,427.0,ingr_0000000161;ingr_0000000046;ingr_0000000189;ingr_0000000049;ingr_0000000028;ingr_0000000045;ingr_0000000029;ingr_0000000122;ingr_0000000031;ingr_0000000534;ingr_0000000515;ingr_0000000463;ingr_0000000050;ingr_0000000471;ingr_0000000014;ingr_0000000531;ingr_0000000112;ingr_0000000535;ingr_0000000094;ingr_0000000291;ingr_0000000030;ingr_0000000126,train,"[161, 46, 189, 49, 28, 45, 29, 122, 31, 534, 515, 463, 50, 471, 14, 531, 112, 535, 94, 291, 30, 126]",olive oil mushroom vinegar fish chicken carrot mixed greens garlic cucumbers country rice arugula beets tofu cherry tomatoes asparagus pumpkin seeds honeydew melons green onions onions salt lettuce mustard
dish_1566416299,44.9995,86.0,ingr_0000000043;ingr_0000000161,train,"[43, 161]",green beans olive oil
dish_1563221602,447.893616,306.0,ingr_0000000122;ingr_0000000126;ingr_0000000094;ingr_0000000473;ingr_0000000514;ingr_0000000392;ingr_0000000244;ingr_0000000054;ingr_0000000291;ingr_0000000027;ingr_0000000518;ingr_0000000161;ingr_0000000021;ingr_0000000189;ingr_0000000036;ingr_0000000148;ingr_0000000471,train,"[122, 126, 94, 473, 514, 392, 244, 54, 291, 27, 518, 161, 21, 189, 36, 148, 471]",garlic mustard onions cranberries wheat berry pepperoni pizza chicken breast apple salt broccoli thyme olive oil squash vinegar spinach (raw) parmesan cheese cherry tomatoes
dish_1558114484,151.479996,28.0,ingr_0000000004,train,[4],bacon
dish_1563555543,268.380005,280.0,ingr_0000000008;ingr_0000000038,train,"[8, 38]",scrambled eggs pineapple
dish_1563305005,1003.948853,720.0,ingr_0000000045;ingr_0000000025;ingr_0000000028;ingr_0000000514;ingr_0000000050;ingr_0000000036;ingr_0000000189;ingr_0000000094;ingr_0000000518;ingr_0000000161;ingr_0000000027;ingr_0000000291;ingr_0000000122;ingr_0000000508;ingr_0000000026;ingr_0000000498;ingr_0000000524;ingr_0000000072;ingr_0000000520;ingr_0000000312;ingr_0000000133;ingr_0000000203;ingr_0000000535,train,"[45, 25, 28, 514, 50, 36, 189, 94, 518, 161, 27, 291, 122, 508, 26, 498, 524, 72, 520, 312, 133, 203, 535]",carrot beef chicken wheat berry tofu spinach (raw) vinegar onions thyme olive oil broccoli salt garlic soy sauce white rice orange juice parsley kale lemon juice pepper shallots chili green onions
dish_1565383062,362.960022,403.0,ingr_0000000012;ingr_0000000028;ingr_0000000031;ingr_0000000036,train,"[12, 28, 31, 36]",olives chicken cucumbers spinach (raw)
dish_1560798815,404.963837,341.0,ingr_0000000011;ingr_0000000027;ingr_0000000072;ingr_0000000140;ingr_0000000050;ingr_0000000148;ingr_0000000306;ingr_0000000007,train,"[11, 27, 72, 140, 50, 148, 306, 7]",cheese pizza broccoli kale caesar dressing tofu parmesan cheese croutons cauliflower
dish_1562010293,633.833069,404.0,ingr_0000000462;ingr_0000000514;ingr_0000000448;ingr_0000000116;ingr_0000000312;ingr_0000000006;ingr_0000000045;ingr_0000000122;ingr_0000000291;ingr_0000000152;ingr_0000000520;ingr_0000000524;ingr_0000000161,train,"[462, 514, 448, 116, 312, 6, 45, 122, 291, 152, 520, 524, 161]",pork wheat berry jalapenos mayonnaise pepper caesar salad carrot garlic salt cabbage lemon juice parsley olive oil
dish_1562686520,346.47998,226.0,ingr_0000000510;ingr_0000000008,train,"[510, 8]",chicken apple sausage scrambled eggs
dish_1558380014,92.459999,134.0,ingr_0000000440,train,[440],grapes
dish_1562613010,90.271996,128.0,ingr_0000000029;ingr_0000000196,train,"[29, 196]",mixed greens cod
dish_1558631932,214.931992,355.0,ingr_0000000054;ingr_0000000205;ingr_0000000471,train,"[54, 205, 471]",apple corn on the cob cherry tomatoes
dish_1563911185,159.809174,133.0,ingr_0000000161;ingr_0000000043;ingr_0000000094;ingr_0000000032;ingr_0000000033;ingr_0000000291;ingr_0000000513;ingr_0000000028;ingr_0000000122;ingr_0000000312;ingr_0000000036;ingr_0000000448,train,"[161, 43, 94, 32, 33, 291, 513, 28, 122, 312, 36, 448]",olive oil green beans onions tomatoes bell peppers salt millet chicken garlic pepper spinach (raw) jalapenos
dish_1565194906,451.795471,839.0,ingr_0000000440;ingr_0000000121;ingr_0000000312;ingr_0000000475;ingr_0000000045;ingr_0000000291;ingr_0000000128;ingr_0000000161;ingr_0000000437,train,"[440, 121, 312, 475, 45, 291, 128, 161, 437]",grapes watermelon pepper salsa carrot salt egg whites olive oil sweet potato
dish_1560367698,556.721252,295.0,ingr_0000000161;ingr_0000000189;ingr_0000000471;ingr_0000000133;ingr_0000000524;ingr_0000000521;ingr_0000000520;ingr_0000000023;ingr_0000000312;ingr_0000000026;ingr_0000000122;ingr_0000000094;ingr_0000000291;ingr_0000000027;ingr_0000000462,train,"[161, 189, 471, 133, 524, 521, 520, 23, 312, 26, 122, 94, 291, 27, 462]",olive oil vinegar cherry tomatoes shallots parsley basil lemon juice brown rice pepper white rice garlic onions salt broccoli pork
dish_1558379712,687.939026,119.0,ingr_0000000077,train,[77],almonds
dish_1567612954,148.346344,155.0,ingr_0000000161;ingr_0000000437,train,"[161, 437]",olive oil sweet potato
dish_1558722968,560.286011,284.0,ingr_0000000471;ingr_0000000007;ingr_0000000077;ingr_0000000205,train,"[471, 7, 77, 205]",cherry tomatoes cauliflower almonds corn on the cob
dish_1562949205,80.220001,57.0,ingr_0000000037;ingr_0000000004,train,"[37, 4]",cantaloupe bacon
dish_1566332268,567.580994,595.0,ingr_0000000012;ingr_0000000028;ingr_0000000036;ingr_0000000042;ingr_0000000140;ingr_0000000031,train,"[12, 28, 36, 42, 140, 31]",olives chicken spinach (raw) avocado caesar dressing cucumbers
dish_1558116436,91.970001,17.0,ingr_0000000004,train,[4],bacon
dish_1566849387,619.901978,517.0,ingr_0000000148;ingr_0000000006;ingr_0000000012;ingr_0000000028;ingr_0000000029;ingr_0000000042,train,"[148, 6, 12, 28, 29, 42]",parmesan cheese caesar salad olives chicken mixed greens avocado
dish_1561481673,496.617004,324.0,ingr_0000000112;ingr_0000000192;ingr_0000000004;ingr_0000000008,train,"[112, 192, 4, 8]",honeydew melons yam bacon scrambled eggs
dish_1558380181,374.936005,313.0,ingr_0000000077;ingr_0000000453;ingr_0000000440,train,"[77, 453, 440]",almonds deprecated grapes
dish_1567625294,51.200001,32.0,ingr_0000000042,train,[42],avocado
dish_1564169644,433.416992,163.0,ingr_0000000011,train,[11],cheese pizza
dish_1558640941,21.73,53.0,ingr_0000000045,train,[45],carrot
dish_1559844611,55.889999,81.0,ingr_0000000440,train,[440],grapes
dish_1558028492,20.74,61.0,ingr_0000000037,train,[37],cantaloupe
dish_1563395449,214.63649,222.0,ingr_0000000251;ingr_0000000312;ingr_0000000052;ingr_0000000320;ingr_0000000021;ingr_0000000485;ingr_0000000434;ingr_0000000203;ingr_0000000032;ingr_0000000471;ingr_0000000045;ingr_0000000027;ingr_0000000011;ingr_0000000047;ingr_0000000036;ingr_0000000161;ingr_0000000094;ingr_0000000367;ingr_0000000122;ingr_0000000291,train,"[251, 312, 52, 320, 21, 485, 434, 203, 32, 471, 45, 27, 11, 47, 36, 161, 94, 367, 122, 291]",tortilla chips pepper cheese black beans squash zucchini sour cream chili tomatoes cherry tomatoes carrot broccoli cheese pizza corn spinach (raw) olive oil onions lime garlic salt
dish_1568313640,71.139999,145.0,ingr_0000000094;ingr_0000000046;ingr_0000000029;ingr_0000000042,train,"[94, 46, 29, 42]",onions mushroom mixed greens avocado
dish_1561492665,81.950653,93.0,ingr_0000000535;ingr_0000000291;ingr_0000000006;ingr_0000000122;ingr_0000000094;ingr_0000000161;ingr_0000000534;ingr_0000000049,train,"[535, 291, 6, 122, 94, 161, 534, 49]",green onions salt caesar salad garlic onions olive oil country rice fish
dish_1563555563,398.220001,304.0,ingr_0000000008;ingr_0000000038;ingr_0000000004,train,"[8, 38, 4]",scrambled eggs pineapple bacon
dish_1566849269,249.85202,153.0,ingr_0000000042;ingr_0000000148;ingr_0000000029,train,"[42, 148, 29]",avocado parmesan cheese mixed greens
dish_1565194823,386.59552,619.0,ingr_0000000437;ingr_0000000291;ingr_0000000312;ingr_0000000161;ingr_0000000045;ingr_0000000128;ingr_0000000440,train,"[437, 291, 312, 161, 45, 128, 440]",sweet potato salt pepper olive oil carrot egg whites grapes
dish_1562008517,401.729523,370.0,ingr_0000000122;ingr_0000000515;ingr_0000000116;ingr_0000000518;ingr_0000000161;ingr_0000000524;ingr_0000000031;ingr_0000000291;ingr_0000000133;ingr_0000000312;ingr_0000000377;ingr_0000000448;ingr_0000000514;ingr_0000000462;ingr_0000000016;ingr_0000000520;ingr_0000000152;ingr_0000000045,train,"[122, 515, 116, 518, 161, 524, 31, 291, 133, 312, 377, 448, 514, 462, 16, 520, 152, 45]",garlic arugula mayonnaise thyme olive oil parsley cucumbers salt shallots pepper quinoa jalapenos wheat berry pork brussels sprouts lemon juice cabbage carrot
dish_1558026684,24.139999,71.0,ingr_0000000037,train,[37],cantaloupe
dish_1562602803,121.742279,120.0,ingr_0000000543;ingr_0000000545;ingr_0000000502,train,"[543, 545, 502]",chia seeds greek yogurt milk
dish_1559842374,345.333008,137.0,ingr_0000000077;ingr_0000000507;ingr_0000000027,train,"[77, 507, 27]",almonds mandarin oranges broccoli
dish_1562872470,286.3815,282.0,ingr_0000000527;ingr_0000000538;ingr_0000000021;ingr_0000000515;ingr_0000000472;ingr_0000000036;ingr_0000000516;ingr_0000000524;ingr_0000000518;ingr_0000000161;ingr_0000000045;ingr_0000000434;ingr_0000000049;ingr_0000000312;ingr_0000000291;ingr_0000000047;ingr_0000000028;ingr_0000000525;ingr_0000000514;ingr_0000000539;ingr_0000000520;ingr_0000000521;ingr_0000000485;ingr_0000000122;ingr_0000000367,train,"[527, 538, 21, 515, 472, 36, 516, 524, 518, 161, 45, 434, 49, 312, 291, 47, 28, 525, 514, 539, 520, 521, 485, 122, 367]",chive jicama squash arugula couscous spinach (raw) rosemary parsley thyme olive oil carrot sour cream fish pepper salt corn chicken bok choy wheat berry nopales lemon juice basil zucchini garlic lime
dish_1562875898,271.116394,342.0,ingr_0000000525;ingr_0000000047;ingr_0000000538;ingr_0000000515;ingr_0000000539;ingr_0000000434;ingr_0000000161;ingr_0000000122;ingr_0000000527;ingr_0000000045;ingr_0000000367;ingr_0000000049;ingr_0000000312;ingr_0000000524;ingr_0000000291;ingr_0000000472,train,"[525, 47, 538, 515, 539, 434, 161, 122, 527, 45, 367, 49, 312, 524, 291, 472]",bok choy corn jicama arugula nopales sour cream olive oil garlic chive carrot lime fish pepper parsley salt couscous
dish_1559843052,53.5,130.0,ingr_0000000002;ingr_0000000507,train,"[2, 507]",strawberries mandarin oranges
dish_1564432165,246.028381,160.0,ingr_0000000367;ingr_0000000029;ingr_0000000471;ingr_0000000161;ingr_0000000189;ingr_0000000031;ingr_0000000392;ingr_0000000094;ingr_0000000038;ingr_0000000312;ingr_0000000291;ingr_0000000030,train,"[367, 29, 471, 161, 189, 31, 392, 94, 38, 312, 291, 30]",lime mixed greens cherry tomatoes olive oil vinegar cucumbers pepperoni pizza onions pineapple pepper salt lettuce
dish_1562617416,200.949997,168.0,ingr_0000000027;ingr_0000000392;ingr_0000000006,train,"[27, 392, 6]",broccoli pepperoni pizza caesar salad
dish_1567110756,111.720001,42.0,ingr_0000000380,train,[380],pizza
dish_1559846585,114.972008,201.0,ingr_0000000213,train,[213],pears
dish_1558632080,72.148003,68.0,ingr_0000000205,train,[205],corn on the cob
dish_1568405405,83.715767,74.0,ingr_0000000032;ingr_0000000122;ingr_0000000161;ingr_0000000526;ingr_0000000031;ingr_0000000126;ingr_0000000189;ingr_0000000036;ingr_0000000291,train,"[32, 122, 161, 526, 31, 126, 189, 36, 291]",tomatoes garlic olive oil mustard greens cucumbers mustard vinegar spinach (raw) salt
dish_1560541680,95.052574,77.0,ingr_0000000291;ingr_0000000124;ingr_0000000161;ingr_0000000126;ingr_0000000517;ingr_0000000515;ingr_0000000189;ingr_0000000201;ingr_0000000312,train,"[291, 124, 161, 126, 517, 515, 189, 201, 312]",salt walnuts olive oil mustard chard arugula vinegar blueberries pepper
dish_1562963648,252.588776,247.0,ingr_0000000029;ingr_0000000006;ingr_0000000045;ingr_0000000152;ingr_0000000380;ingr_0000000180;ingr_0000000122;ingr_0000000508;ingr_0000000161;ingr_0000000535;ingr_0000000189;ingr_0000000073,train,"[29, 6, 45, 152, 380, 180, 122, 508, 161, 535, 189, 73]",mixed greens caesar salad carrot cabbage pizza rice noodles garlic soy sauce olive oil green onions vinegar radishes
dish_1565022027,178.176575,267.0,ingr_0000000437;ingr_0000000128;ingr_0000000161,train,"[437, 128, 161]",sweet potato egg whites olive oil
dish_1562686492,160.0,100.0,ingr_0000000510,train,[510],chicken apple sausage
dish_1563997418,608.703918,400.0,ingr_0000000122;ingr_0000000133;ingr_0000000010;ingr_0000000312;ingr_0000000036;ingr_0000000201;ingr_0000000522;ingr_0000000520;ingr_0000000524;ingr_0000000126;ingr_0000000077;ingr_0000000448;ingr_0000000023;ingr_0000000189;ingr_0000000161;ingr_0000000291;ingr_0000000523;ingr_0000000045,train,"[122, 133, 10, 312, 36, 201, 522, 520, 524, 126, 77, 448, 23, 189, 161, 291, 523, 45]",garlic shallots steak pepper spinach (raw) blueberries tatsoi lemon juice parsley mustard almonds jalapenos brown rice vinegar olive oil salt cilantro carrot
dish_1562686664,119.129997,209.0,ingr_0000000013,train,[13],berries
dish_1565724552,108.80024,298.0,ingr_0000000485;ingr_0000000027;ingr_0000000161;ingr_0000000529,train,"[485, 27, 161, 529]",zucchini broccoli olive oil chayote squash
dish_1560453294,115.954453,138.0,ingr_0000000512;ingr_0000000312;ingr_0000000028;ingr_0000000514;ingr_0000000521;ingr_0000000122;ingr_0000000518;ingr_0000000291;ingr_0000000036;ingr_0000000021;ingr_0000000524;ingr_0000000485;ingr_0000000520;ingr_0000000516;ingr_0000000161,train,"[512, 312, 28, 514, 521, 122, 518, 291, 36, 21, 524, 485, 520, 516, 161]",kimchi pepper chicken wheat berry basil garlic thyme salt spinach (raw) squash parsley zucchini lemon juice rosemary olive oil
dish_1566500963,5.75,25.0,ingr_0000000036,train,[36],spinach (raw)
dish_1562783605,75.599998,270.0,ingr_0000000029,train,[29],mixed greens
dish_1562011727,372.352112,182.0,ingr_0000000514;ingr_0000000462;ingr_0000000448;ingr_0000000520;ingr_0000000312;ingr_0000000152;ingr_0000000045;ingr_0000000122;ingr_0000000291;ingr_0000000524;ingr_0000000116;ingr_0000000161,train,"[514, 462, 448, 520, 312, 152, 45, 122, 291, 524, 116, 161]",wheat berry pork jalapenos lemon juice pepper cabbage carrot garlic salt parsley mayonnaise olive oil
dish_1566847043,434.877106,483.0,ingr_0000000045;ingr_0000000122;ingr_0000000291;ingr_0000000520;ingr_0000000524;ingr_0000000152;ingr_0000000021;ingr_0000000448;ingr_0000000462;ingr_0000000514;ingr_0000000161;ingr_0000000116;ingr_0000000312,train,"[45, 122, 291, 520, 524, 152, 21, 448, 462, 514, 161, 116, 312]",carrot garlic salt lemon juice parsley cabbage squash jalapenos pork wheat berry olive oil mayonnaise pepper
dish_1565884738,228.659988,463.0,ingr_0000000121;ingr_0000000128,train,"[121, 128]",watermelon egg whites
dish_1565726915,196.879501,251.0,ingr_0000000161;ingr_0000000515;ingr_0000000189;ingr_0000000433;ingr_0000000021;ingr_0000000528;ingr_0000000094;ingr_0000000027;ingr_0000000126;ingr_0000000291;ingr_0000000473,train,"[161, 515, 189, 433, 21, 528, 94, 27, 126, 291, 473]",olive oil arugula vinegar roasted potatoes squash celery root onions broccoli mustard salt cranberries
dish_1563824406,474.136047,387.0,ingr_0000000471;ingr_0000000045;ingr_0000000033;ingr_0000000012;ingr_0000000105;ingr_0000000094,train,"[471, 45, 33, 12, 105, 94]",cherry tomatoes carrot bell peppers olives grilled chicken onions
dish_1561737223,503.782013,334.0,ingr_0000000039;ingr_0000000027;ingr_0000000128,train,"[39, 27, 128]",sausage broccoli egg whites
dish_1566502271,296.816895,359.0,ingr_0000000517;ingr_0000000524;ingr_0000000527;ingr_0000000161;ingr_0000000045;ingr_0000000006;ingr_0000000122;ingr_0000000291;ingr_0000000028;ingr_0000000520;ingr_0000000521;ingr_0000000023;ingr_0000000516,train,"[517, 524, 527, 161, 45, 6, 122, 291, 28, 520, 521, 23, 516]",chard parsley chive olive oil carrot caesar salad garlic salt chicken lemon juice basil brown rice rosemary
dish_1564605328,541.238098,349.0,ingr_0000000030;ingr_0000000033;ingr_0000000471;ingr_0000000094;ingr_0000000031;ingr_0000000319;ingr_0000000338;ingr_0000000012;ingr_0000000011,train,"[30, 33, 471, 94, 31, 319, 338, 12, 11]",lettuce bell peppers cherry tomatoes onions cucumbers feta cheese vinaigrette olives cheese pizza
dish_1559332822,540.587341,408.0,ingr_0000000471;ingr_0000000515;ingr_0000000189;ingr_0000000031;ingr_0000000485;ingr_0000000518;ingr_0000000161;ingr_0000000312;ingr_0000000291;ingr_0000000030;ingr_0000000332;ingr_0000000367;ingr_0000000023;ingr_0000000529;ingr_0000000094;ingr_0000000029,train,"[471, 515, 189, 31, 485, 518, 161, 312, 291, 30, 332, 367, 23, 529, 94, 29]",cherry tomatoes arugula vinegar cucumbers zucchini thyme olive oil pepper salt lettuce salmon lime brown rice chayote squash onions mixed greens
dish_1563908957,73.872749,159.0,ingr_0000000006;ingr_0000000161;ingr_0000000043,train,"[6, 161, 43]",caesar salad olive oil green beans
dish_1567542986,605.856323,498.0,ingr_0000000027;ingr_0000000011;ingr_0000000291;ingr_0000000045;ingr_0000000161;ingr_0000000094;ingr_0000000038;ingr_0000000025;ingr_0000000312;ingr_0000000523;ingr_0000000508;ingr_0000000520;ingr_0000000072;ingr_0000000498;ingr_0000000189;ingr_0000000006;ingr_0000000155;ingr_0000000203;ingr_0000000026;ingr_0000000535;ingr_0000000122,train,"[27, 11, 291, 45, 161, 94, 38, 25, 312, 523, 508, 520, 72, 498, 189, 6, 155, 203, 26, 535, 122]",broccoli cheese pizza salt carrot olive oil onions pineapple beef pepper cilantro soy sauce lemon juice kale orange juice vinegar caesar salad chicken thighs chili white rice green onions garlic
dish_1568401090,1158.98999,614.0,ingr_0000000027;ingr_0000000029;ingr_0000000042;ingr_0000000161;ingr_0000000028,train,"[27, 29, 42, 161, 28]",broccoli mixed greens avocado olive oil chicken
dish_1567106646,61.040001,201.0,ingr_0000000471;ingr_0000000033;ingr_0000000094,train,"[471, 33, 94]",cherry tomatoes bell peppers onions
dish_1563302391,401.215424,311.0,ingr_0000000518;ingr_0000000520;ingr_0000000524;ingr_0000000133;ingr_0000000122;ingr_0000000291;ingr_0000000433;ingr_0000000028;ingr_0000000036;ingr_0000000046;ingr_0000000514;ingr_0000000161,train,"[518, 520, 524, 133, 122, 291, 433, 28, 36, 46, 514, 161]",thyme lemon juice parsley shallots garlic salt roasted potatoes chicken spinach (raw) mushroom wheat berry olive oil
dish_1560369273,308.951691,221.0,ingr_0000000189;ingr_0000000023;ingr_0000000161;ingr_0000000094;ingr_0000000521;ingr_0000000291;ingr_0000000122;ingr_0000000049;ingr_0000000471;ingr_0000000312;ingr_0000000462;ingr_0000000534;ingr_0000000520;ingr_0000000524;ingr_0000000027;ingr_0000000535;ingr_0000000133,train,"[189, 23, 161, 94, 521, 291, 122, 49, 471, 312, 462, 534, 520, 524, 27, 535, 133]",vinegar brown rice olive oil onions basil salt garlic fish cherry tomatoes pepper pork country rice lemon juice parsley broccoli green onions shallots
dish_1566934085,82.590729,259.0,ingr_0000000161;ingr_0000000007;ingr_0000000525,train,"[161, 7, 525]",olive oil cauliflower bok choy
dish_1558115169,151.479996,28.0,ingr_0000000004,train,[4],bacon
dish_1560442374,90.637001,233.0,ingr_0000000166,train,[166],grapefruit juice
dish_1560527225,937.789368,503.0,ingr_0000000122;ingr_0000000032;ingr_0000000526;ingr_0000000005;ingr_0000000161;ingr_0000000031;ingr_0000000189;ingr_0000000036;ingr_0000000126;ingr_0000000004;ingr_0000000039;ingr_0000000008;ingr_0000000013;ingr_0000000291,train,"[122, 32, 526, 5, 161, 31, 189, 36, 126, 4, 39, 8, 13, 291]",garlic tomatoes mustard greens potatoes olive oil cucumbers vinegar spinach (raw) mustard bacon sausage scrambled eggs berries salt
dish_1558628711,129.064499,129.0,ingr_0000000192;ingr_0000000437,train,"[192, 437]",yam sweet potato
dish_1567106668,80.309998,248.0,ingr_0000000094;ingr_0000000471;ingr_0000000045;ingr_0000000033,train,"[94, 471, 45, 33]",onions cherry tomatoes carrot bell peppers
dish_1560357297,942.454041,492.0,ingr_0000000039;ingr_0000000008,train,"[39, 8]",sausage scrambled eggs
dish_1560444756,150.779999,418.0,ingr_0000000112;ingr_0000000038;ingr_0000000121,train,"[112, 38, 121]",honeydew melons pineapple watermelon
dish_1558110245,29.07,51.0,ingr_0000000013,train,[13],berries
dish_1563913588,180.811996,68.0,ingr_0000000011,train,[11],cheese pizza
dish_1565728591,388.406616,322.0,ingr_0000000524;ingr_0000000518;ingr_0000000161;ingr_0000000094;ingr_0000000514;ingr_0000000021;ingr_0000000036;ingr_0000000189;ingr_0000000025;ingr_0000000122;ingr_0000000133;ingr_0000000028;ingr_0000000525;ingr_0000000291;ingr_0000000011;ingr_0000000520;ingr_0000000433;ingr_0000000027;ingr_0000000513;ingr_0000000511,train,"[524, 518, 161, 94, 514, 21, 36, 189, 25, 122, 133, 28, 525, 291, 11, 520, 433, 27, 513, 511]",parsley thyme olive oil onions wheat berry squash spinach (raw) vinegar beef garlic shallots chicken bok choy salt cheese pizza lemon juice roasted potatoes broccoli millet spinach (cooked)
dish_1556575700,0.0,86.0,ingr_0000000423,train,[423],plate only
dish_1562787745,85.357742,58.0,ingr_0000000122;ingr_0000000153;ingr_0000000291;ingr_0000000133;ingr_0000000473;ingr_0000000526;ingr_0000000161;ingr_0000000520;ingr_0000000515;ingr_0000000524;ingr_0000000054,train,"[122, 153, 291, 133, 473, 526, 161, 520, 515, 524, 54]",garlic bulgur salt shallots cranberries mustard greens olive oil lemon juice arugula parsley apple
dish_1563900120,46.896584,49.0,ingr_0000000437;ingr_0000000161,train,"[437, 161]",sweet potato olive oil
dish_1560874548,41.040001,72.0,ingr_0000000013,train,[13],berries
dish_1558721959,11.160001,62.0,ingr_0000000471,train,[471],cherry tomatoes
dish_1561491154,166.137466,158.0,ingr_0000000471;ingr_0000000527;ingr_0000000122;ingr_0000000161;ingr_0000000524;ingr_0000000036;ingr_0000000517;ingr_0000000189;ingr_0000000049;ingr_0000000133;ingr_0000000126;ingr_0000000520;ingr_0000000201;ingr_0000000514;ingr_0000000073;ingr_0000000291,train,"[471, 527, 122, 161, 524, 36, 517, 189, 49, 133, 126, 520, 201, 514, 73, 291]",cherry tomatoes chive garlic olive oil parsley spinach (raw) chard vinegar fish shallots mustard lemon juice blueberries wheat berry radishes salt
dish_1563477736,277.047302,234.0,ingr_0000000133;ingr_0000000332;ingr_0000000189;ingr_0000000036;ingr_0000000524;ingr_0000000520;ingr_0000000203;ingr_0000000122;ingr_0000000523;ingr_0000000291;ingr_0000000448;ingr_0000000312;ingr_0000000540;ingr_0000000023;ingr_0000000054;ingr_0000000161;ingr_0000000016;ingr_0000000094;ingr_0000000367;ingr_0000000513;ingr_0000000029,train,"[133, 332, 189, 36, 524, 520, 203, 122, 523, 291, 448, 312, 540, 23, 54, 161, 16, 94, 367, 513, 29]",shallots salmon vinegar spinach (raw) parsley lemon juice chili garlic cilantro salt jalapenos pepper ginger brown rice apple olive oil brussels sprouts onions lime millet mixed greens
dish_1558639195,238.25,346.0,ingr_0000000440;ingr_0000000045;ingr_0000000205;ingr_0000000054,train,"[440, 45, 205, 54]",grapes carrot corn on the cob apple
dish_1560454970,9.900001,55.0,ingr_0000000471,train,[471],cherry tomatoes
dish_1556575083,27.52,64.0,ingr_0000000016,train,[16],brussels sprouts
dish_1563218201,352.872009,156.0,ingr_0000000105,train,[105],grilled chicken
dish_1558722748,51.988998,49.0,ingr_0000000205,train,[205],corn on the cob
dish_1567628193,492.683044,439.0,ingr_0000000377;ingr_0000000054;ingr_0000000515;ingr_0000000517;ingr_0000000094;ingr_0000000072;ingr_0000000122;ingr_0000000473;ingr_0000000133;ingr_0000000534;ingr_0000000535;ingr_0000000153;ingr_0000000049;ingr_0000000524;ingr_0000000520;ingr_0000000526;ingr_0000000161;ingr_0000000291,train,"[377, 54, 515, 517, 94, 72, 122, 473, 133, 534, 535, 153, 49, 524, 520, 526, 161, 291]",quinoa apple arugula chard onions kale garlic cranberries shallots country rice green onions bulgur fish parsley lemon juice mustard greens olive oil salt
dish_1566328988,747.747803,398.0,ingr_0000000525;ingr_0000000133;ingr_0000000025;ingr_0000000189;ingr_0000000448;ingr_0000000033;ingr_0000000036;ingr_0000000312;ingr_0000000094;ingr_0000000161;ingr_0000000032;ingr_0000000122;ingr_0000000194;ingr_0000000028;ingr_0000000011;ingr_0000000291;ingr_0000000511;ingr_0000000513,train,"[525, 133, 25, 189, 448, 33, 36, 312, 94, 161, 32, 122, 194, 28, 11, 291, 511, 513]",bok choy shallots beef vinegar jalapenos bell peppers spinach (raw) pepper onions olive oil tomatoes garlic fried rice chicken cheese pizza salt spinach (cooked) millet
dish_1560441339,280.679993,154.0,ingr_0000000004;ingr_0000000377;ingr_0000000005;ingr_0000000525;ingr_0000000008,train,"[4, 377, 5, 525, 8]",bacon quinoa potatoes bok choy scrambled eggs
dish_1563898688,32.549999,93.0,ingr_0000000027,train,[27],broccoli
dish_1565021965,92.039993,177.0,ingr_0000000128,train,[128],egg whites
dish_1561753021,918.175781,573.0,ingr_0000000122;ingr_0000000052;ingr_0000000312;ingr_0000000515;ingr_0000000023;ingr_0000000006;ingr_0000000155;ingr_0000000094;ingr_0000000161;ingr_0000000291;ingr_0000000523;ingr_0000000332;ingr_0000000518;ingr_0000000060;ingr_0000000032;ingr_0000000203,train,"[122, 52, 312, 515, 23, 6, 155, 94, 161, 291, 523, 332, 518, 60, 32, 203]",garlic cheese pepper arugula brown rice caesar salad chicken thighs onions olive oil salt cilantro salmon thyme tortilla tomatoes chili
dish_1565640576,307.28656,267.0,ingr_0000000161;ingr_0000000520;ingr_0000000094;ingr_0000000291;ingr_0000000523;ingr_0000000026;ingr_0000000471;ingr_0000000448;ingr_0000000515;ingr_0000000349;ingr_0000000462;ingr_0000000526;ingr_0000000031;ingr_0000000032;ingr_0000000524;ingr_0000000367;ingr_0000000122;ingr_0000000516;ingr_0000000014;ingr_0000000485,train,"[161, 520, 94, 291, 523, 26, 471, 448, 515, 349, 462, 526, 31, 32, 524, 367, 122, 516, 14, 485]",olive oil lemon juice onions salt cilantro white rice cherry tomatoes jalapenos arugula mangos pork mustard greens cucumbers tomatoes parsley lime garlic rosemary asparagus zucchini
dish_1560543605,485.570892,501.0,ingr_0000000312;ingr_0000000541;ingr_0000000291;ingr_0000000012;ingr_0000000028;ingr_0000000023;ingr_0000000448;ingr_0000000515;ingr_0000000161;ingr_0000000094;ingr_0000000189;ingr_0000000122;ingr_0000000027;ingr_0000000535;ingr_0000000032;ingr_0000000026;ingr_0000000043;ingr_0000000036;ingr_0000000540;ingr_0000000520;ingr_0000000508;ingr_0000000006;ingr_0000000377;ingr_0000000523;ingr_0000000049,train,"[312, 541, 291, 12, 28, 23, 448, 515, 161, 94, 189, 122, 27, 535, 32, 26, 43, 36, 540, 520, 508, 6, 377, 523, 49]",pepper tomatillo salt olives chicken brown rice jalapenos arugula olive oil onions vinegar garlic broccoli green onions tomatoes white rice green beans spinach (raw) ginger lemon juice soy sauce caesar salad quinoa cilantro fish
dish_1560961385,249.519989,293.0,ingr_0000000437;ingr_0000000008;ingr_0000000002;ingr_0000000027,train,"[437, 8, 2, 27]",sweet potato scrambled eggs strawberries broccoli
dish_1564590115,115.805847,121.0,ingr_0000000437;ingr_0000000161,train,"[437, 161]",sweet potato olive oil
dish_1561577731,274.257721,334.0,ingr_0000000133;ingr_0000000046;ingr_0000000291;ingr_0000000094;ingr_0000000161;ingr_0000000007;ingr_0000000189;ingr_0000000025;ingr_0000000511;ingr_0000000525;ingr_0000000513,train,"[133, 46, 291, 94, 161, 7, 189, 25, 511, 525, 513]",shallots mushroom salt onions olive oil cauliflower vinegar beef spinach (cooked) bok choy millet
dish_1568044634,413.19339,789.0,ingr_0000000475;ingr_0000000437;ingr_0000000161;ingr_0000000128;ingr_0000000121,train,"[475, 437, 161, 128, 121]",salsa sweet potato olive oil egg whites watermelon
dish_1561663914,257.398834,205.0,ingr_0000000028;ingr_0000000527;ingr_0000000122;ingr_0000000189;ingr_0000000205;ingr_0000000508;ingr_0000000462;ingr_0000000312;ingr_0000000161;ingr_0000000026;ingr_0000000045;ingr_0000000054;ingr_0000000525;ingr_0000000517;ingr_0000000023;ingr_0000000043;ingr_0000000521;ingr_0000000516;ingr_0000000291;ingr_0000000520;ingr_0000000524;ingr_0000000094;ingr_0000000328;ingr_0000000029;ingr_0000000513,train,"[28, 527, 122, 189, 205, 508, 462, 312, 161, 26, 45, 54, 525, 517, 23, 43, 521, 516, 291, 520, 524, 94, 328, 29, 513]",chicken chive garlic vinegar corn on the cob soy sauce pork pepper olive oil white rice carrot apple bok choy chard brown rice green beans basil rosemary salt lemon juice parsley onions sugar mixed greens millet
dish_1564082323,748.861206,518.0,ingr_0000000122;ingr_0000000026;ingr_0000000006;ingr_0000000023;ingr_0000000517;ingr_0000000462;ingr_0000000521;ingr_0000000524;ingr_0000000516;ingr_0000000508;ingr_0000000045;ingr_0000000028;ingr_0000000312;ingr_0000000161;ingr_0000000520;ingr_0000000525;ingr_0000000291;ingr_0000000527;ingr_0000000328,train,"[122, 26, 6, 23, 517, 462, 521, 524, 516, 508, 45, 28, 312, 161, 520, 525, 291, 527, 328]",garlic white rice caesar salad brown rice chard pork basil parsley rosemary soy sauce carrot chicken pepper olive oil lemon juice bok choy salt chive sugar
dish_1562613898,120.636047,162.0,ingr_0000000133;ingr_0000000291;ingr_0000000153;ingr_0000000520;ingr_0000000526;ingr_0000000161;ingr_0000000122;ingr_0000000473;ingr_0000000027;ingr_0000000515;ingr_0000000524;ingr_0000000054,train,"[133, 291, 153, 520, 526, 161, 122, 473, 27, 515, 524, 54]",shallots salt bulgur lemon juice mustard greens olive oil garlic cranberries broccoli arugula parsley apple
dish_1563566626,62.099998,54.0,ingr_0000000012,train,[12],olives
dish_1567023161,141.699997,134.0,ingr_0000000028;ingr_0000000512;ingr_0000000012,train,"[28, 512, 12]",chicken kimchi olives
dish_1558722370,19.75,79.0,ingr_0000000007,train,[7],cauliflower
dish_1561060613,323.673248,304.0,ingr_0000000525;ingr_0000000332;ingr_0000000038;ingr_0000000448;ingr_0000000161;ingr_0000000203;ingr_0000000523;ingr_0000000291;ingr_0000000011;ingr_0000000540;ingr_0000000050;ingr_0000000036;ingr_0000000023;ingr_0000000520;ingr_0000000094;ingr_0000000367;ingr_0000000016;ingr_0000000133;ingr_0000000122,train,"[525, 332, 38, 448, 161, 203, 523, 291, 11, 540, 50, 36, 23, 520, 94, 367, 16, 133, 122]",bok choy salmon pineapple jalapenos olive oil chili cilantro salt cheese pizza ginger tofu spinach (raw) brown rice lemon juice onions lime brussels sprouts shallots garlic
dish_1561575445,35.458431,123.0,ingr_0000000291;ingr_0000000335;ingr_0000000007;ingr_0000000161,train,"[291, 335, 7, 161]",salt eggplant cauliflower olive oil
dish_1559060055,26.730001,81.0,ingr_0000000002,train,[2],strawberries
dish_1558381840,113.849998,69.0,ingr_0000000028,train,[28],chicken
dish_1562873416,52.360001,119.0,ingr_0000000006,train,[6],caesar salad
dish_1558381708,16.43,53.0,ingr_0000000043,train,[43],green beans
dish_1563553780,557.728821,167.0,ingr_0000000294;ingr_0000000029;ingr_0000000041;ingr_0000000040;ingr_0000000338;ingr_0000000004;ingr_0000000077,train,"[294, 29, 41, 40, 338, 4, 77]",granola mixed greens blackberries raspberries vinaigrette bacon almonds
dish_1561661806,183.475952,89.0,ingr_0000000122;ingr_0000000291;ingr_0000000328;ingr_0000000026;ingr_0000000508;ingr_0000000462;ingr_0000000312;ingr_0000000525,train,"[122, 291, 328, 26, 508, 462, 312, 525]",garlic salt sugar white rice soy sauce pork pepper bok choy
dish_1563222800,302.318085,146.0,ingr_0000000244;ingr_0000000471;ingr_0000000462;ingr_0000000036;ingr_0000000392;ingr_0000000094;ingr_0000000485;ingr_0000000161;ingr_0000000524;ingr_0000000026;ingr_0000000514;ingr_0000000148;ingr_0000000515;ingr_0000000516;ingr_0000000518;ingr_0000000122;ingr_0000000291,train,"[244, 471, 462, 36, 392, 94, 485, 161, 524, 26, 514, 148, 515, 516, 518, 122, 291]",chicken breast cherry tomatoes pork spinach (raw) pepperoni pizza onions zucchini olive oil parsley white rice wheat berry parmesan cheese arugula rosemary thyme garlic salt
dish_1568060461,376.762451,304.0,ingr_0000000026;ingr_0000000515;ingr_0000000524;ingr_0000000485;ingr_0000000161;ingr_0000000471;ingr_0000000367;ingr_0000000291;ingr_0000000349;ingr_0000000462;ingr_0000000448;ingr_0000000516;ingr_0000000031;ingr_0000000520;ingr_0000000094;ingr_0000000526;ingr_0000000523;ingr_0000000122;ingr_0000000032,train,"[26, 515, 524, 485, 161, 471, 367, 291, 349, 462, 448, 516, 31, 520, 94, 526, 523, 122, 32]",white rice arugula parsley zucchini olive oil cherry tomatoes lime salt mangos pork jalapenos rosemary cucumbers lemon juice onions mustard greens cilantro garlic tomatoes
dish_1560961202,171.069992,153.0,ingr_0000000008;ingr_0000000027,train,"[8, 27]",scrambled eggs broccoli
dish_1561737293,801.822021,636.0,ingr_0000000027;ingr_0000000037;ingr_0000000039;ingr_0000000038;ingr_0000000128;ingr_0000000015,train,"[27, 37, 39, 38, 128, 15]",broccoli cantaloupe sausage pineapple egg whites hash browns
dish_1566590946,405.611877,228.0,ingr_0000000518;ingr_0000000161;ingr_0000000291;ingr_0000000023;ingr_0000000515;ingr_0000000312;ingr_0000000332,train,"[518, 161, 291, 23, 515, 312, 332]",thyme olive oil salt brown rice arugula pepper salmon
dish_1565021220,543.713135,361.0,ingr_0000000342;ingr_0000000128;ingr_0000000437;ingr_0000000291;ingr_0000000161;ingr_0000000337;ingr_0000000050;ingr_0000000312;ingr_0000000039,train,"[342, 128, 437, 291, 161, 337, 50, 312, 39]",turnips egg whites sweet potato salt olive oil waffles tofu pepper sausage
dish_1562701956,6.84,38.0,ingr_0000000471,train,[471],cherry tomatoes
dish_1563475874,93.029999,251.0,ingr_0000000038;ingr_0000000112;ingr_0000000007,train,"[38, 112, 7]",pineapple honeydew melons cauliflower
dish_1563551360,322.640015,218.0,ingr_0000000008,train,[8],scrambled eggs
dish_1563563289,331.901978,218.0,ingr_0000000012;ingr_0000000105;ingr_0000000471,train,"[12, 105, 471]",olives grilled chicken cherry tomatoes
dish_1562009182,306.229919,274.0,ingr_0000000312;ingr_0000000126;ingr_0000000082;ingr_0000000016;ingr_0000000524;ingr_0000000517;ingr_0000000514;ingr_0000000201;ingr_0000000122;ingr_0000000189;ingr_0000000045;ingr_0000000161;ingr_0000000152;ingr_0000000520;ingr_0000000515;ingr_0000000116;ingr_0000000050;ingr_0000000462;ingr_0000000448;ingr_0000000291,train,"[312, 126, 82, 16, 524, 517, 514, 201, 122, 189, 45, 161, 152, 520, 515, 116, 50, 462, 448, 291]",pepper mustard pecans brussels sprouts parsley chard wheat berry blueberries garlic vinegar carrot olive oil cabbage lemon juice arugula mayonnaise tofu pork jalapenos salt
dish_1562007763,290.70047,298.0,ingr_0000000291;ingr_0000000515;ingr_0000000377;ingr_0000000524;ingr_0000000006;ingr_0000000122;ingr_0000000133;ingr_0000000520;ingr_0000000518;ingr_0000000161,train,"[291, 515, 377, 524, 6, 122, 133, 520, 518, 161]",salt arugula quinoa parsley caesar salad garlic shallots lemon juice thyme olive oil
dish_1559845046,313.625977,207.0,ingr_0000000005;ingr_0000000507;ingr_0000000027;ingr_0000000077,train,"[5, 507, 27, 77]",potatoes mandarin oranges broccoli almonds
dish_1563219056,416.869659,258.0,ingr_0000000026;ingr_0000000012;ingr_0000000392;ingr_0000000515;ingr_0000000471;ingr_0000000462;ingr_0000000516;ingr_0000000524;ingr_0000000094;ingr_0000000485;ingr_0000000161;ingr_0000000291;ingr_0000000034;ingr_0000000122,train,"[26, 12, 392, 515, 471, 462, 516, 524, 94, 485, 161, 291, 34, 122]",white rice olives pepperoni pizza arugula cherry tomatoes pork rosemary parsley onions zucchini olive oil salt celery garlic
dish_1559846334,126.172005,233.0,ingr_0000000213;ingr_0000000027,train,"[213, 27]",pears broccoli
dish_1565033220,908.60498,578.0,ingr_0000000029;ingr_0000000012;ingr_0000000027;ingr_0000000028;ingr_0000000338,train,"[29, 12, 27, 28, 338]",mixed greens olives broccoli chicken vinaigrette
dish_1562010394,188.610443,116.0,ingr_0000000312;ingr_0000000122;ingr_0000000031;ingr_0000000520;ingr_0000000524;ingr_0000000094;ingr_0000000189;ingr_0000000514;ingr_0000000471;ingr_0000000291;ingr_0000000367;ingr_0000000029;ingr_0000000045;ingr_0000000161;ingr_0000000152;ingr_0000000116;ingr_0000000448;ingr_0000000462;ingr_0000000030,train,"[312, 122, 31, 520, 524, 94, 189, 514, 471, 291, 367, 29, 45, 161, 152, 116, 448, 462, 30]",pepper garlic cucumbers lemon juice parsley onions vinegar wheat berry cherry tomatoes salt lime mixed greens carrot olive oil cabbage mayonnaise jalapenos pork lettuce
dish_1563395341,143.585999,54.0,ingr_0000000011,train,[11],cheese pizza
dish_1558114609,540.89801,160.0,ingr_0000000440;ingr_0000000039;ingr_0000000077;ingr_0000000004,train,"[440, 39, 77, 4]",grapes sausage almonds bacon
dish_1566415558,169.100739,234.0,ingr_0000000161;ingr_0000000524;ingr_0000000520;ingr_0000000291;ingr_0000000122;ingr_0000000133;ingr_0000000527;ingr_0000000471;ingr_0000000049;ingr_0000000517;ingr_0000000043;ingr_0000000514,train,"[161, 524, 520, 291, 122, 133, 527, 471, 49, 517, 43, 514]",olive oil parsley lemon juice salt garlic shallots chive cherry tomatoes fish chard green beans wheat berry
dish_1558629578,22.5,90.0,ingr_0000000007,train,[7],cauliflower
dish_1559593722,140.562927,106.0,ingr_0000000072;ingr_0000000189;ingr_0000000201;ingr_0000000517;ingr_0000000291;ingr_0000000312;ingr_0000000377;ingr_0000000531;ingr_0000000124;ingr_0000000161;ingr_0000000515;ingr_0000000126,train,"[72, 189, 201, 517, 291, 312, 377, 531, 124, 161, 515, 126]",kale vinegar blueberries chard salt pepper quinoa pumpkin seeds walnuts olive oil arugula mustard
dish_1561480439,155.161987,189.0,ingr_0000000080;ingr_0000000038;ingr_0000000013,train,"[80, 38, 13]",turkey bacon pineapple berries
dish_1562702355,68.882935,99.0,ingr_0000000033;ingr_0000000030;ingr_0000000094;ingr_0000000031;ingr_0000000338;ingr_0000000471;ingr_0000000319;ingr_0000000012,train,"[33, 30, 94, 31, 338, 471, 319, 12]",bell peppers lettuce onions cucumbers vinaigrette cherry tomatoes feta cheese olives
dish_1563220171,465.47464,363.0,ingr_0000000161;ingr_0000000514;ingr_0000000518;ingr_0000000027;ingr_0000000291;ingr_0000000122;ingr_0000000023;ingr_0000000148;ingr_0000000471;ingr_0000000244;ingr_0000000036;ingr_0000000392;ingr_0000000021,train,"[161, 514, 518, 27, 291, 122, 23, 148, 471, 244, 36, 392, 21]",olive oil wheat berry thyme broccoli salt garlic brown rice parmesan cheese cherry tomatoes chicken breast spinach (raw) pepperoni pizza squash
dish_1568314951,496.129456,325.0,ingr_0000000291;ingr_0000000367;ingr_0000000511;ingr_0000000523;ingr_0000000161;ingr_0000000094;ingr_0000000042;ingr_0000000036;ingr_0000000448;ingr_0000000520;ingr_0000000332;ingr_0000000203;ingr_0000000032;ingr_0000000133;ingr_0000000122;ingr_0000000540;ingr_0000000023;ingr_0000000189;ingr_0000000525;ingr_0000000513;ingr_0000000025,train,"[291, 367, 511, 523, 161, 94, 42, 36, 448, 520, 332, 203, 32, 133, 122, 540, 23, 189, 525, 513, 25]",salt lime spinach (cooked) cilantro olive oil onions avocado spinach (raw) jalapenos lemon juice salmon chili tomatoes shallots garlic ginger brown rice vinegar bok choy millet beef
dish_1559674781,81.660004,203.0,ingr_0000000440;ingr_0000000112,train,"[440, 112]",grapes honeydew melons
dish_1563827162,319.539948,354.0,ingr_0000000508;ingr_0000000026;ingr_0000000540;ingr_0000000021;ingr_0000000161;ingr_0000000122;ingr_0000000535;ingr_0000000011;ingr_0000000027;ingr_0000000006;ingr_0000000038;ingr_0000000028;ingr_0000000036;ingr_0000000043;ingr_0000000189;ingr_0000000485;ingr_0000000291,train,"[508, 26, 540, 21, 161, 122, 535, 11, 27, 6, 38, 28, 36, 43, 189, 485, 291]",soy sauce white rice ginger squash olive oil garlic green onions cheese pizza broccoli caesar salad pineapple chicken spinach (raw) green beans vinegar zucchini salt
dish_1560798707,298.022003,139.0,ingr_0000000027;ingr_0000000011,train,"[27, 11]",broccoli cheese pizza
dish_1568315177,637.806702,497.0,ingr_0000000377;ingr_0000000540;ingr_0000000448;ingr_0000000023;ingr_0000000140;ingr_0000000161;ingr_0000000523;ingr_0000000203;ingr_0000000367;ingr_0000000291;ingr_0000000513;ingr_0000000525;ingr_0000000148;ingr_0000000042;ingr_0000000036;ingr_0000000043;ingr_0000000046;ingr_0000000122;ingr_0000000012;ingr_0000000332;ingr_0000000520;ingr_0000000072;ingr_0000000025;ingr_0000000189;ingr_0000000094;ingr_0000000306;ingr_0000000511;ingr_0000000133;ingr_0000000032,train,"[377, 540, 448, 23, 140, 161, 523, 203, 367, 291, 513, 525, 148, 42, 36, 43, 46, 122, 12, 332, 520, 72, 25, 189, 94, 306, 511, 133, 32]",quinoa ginger jalapenos brown rice caesar dressing olive oil cilantro chili lime salt millet bok choy parmesan cheese avocado spinach (raw) green beans mushroom garlic olives salmon lemon juice kale beef vinegar onions croutons spinach (cooked) shallots tomatoes
dish_1558031675,248.882004,180.0,ingr_0000000192;ingr_0000000004;ingr_0000000037,train,"[192, 4, 37]",yam bacon cantaloupe
dish_1558116001,569.807007,223.0,ingr_0000000077;ingr_0000000440;ingr_0000000039;ingr_0000000004;ingr_0000000005,train,"[77, 440, 39, 4, 5]",almonds grapes sausage bacon potatoes
dish_1560369102,69.738571,121.0,ingr_0000000122;ingr_0000000126;ingr_0000000291;ingr_0000000161;ingr_0000000201;ingr_0000000036;ingr_0000000189;ingr_0000000073;ingr_0000000014,train,"[122, 126, 291, 161, 201, 36, 189, 73, 14]",garlic mustard salt olive oil blueberries spinach (raw) vinegar radishes asparagus
dish_1558724932,416.231995,72.0,ingr_0000000077,train,[77],almonds
dish_1561741174,245.839996,113.0,ingr_0000000008;ingr_0000000004,train,"[8, 4]",scrambled eggs bacon
dish_1560367676,430.621216,198.0,ingr_0000000161;ingr_0000000133;ingr_0000000027;ingr_0000000094;ingr_0000000524;ingr_0000000122;ingr_0000000521;ingr_0000000520;ingr_0000000189;ingr_0000000462;ingr_0000000023;ingr_0000000291;ingr_0000000471;ingr_0000000312,train,"[161, 133, 27, 94, 524, 122, 521, 520, 189, 462, 23, 291, 471, 312]",olive oil shallots broccoli onions parsley garlic basil lemon juice vinegar pork brown rice salt cherry tomatoes pepper
dish_1560356566,676.799988,213.0,ingr_0000000008;ingr_0000000004,train,"[8, 4]",scrambled eggs bacon
dish_1558640563,4.14,23.0,ingr_0000000471,train,[471],cherry tomatoes
dish_1562688482,193.459991,169.0,ingr_0000000433;ingr_0000000510;ingr_0000000440,train,"[433, 510, 440]",roasted potatoes chicken apple sausage grapes
dish_1562875241,479.689514,275.0,ingr_0000000028;ingr_0000000312;ingr_0000000021;ingr_0000000514;ingr_0000000521;ingr_0000000161;ingr_0000000516;ingr_0000000380;ingr_0000000291;ingr_0000000122;ingr_0000000036;ingr_0000000518;ingr_0000000524;ingr_0000000485;ingr_0000000520;ingr_0000000006,train,"[28, 312, 21, 514, 521, 161, 516, 380, 291, 122, 36, 518, 524, 485, 520, 6]",chicken pepper squash wheat berry basil olive oil rosemary pizza salt garlic spinach (raw) thyme parsley zucchini lemon juice caesar salad
dish_1563563240,48.299999,42.0,ingr_0000000012,train,[12],olives
dish_1565711270,31.620001,93.0,ingr_0000000037,train,[37],cantaloupe
dish_1565378680,92.418648,81.0,ingr_0000000161;ingr_0000000514,train,"[161, 514]",olive oil wheat berry
dish_1565972429,468.493896,831.0,ingr_0000000161;ingr_0000000128;ingr_0000000437;ingr_0000000475,train,"[161, 128, 437, 475]",olive oil egg whites sweet potato salsa
dish_1558719145,547.072998,416.0,ingr_0000000037;ingr_0000000471;ingr_0000000077;ingr_0000000054,train,"[37, 471, 77, 54]",cantaloupe cherry tomatoes almonds apple
dish_1561578676,212.034836,224.0,ingr_0000000094;ingr_0000000161;ingr_0000000007;ingr_0000000291;ingr_0000000433;ingr_0000000513;ingr_0000000511;ingr_0000000133;ingr_0000000525;ingr_0000000025;ingr_0000000046;ingr_0000000189,train,"[94, 161, 7, 291, 433, 513, 511, 133, 525, 25, 46, 189]",onions olive oil cauliflower salt roasted potatoes millet spinach (cooked) shallots bok choy beef mushroom vinegar
dish_1560366410,58.741066,96.0,ingr_0000000201;ingr_0000000126;ingr_0000000124;ingr_0000000291;ingr_0000000312;ingr_0000000014;ingr_0000000161;ingr_0000000515;ingr_0000000517;ingr_0000000189,train,"[201, 126, 124, 291, 312, 14, 161, 515, 517, 189]",blueberries mustard walnuts salt pepper asparagus olive oil arugula chard vinegar
dish_1565637504,28.0,56.0,ingr_0000000038,train,[38],pineapple
dish_1559667994,445.299988,213.0,ingr_0000000008;ingr_0000000015;ingr_0000000264;ingr_0000000495,train,"[8, 15, 264, 495]",scrambled eggs hash browns bagels cream cheese
dish_1567613019,376.526337,645.0,ingr_0000000437;ingr_0000000161;ingr_0000000121;ingr_0000000128,train,"[437, 161, 121, 128]",sweet potato olive oil watermelon egg whites
dish_1562777037,215.273514,171.0,ingr_0000000016;ingr_0000000008;ingr_0000000161;ingr_0000000312;ingr_0000000291,train,"[16, 8, 161, 312, 291]",brussels sprouts scrambled eggs olive oil pepper salt
dish_1558640849,105.23999,238.0,ingr_0000000054;ingr_0000000007;ingr_0000000045,train,"[54, 7, 45]",apple cauliflower carrot
dish_1562603895,1268.157349,517.0,ingr_0000000041;ingr_0000000029;ingr_0000000338;ingr_0000000015;ingr_0000000008;ingr_0000000040;ingr_0000000294;ingr_0000000039,train,"[41, 29, 338, 15, 8, 40, 294, 39]",blackberries mixed greens vinaigrette hash browns scrambled eggs raspberries granola sausage
dish_1558457468,23.800001,70.0,ingr_0000000037,train,[37],cantaloupe
dish_1558630038,12.75,51.0,ingr_0000000007,train,[7],cauliflower
dish_1564170836,240.164917,135.0,ingr_0000000332;ingr_0000000161;ingr_0000000515;ingr_0000000023;ingr_0000000291;ingr_0000000312;ingr_0000000518,train,"[332, 161, 515, 23, 291, 312, 518]",salmon olive oil arugula brown rice salt pepper thyme
dish_1564774805,621.091003,353.0,ingr_0000000471;ingr_0000000312;ingr_0000000116;ingr_0000000161;ingr_0000000520;ingr_0000000524;ingr_0000000527;ingr_0000000133;ingr_0000000027;ingr_0000000332;ingr_0000000081;ingr_0000000515;ingr_0000000357;ingr_0000000072;ingr_0000000291;ingr_0000000122,train,"[471, 312, 116, 161, 520, 524, 527, 133, 27, 332, 81, 515, 357, 72, 291, 122]",cherry tomatoes pepper mayonnaise olive oil lemon juice parsley chive shallots broccoli salmon pickles arugula lentils kale salt garlic
dish_1562871537,685.772949,554.0,ingr_0000000021;ingr_0000000026;ingr_0000000105;ingr_0000000312;ingr_0000000011;ingr_0000000291;ingr_0000000016;ingr_0000000161;ingr_0000000046,train,"[21, 26, 105, 312, 11, 291, 16, 161, 46]",squash white rice grilled chicken pepper cheese pizza salt brussels sprouts olive oil mushroom
dish_1560527105,92.725296,104.0,ingr_0000000161;ingr_0000000526;ingr_0000000031;ingr_0000000032;ingr_0000000126;ingr_0000000005;ingr_0000000291;ingr_0000000122;ingr_0000000036;ingr_0000000189,train,"[161, 526, 31, 32, 126, 5, 291, 122, 36, 189]",olive oil mustard greens cucumbers tomatoes mustard potatoes salt garlic spinach (raw) vinegar
dish_1564590288,464.855835,848.0,ingr_0000000038;ingr_0000000121;ingr_0000000128;ingr_0000000013;ingr_0000000037;ingr_0000000437;ingr_0000000161,train,"[38, 121, 128, 13, 37, 437, 161]",pineapple watermelon egg whites berries cantaloupe sweet potato olive oil
dish_1562008394,2.4,24.0,ingr_0000000031,train,[31],cucumbers
dish_1562875940,386.66684,418.0,ingr_0000000534;ingr_0000000367;ingr_0000000524;ingr_0000000538;ingr_0000000049;ingr_0000000472;ingr_0000000122;ingr_0000000527;ingr_0000000291;ingr_0000000434;ingr_0000000539;ingr_0000000161;ingr_0000000515;ingr_0000000525;ingr_0000000312;ingr_0000000045;ingr_0000000047,train,"[534, 367, 524, 538, 49, 472, 122, 527, 291, 434, 539, 161, 515, 525, 312, 45, 47]",country rice lime parsley jicama fish couscous garlic chive salt sour cream nopales olive oil arugula bok choy pepper carrot corn
dish_1563207406,372.070038,443.0,ingr_0000000008;ingr_0000000038;ingr_0000000128;ingr_0000000192;ingr_0000000121;ingr_0000000437;ingr_0000000440;ingr_0000000161,train,"[8, 38, 128, 192, 121, 437, 440, 161]",scrambled eggs pineapple egg whites yam watermelon sweet potato grapes olive oil
dish_1560975346,326.338562,224.0,ingr_0000000033;ingr_0000000367;ingr_0000000161;ingr_0000000155;ingr_0000000448;ingr_0000000291;ingr_0000000152;ingr_0000000524;ingr_0000000520;ingr_0000000122;ingr_0000000238;ingr_0000000032;ingr_0000000203,train,"[33, 367, 161, 155, 448, 291, 152, 524, 520, 122, 238, 32, 203]",bell peppers lime olive oil chicken thighs jalapenos salt cabbage parsley lemon juice garlic hominy tomatoes chili
dish_1559674074,140.980011,53.0,ingr_0000000380,train,[380],pizza
dish_1562873264,503.60022,595.0,ingr_0000000312;ingr_0000000049;ingr_0000000047;ingr_0000000538;ingr_0000000527;ingr_0000000515;ingr_0000000524;ingr_0000000539;ingr_0000000161;ingr_0000000122;ingr_0000000291;ingr_0000000525;ingr_0000000534;ingr_0000000434;ingr_0000000043;ingr_0000000045;ingr_0000000367,train,"[312, 49, 47, 538, 527, 515, 524, 539, 161, 122, 291, 525, 534, 434, 43, 45, 367]",pepper fish corn jicama chive arugula parsley nopales olive oil garlic salt bok choy country rice sour cream green beans carrot lime
dish_1560527745,87.761002,149.0,ingr_0000000262,train,[262],yogurt
dish_1565195436,340.958527,164.0,ingr_0000000161;ingr_0000000510;ingr_0000000437;ingr_0000000004,train,"[161, 510, 437, 4]",olive oil chicken apple sausage sweet potato bacon
dish_1566844803,249.819977,227.0,ingr_0000000006;ingr_0000000392,train,"[6, 392]",caesar salad pepperoni pizza
dish_1560456794,205.283386,188.0,ingr_0000000291;ingr_0000000524;ingr_0000000527;ingr_0000000539;ingr_0000000367;ingr_0000000161;ingr_0000000045;ingr_0000000122;ingr_0000000047;ingr_0000000312;ingr_0000000515;ingr_0000000049;ingr_0000000434;ingr_0000000538,train,"[291, 524, 527, 539, 367, 161, 45, 122, 47, 312, 515, 49, 434, 538]",salt parsley chive nopales lime olive oil carrot garlic corn pepper arugula fish sour cream jicama
dish_1563563378,385.441956,351.0,ingr_0000000045;ingr_0000000105;ingr_0000000033;ingr_0000000094;ingr_0000000471;ingr_0000000012,train,"[45, 105, 33, 94, 471, 12]",carrot grilled chicken bell peppers onions cherry tomatoes olives
dish_1563479625,202.649231,214.0,ingr_0000000425;ingr_0000000291;ingr_0000000070;ingr_0000000036;ingr_0000000133;ingr_0000000203;ingr_0000000016;ingr_0000000540;ingr_0000000448;ingr_0000000332;ingr_0000000007;ingr_0000000122;ingr_0000000367;ingr_0000000094;ingr_0000000520;ingr_0000000526;ingr_0000000161;ingr_0000000523;ingr_0000000515;ingr_0000000023;ingr_0000000054;ingr_0000000312;ingr_0000000027,train,"[425, 291, 70, 36, 133, 203, 16, 540, 448, 332, 7, 122, 367, 94, 520, 526, 161, 523, 515, 23, 54, 312, 27]",goat cheese salt figs spinach (raw) shallots chili brussels sprouts ginger jalapenos salmon cauliflower garlic lime onions lemon juice mustard greens olive oil cilantro arugula brown rice apple pepper broccoli
dish_1562871363,245.872986,140.0,ingr_0000000026;ingr_0000000011,train,"[26, 11]",white rice cheese pizza
dish_1562775356,177.600006,120.0,ingr_0000000008,train,[8],scrambled eggs
dish_1564086709,393.270325,307.0,ingr_0000000532;ingr_0000000011;ingr_0000000006;ingr_0000000471;ingr_0000000074;ingr_0000000052;ingr_0000000036;ingr_0000000205;ingr_0000000094,train,"[532, 11, 6, 471, 74, 52, 36, 205, 94]",pesto cheese pizza caesar salad cherry tomatoes pasta cheese spinach (raw) corn on the cob onions
dish_1566316558,490.288025,263.0,ingr_0000000189;ingr_0000000122;ingr_0000000073;ingr_0000000008;ingr_0000000004;ingr_0000000291;ingr_0000000033;ingr_0000000161;ingr_0000000126;ingr_0000000031,train,"[189, 122, 73, 8, 4, 291, 33, 161, 126, 31]",vinegar garlic radishes scrambled eggs bacon salt bell peppers olive oil mustard cucumbers
dish_1568320383,437.124115,196.0,ingr_0000000189;ingr_0000000025;ingr_0000000525;ingr_0000000133;ingr_0000000513;ingr_0000000511;ingr_0000000377;ingr_0000000011;ingr_0000000291;ingr_0000000094;ingr_0000000161,train,"[189, 25, 525, 133, 513, 511, 377, 11, 291, 94, 161]",vinegar beef bok choy shallots millet spinach (cooked) quinoa cheese pizza salt onions olive oil
dish_1558639306,40.59,99.0,ingr_0000000045,train,[45],carrot
dish_1566931116,35.5,142.0,ingr_0000000007,train,[7],cauliflower
dish_1561061123,399.430664,357.0,ingr_0000000515;ingr_0000000050;ingr_0000000540;ingr_0000000448;ingr_0000000023;ingr_0000000161;ingr_0000000526;ingr_0000000094;ingr_0000000203;ingr_0000000520;ingr_0000000122;ingr_0000000524;ingr_0000000332;ingr_0000000054;ingr_0000000312;ingr_0000000036;ingr_0000000153;ingr_0000000016;ingr_0000000367;ingr_0000000291;ingr_0000000473;ingr_0000000523;ingr_0000000133,train,"[515, 50, 540, 448, 23, 161, 526, 94, 203, 520, 122, 524, 332, 54, 312, 36, 153, 16, 367, 291, 473, 523, 133]",arugula tofu ginger jalapenos brown rice olive oil mustard greens onions chili lemon juice garlic parsley salmon apple pepper spinach (raw) bulgur brussels sprouts lime salt cranberries cilantro shallots
dish_1563468362,411.686035,598.0,ingr_0000000001;ingr_0000000038;ingr_0000000121;ingr_0000000161;ingr_0000000437;ingr_0000000013;ingr_0000000192;ingr_0000000128,train,"[1, 38, 121, 161, 437, 13, 192, 128]",cottage cheese pineapple watermelon olive oil sweet potato berries yam egg whites
dish_1560543583,254.657333,350.0,ingr_0000000012;ingr_0000000049;ingr_0000000312;ingr_0000000032;ingr_0000000377;ingr_0000000515;ingr_0000000520;ingr_0000000523;ingr_0000000291;ingr_0000000541;ingr_0000000448;ingr_0000000023;ingr_0000000094;ingr_0000000161;ingr_0000000122;ingr_0000000006,train,"[12, 49, 312, 32, 377, 515, 520, 523, 291, 541, 448, 23, 94, 161, 122, 6]",olives fish pepper tomatoes quinoa arugula lemon juice cilantro salt tomatillo jalapenos brown rice onions olive oil garlic caesar salad
dish_1567542843,471.296509,216.0,ingr_0000000535;ingr_0000000203;ingr_0000000038;ingr_0000000189;ingr_0000000094;ingr_0000000161;ingr_0000000122;ingr_0000000291;ingr_0000000027;ingr_0000000025;ingr_0000000026;ingr_0000000155;ingr_0000000072;ingr_0000000520;ingr_0000000498;ingr_0000000523;ingr_0000000508;ingr_0000000011,train,"[535, 203, 38, 189, 94, 161, 122, 291, 27, 25, 26, 155, 72, 520, 498, 523, 508, 11]",green onions chili pineapple vinegar onions olive oil garlic salt broccoli beef white rice chicken thighs kale lemon juice orange juice cilantro soy sauce cheese pizza
dish_1565981848,147.410431,198.0,ingr_0000000045;ingr_0000000524;ingr_0000000291;ingr_0000000520;ingr_0000000527;ingr_0000000122;ingr_0000000161;ingr_0000000133;ingr_0000000514;ingr_0000000471;ingr_0000000050;ingr_0000000312;ingr_0000000049;ingr_0000000517,train,"[45, 524, 291, 520, 527, 122, 161, 133, 514, 471, 50, 312, 49, 517]",carrot parsley salt lemon juice chive garlic olive oil shallots wheat berry cherry tomatoes tofu pepper fish chard
dish_1561577598,813.452026,393.0,ingr_0000000201;ingr_0000000161;ingr_0000000511;ingr_0000000513;ingr_0000000525;ingr_0000000124;ingr_0000000291;ingr_0000000126;ingr_0000000515;ingr_0000000189;ingr_0000000517;ingr_0000000025;ingr_0000000312;ingr_0000000133;ingr_0000000094;ingr_0000000380,train,"[201, 161, 511, 513, 525, 124, 291, 126, 515, 189, 517, 25, 312, 133, 94, 380]",blueberries olive oil spinach (cooked) millet bok choy walnuts salt mustard arugula vinegar chard beef pepper shallots onions pizza
dish_1563565761,88.662773,159.0,ingr_0000000046;ingr_0000000514;ingr_0000000517;ingr_0000000471;ingr_0000000049;ingr_0000000094;ingr_0000000291;ingr_0000000122;ingr_0000000133;ingr_0000000527;ingr_0000000161;ingr_0000000072;ingr_0000000520;ingr_0000000524,train,"[46, 514, 517, 471, 49, 94, 291, 122, 133, 527, 161, 72, 520, 524]",mushroom wheat berry chard cherry tomatoes fish onions salt garlic shallots chive olive oil kale lemon juice parsley
dish_1561662022,159.686279,166.0,ingr_0000000029;ingr_0000000291;ingr_0000000524;ingr_0000000094;ingr_0000000520;ingr_0000000161;ingr_0000000043;ingr_0000000189;ingr_0000000513;ingr_0000000054,train,"[29, 291, 524, 94, 520, 161, 43, 189, 513, 54]",mixed greens salt parsley onions lemon juice olive oil green beans vinegar millet apple
dish_1565117990,582.0,380.0,ingr_0000000402;ingr_0000000244;ingr_0000000033;ingr_0000000011,train,"[402, 244, 33, 11]",tuna chicken breast bell peppers cheese pizza
dish_1558460138,10.08,56.0,ingr_0000000471,train,[471],cherry tomatoes
dish_1563479596,104.373558,151.0,ingr_0000000161;ingr_0000000520;ingr_0000000291;ingr_0000000027;ingr_0000000070;ingr_0000000054;ingr_0000000425;ingr_0000000007;ingr_0000000312;ingr_0000000515;ingr_0000000016;ingr_0000000526,train,"[161, 520, 291, 27, 70, 54, 425, 7, 312, 515, 16, 526]",olive oil lemon juice salt broccoli figs apple goat cheese cauliflower pepper arugula brussels sprouts mustard greens
dish_1562874203,362.521729,332.0,ingr_0000000045;ingr_0000000527;ingr_0000000367;ingr_0000000291;ingr_0000000539;ingr_0000000524;ingr_0000000161;ingr_0000000538;ingr_0000000515;ingr_0000000434;ingr_0000000312;ingr_0000000122;ingr_0000000047;ingr_0000000049,train,"[45, 527, 367, 291, 539, 524, 161, 538, 515, 434, 312, 122, 47, 49]",carrot chive lime salt nopales parsley olive oil jicama arugula sour cream pepper garlic corn fish
dish_1564675157,208.928787,284.0,ingr_0000000440;ingr_0000000121;ingr_0000000437;ingr_0000000161,train,"[440, 121, 437, 161]",grapes watermelon sweet potato olive oil
dish_1561580552,22.25,89.0,ingr_0000000007,train,[7],cauliflower
dish_1561737248,699.382019,394.0,ingr_0000000039;ingr_0000000128;ingr_0000000015;ingr_0000000027,train,"[39, 128, 15, 27]",sausage egg whites hash browns broccoli
dish_1568666303,443.199982,560.0,ingr_0000000095;ingr_0000000028;ingr_0000000030;ingr_0000000027,train,"[95, 28, 30, 27]",artichokes chicken lettuce broccoli
dish_1558638924,6.25,25.0,ingr_0000000007,train,[7],cauliflower
dish_1561494001,162.687851,216.0,ingr_0000000124;ingr_0000000291;ingr_0000000021;ingr_0000000126;ingr_0000000161;ingr_0000000517;ingr_0000000515;ingr_0000000189;ingr_0000000201;ingr_0000000312,train,"[124, 291, 21, 126, 161, 517, 515, 189, 201, 312]",walnuts salt squash mustard olive oil chard arugula vinegar blueberries pepper
dish_1566502000,63.008781,184.0,ingr_0000000161;ingr_0000000525,train,"[161, 525]",olive oil bok choy
dish_1562010130,638.187561,376.0,ingr_0000000045;ingr_0000000161;ingr_0000000520;ingr_0000000152;ingr_0000000515;ingr_0000000189;ingr_0000000462;ingr_0000000312;ingr_0000000122;ingr_0000000291;ingr_0000000187;ingr_0000000016;ingr_0000000526;ingr_0000000524;ingr_0000000448;ingr_0000000116;ingr_0000000514,train,"[45, 161, 520, 152, 515, 189, 462, 312, 122, 291, 187, 16, 526, 524, 448, 116, 514]",carrot olive oil lemon juice cabbage arugula vinegar pork pepper garlic salt chickpeas brussels sprouts mustard greens parsley jalapenos mayonnaise wheat berry
dish_1562097001,529.879639,418.0,ingr_0000000291;ingr_0000000161;ingr_0000000029;ingr_0000000030;ingr_0000000031;ingr_0000000043;ingr_0000000524;ingr_0000000094;ingr_0000000367;ingr_0000000471;ingr_0000000312;ingr_0000000542;ingr_0000000189;ingr_0000000515;ingr_0000000380;ingr_0000000102;ingr_0000000122;ingr_0000000033;ingr_0000000527;ingr_0000000095;ingr_0000000049,train,"[291, 161, 29, 30, 31, 43, 524, 94, 367, 471, 312, 542, 189, 515, 380, 102, 122, 33, 527, 95, 49]",salt olive oil mixed greens lettuce cucumbers green beans parsley onions lime cherry tomatoes pepper white beans vinegar arugula pizza snow peas garlic bell peppers chive artichokes fish
dish_1558640477,59.416,56.0,ingr_0000000205,train,[205],corn on the cob
dish_1561061593,42.458584,52.0,ingr_0000000140;ingr_0000000148;ingr_0000000072;ingr_0000000306,train,"[140, 148, 72, 306]",caesar dressing parmesan cheese kale croutons
dish_1563302420,435.626282,381.0,ingr_0000000028;ingr_0000000122;ingr_0000000133;ingr_0000000046;ingr_0000000312;ingr_0000000036;ingr_0000000514;ingr_0000000161;ingr_0000000518;ingr_0000000524;ingr_0000000520;ingr_0000000291;ingr_0000000433;ingr_0000000045,train,"[28, 122, 133, 46, 312, 36, 514, 161, 518, 524, 520, 291, 433, 45]",chicken garlic shallots mushroom pepper spinach (raw) wheat berry olive oil thyme parsley lemon juice salt roasted potatoes carrot
dish_1557863012,3.1,31.0,ingr_0000000031,train,[31],cucumbers
dish_1565382803,359.408569,177.0,ingr_0000000291;ingr_0000000312;ingr_0000000161;ingr_0000000045;ingr_0000000433;ingr_0000000392,train,"[291, 312, 161, 45, 433, 392]",salt pepper olive oil carrot roasted potatoes pepperoni pizza
dish_1564516760,442.728943,329.0,ingr_0000000335;ingr_0000000511;ingr_0000000161;ingr_0000000045;ingr_0000000133;ingr_0000000122;ingr_0000000092;ingr_0000000046;ingr_0000000520;ingr_0000000155;ingr_0000000021;ingr_0000000377;ingr_0000000312;ingr_0000000291,train,"[335, 511, 161, 45, 133, 122, 92, 46, 520, 155, 21, 377, 312, 291]",eggplant spinach (cooked) olive oil carrot shallots garlic wine mushroom lemon juice chicken thighs squash quinoa pepper salt
dish_1565895879,96.681755,231.0,ingr_0000000072;ingr_0000000517;ingr_0000000161;ingr_0000000043,train,"[72, 517, 161, 43]",kale chard olive oil green beans
dish_1568318316,525.419983,297.0,ingr_0000000029;ingr_0000000010,train,"[29, 10]",mixed greens steak
dish_1559242155,116.116005,203.0,ingr_0000000213,train,[213],pears
dish_1567023335,138.336395,117.0,ingr_0000000409;ingr_0000000122;ingr_0000000291;ingr_0000000082;ingr_0000000040;ingr_0000000126;ingr_0000000161;ingr_0000000077;ingr_0000000201;ingr_0000000515;ingr_0000000189;ingr_0000000517;ingr_0000000045,train,"[409, 122, 291, 82, 40, 126, 161, 77, 201, 515, 189, 517, 45]",greek salad garlic salt pecans raspberries mustard olive oil almonds blueberries arugula vinegar chard carrot
dish_1558637932,248.286987,393.0,ingr_0000000205;ingr_0000000054;ingr_0000000007;ingr_0000000440,train,"[205, 54, 7, 440]",corn on the cob apple cauliflower grapes
dish_1563294522,250.965668,400.0,ingr_0000000437;ingr_0000000192;ingr_0000000121;ingr_0000000002;ingr_0000000161;ingr_0000000038;ingr_0000000440,train,"[437, 192, 121, 2, 161, 38, 440]",sweet potato yam watermelon strawberries olive oil pineapple grapes
dish_1565727791,121.074005,99.0,ingr_0000000029;ingr_0000000027;ingr_0000000148,train,"[29, 27, 148]",mixed greens broccoli parmesan cheese
dish_1561753477,432.267029,280.0,ingr_0000000032;ingr_0000000528;ingr_0000000332;ingr_0000000052;ingr_0000000189;ingr_0000000023;ingr_0000000094;ingr_0000000342;ingr_0000000161;ingr_0000000518;ingr_0000000203;ingr_0000000471;ingr_0000000312;ingr_0000000155;ingr_0000000126;ingr_0000000515;ingr_0000000060;ingr_0000000029;ingr_0000000523;ingr_0000000291;ingr_0000000122,train,"[32, 528, 332, 52, 189, 23, 94, 342, 161, 518, 203, 471, 312, 155, 126, 515, 60, 29, 523, 291, 122]",tomatoes celery root salmon cheese vinegar brown rice onions turnips olive oil thyme chili cherry tomatoes pepper chicken thighs mustard arugula tortilla mixed greens cilantro salt garlic
dish_1564675060,23.1,77.0,ingr_0000000121,train,[121],watermelon
dish_1566416339,77.979889,186.0,ingr_0000000335;ingr_0000000043;ingr_0000000291;ingr_0000000161,train,"[335, 43, 291, 161]",eggplant green beans salt olive oil
dish_1560441511,51.919998,123.0,ingr_0000000121;ingr_0000000037;ingr_0000000013,train,"[121, 37, 13]",watermelon cantaloupe berries
dish_1558640604,60.839996,117.0,ingr_0000000054,train,[54],apple
dish_1559667973,334.460022,179.0,ingr_0000000264;ingr_0000000495;ingr_0000000008,train,"[264, 495, 8]",bagels cream cheese scrambled eggs
dish_1567110811,537.987976,282.0,ingr_0000000525;ingr_0000000312;ingr_0000000189;ingr_0000000380;ingr_0000000031;ingr_0000000161;ingr_0000000511;ingr_0000000030;ingr_0000000471;ingr_0000000025;ingr_0000000513;ingr_0000000094;ingr_0000000367;ingr_0000000029;ingr_0000000133;ingr_0000000291,train,"[525, 312, 189, 380, 31, 161, 511, 30, 471, 25, 513, 94, 367, 29, 133, 291]",bok choy pepper vinegar pizza cucumbers olive oil spinach (cooked) lettuce cherry tomatoes beef millet onions lime mixed greens shallots salt
dish_1563568118,139.833847,134.0,ingr_0000000517;ingr_0000000072;ingr_0000000524;ingr_0000000122;ingr_0000000133;ingr_0000000527;ingr_0000000161;ingr_0000000291;ingr_0000000049;ingr_0000000471;ingr_0000000514;ingr_0000000520,train,"[517, 72, 524, 122, 133, 527, 161, 291, 49, 471, 514, 520]",chard kale parsley garlic shallots chive olive oil salt fish cherry tomatoes wheat berry lemon juice
dish_1562097653,116.16552,102.0,ingr_0000000463;ingr_0000000094;ingr_0000000189;ingr_0000000030;ingr_0000000045;ingr_0000000291;ingr_0000000126;ingr_0000000515;ingr_0000000161;ingr_0000000514,train,"[463, 94, 189, 30, 45, 291, 126, 515, 161, 514]",beets onions vinegar lettuce carrot salt mustard arugula olive oil wheat berry
dish_1560367153,117.181976,254.0,ingr_0000000112;ingr_0000000094;ingr_0000000534;ingr_0000000535;ingr_0000000122;ingr_0000000291;ingr_0000000161;ingr_0000000050;ingr_0000000049;ingr_0000000471;ingr_0000000014,train,"[112, 94, 534, 535, 122, 291, 161, 50, 49, 471, 14]",honeydew melons onions country rice green onions garlic salt olive oil tofu fish cherry tomatoes asparagus
dish_1563220058,146.639999,52.0,ingr_0000000392,train,[392],pepperoni pizza
dish_1558632799,20.159,19.0,ingr_0000000205,train,[205],corn on the cob
dish_1563305083,1234.856323,901.0,ingr_0000000203;ingr_0000000030;ingr_0000000133;ingr_0000000027;ingr_0000000161;ingr_0000000524;ingr_0000000028;ingr_0000000035;ingr_0000000025;ingr_0000000029;ingr_0000000291;ingr_0000000045;ingr_0000000124;ingr_0000000518;ingr_0000000036;ingr_0000000335;ingr_0000000026;ingr_0000000312;ingr_0000000122;ingr_0000000126;ingr_0000000520;ingr_0000000072;ingr_0000000514;ingr_0000000535;ingr_0000000508;ingr_0000000498;ingr_0000000094;ingr_0000000050;ingr_0000000189,train,"[203, 30, 133, 27, 161, 524, 28, 35, 25, 29, 291, 45, 124, 518, 36, 335, 26, 312, 122, 126, 520, 72, 514, 535, 508, 498, 94, 50, 189]",chili lettuce shallots broccoli olive oil parsley chicken blue cheese beef mixed greens salt carrot walnuts thyme spinach (raw) eggplant white rice pepper garlic mustard lemon juice kale wheat berry green onions soy sauce orange juice onions tofu vinegar
dish_1565034234,43.75,175.0,ingr_0000000007,train,[7],cauliflower
dish_1564083508,276.261993,225.0,ingr_0000000105;ingr_0000000012;ingr_0000000471,train,"[105, 12, 471]",grilled chicken olives cherry tomatoes
dish_1567629081,239.309998,90.0,ingr_0000000011,train,[11],cheese pizza
dish_1558373405,13.6,40.0,ingr_0000000037,train,[37],cantaloupe
dish_1562702007,24.784069,100.0,ingr_0000000471;ingr_0000000161;ingr_0000000021;ingr_0000000291,train,"[471, 161, 21, 291]",cherry tomatoes olive oil squash salt
dish_1563811611,195.360001,132.0,ingr_0000000008,train,[8],scrambled eggs
dish_1566414924,247.482193,227.0,ingr_0000000126;ingr_0000000161;ingr_0000000082;ingr_0000000291;ingr_0000000122;ingr_0000000433;ingr_0000000201;ingr_0000000515;ingr_0000000189;ingr_0000000517;ingr_0000000043,train,"[126, 161, 82, 291, 122, 433, 201, 515, 189, 517, 43]",mustard olive oil pecans salt garlic roasted potatoes blueberries arugula vinegar chard green beans
dish_1567801830,265.072388,201.0,ingr_0000000006;ingr_0000000011;ingr_0000000525;ingr_0000000328;ingr_0000000122;ingr_0000000508;ingr_0000000291;ingr_0000000312;ingr_0000000026;ingr_0000000433;ingr_0000000462,train,"[6, 11, 525, 328, 122, 508, 291, 312, 26, 433, 462]",caesar salad cheese pizza bok choy sugar garlic soy sauce salt pepper white rice roasted potatoes pork
dish_1563568025,244.986359,247.0,ingr_0000000049;ingr_0000000471;ingr_0000000291;ingr_0000000525;ingr_0000000514;ingr_0000000161;ingr_0000000517;ingr_0000000524;ingr_0000000072;ingr_0000000520;ingr_0000000527;ingr_0000000122;ingr_0000000133;ingr_0000000205,train,"[49, 471, 291, 525, 514, 161, 517, 524, 72, 520, 527, 122, 133, 205]",fish cherry tomatoes salt bok choy wheat berry olive oil chard parsley kale lemon juice chive garlic shallots corn on the cob
dish_1561575068,421.936707,436.0,ingr_0000000335;ingr_0000000518;ingr_0000000520;ingr_0000000516;ingr_0000000291;ingr_0000000428;ingr_0000000521;ingr_0000000030;ingr_0000000028;ingr_0000000031;ingr_0000000471;ingr_0000000312;ingr_0000000046;ingr_0000000519;ingr_0000000514;ingr_0000000161;ingr_0000000441;ingr_0000000094;ingr_0000000133;ingr_0000000122;ingr_0000000033;ingr_0000000012;ingr_0000000338;ingr_0000000319;ingr_0000000515;ingr_0000000341,train,"[335, 518, 520, 516, 291, 428, 521, 30, 28, 31, 471, 312, 46, 519, 514, 161, 441, 94, 133, 122, 33, 12, 338, 319, 515, 341]",eggplant thyme lemon juice rosemary salt white wine basil lettuce chicken cucumbers cherry tomatoes pepper mushroom oregano wheat berry olive oil butter onions shallots garlic bell peppers olives vinaigrette feta cheese arugula cream
dish_1557861795,13.64,31.0,ingr_0000000006,train,[6],caesar salad
dish_1563389153,346.454468,224.0,ingr_0000000161;ingr_0000000189;ingr_0000000515;ingr_0000000517;ingr_0000000312;ingr_0000000045;ingr_0000000153;ingr_0000000126;ingr_0000000291;ingr_0000000027;ingr_0000000082;ingr_0000000122;ingr_0000000201,train,"[161, 189, 515, 517, 312, 45, 153, 126, 291, 27, 82, 122, 201]",olive oil vinegar arugula chard pepper carrot bulgur mustard salt broccoli pecans garlic blueberries
dish_1563216412,172.449982,205.0,ingr_0000000026;ingr_0000000027,train,"[26, 27]",white rice broccoli
dish_1561666923,539.63855,425.0,ingr_0000000030;ingr_0000000524;ingr_0000000161;ingr_0000000508;ingr_0000000516;ingr_0000000031;ingr_0000000094;ingr_0000000023;ingr_0000000205;ingr_0000000189;ingr_0000000312;ingr_0000000011;ingr_0000000028;ingr_0000000527;ingr_0000000328;ingr_0000000006;ingr_0000000520;ingr_0000000517;ingr_0000000462;ingr_0000000525;ingr_0000000471;ingr_0000000291;ingr_0000000122;ingr_0000000029;ingr_0000000521;ingr_0000000043;ingr_0000000026;ingr_0000000045;ingr_0000000367,train,"[30, 524, 161, 508, 516, 31, 94, 23, 205, 189, 312, 11, 28, 527, 328, 6, 520, 517, 462, 525, 471, 291, 122, 29, 521, 43, 26, 45, 367]",lettuce parsley olive oil soy sauce rosemary cucumbers onions brown rice corn on the cob vinegar pepper cheese pizza chicken chive sugar caesar salad lemon juice chard pork bok choy cherry tomatoes salt garlic mixed greens basil green beans white rice carrot lime
dish_1565724235,256.22879,209.0,ingr_0000000036;ingr_0000000524;ingr_0000000514;ingr_0000000028;ingr_0000000027;ingr_0000000291;ingr_0000000122;ingr_0000000161;ingr_0000000520;ingr_0000000518;ingr_0000000133,train,"[36, 524, 514, 28, 27, 291, 122, 161, 520, 518, 133]",spinach (raw) parsley wheat berry chicken broccoli salt garlic olive oil lemon juice thyme shallots
dish_1565897680,770.448853,405.0,ingr_0000000161;ingr_0000000514;ingr_0000000126;ingr_0000000029;ingr_0000000122;ingr_0000000367;ingr_0000000291;ingr_0000000030;ingr_0000000007;ingr_0000000035;ingr_0000000124;ingr_0000000043;ingr_0000000010;ingr_0000000189,train,"[161, 514, 126, 29, 122, 367, 291, 30, 7, 35, 124, 43, 10, 189]",olive oil wheat berry mustard mixed greens garlic lime salt lettuce cauliflower blue cheese walnuts green beans steak vinegar
dish_1565383128,600.278931,456.0,ingr_0000000148;ingr_0000000031;ingr_0000000338;ingr_0000000012;ingr_0000000028;ingr_0000000036,train,"[148, 31, 338, 12, 28, 36]",parmesan cheese cucumbers vinaigrette olives chicken spinach (raw)
dish_1563217804,492.934601,459.0,ingr_0000000471;ingr_0000000026;ingr_0000000462;ingr_0000000524;ingr_0000000515;ingr_0000000485;ingr_0000000520;ingr_0000000161;ingr_0000000523;ingr_0000000027;ingr_0000000367;ingr_0000000291;ingr_0000000349;ingr_0000000122;ingr_0000000448;ingr_0000000094;ingr_0000000031;ingr_0000000516;ingr_0000000526;ingr_0000000032,train,"[471, 26, 462, 524, 515, 485, 520, 161, 523, 27, 367, 291, 349, 122, 448, 94, 31, 516, 526, 32]",cherry tomatoes white rice pork parsley arugula zucchini lemon juice olive oil cilantro broccoli lime salt mangos garlic jalapenos onions cucumbers rosemary mustard greens tomatoes
dish_1558629041,172.004013,226.0,ingr_0000000179;ingr_0000000002;ingr_0000000045;ingr_0000000003,train,"[179, 2, 45, 3]",eggs strawberries carrot garden salad
dish_1566588066,566.233398,562.0,ingr_0000000045;ingr_0000000038;ingr_0000000291;ingr_0000000518;ingr_0000000161;ingr_0000000515;ingr_0000000023;ingr_0000000312;ingr_0000000332,train,"[45, 38, 291, 518, 161, 515, 23, 312, 332]",carrot pineapple salt thyme olive oil arugula brown rice pepper salmon
dish_1560973984,171.213257,195.0,ingr_0000000126;ingr_0000000515;ingr_0000000058;ingr_0000000312;ingr_0000000291;ingr_0000000367;ingr_0000000129;ingr_0000000161;ingr_0000000027;ingr_0000000082;ingr_0000000514,train,"[126, 515, 58, 312, 291, 367, 129, 161, 27, 82, 514]",mustard arugula orange pepper salt lime raisins olive oil broccoli pecans wheat berry
dish_1558381943,13.8,60.0,ingr_0000000036,train,[36],spinach (raw)
dish_1565637548,93.436127,102.0,ingr_0000000038;ingr_0000000377;ingr_0000000161,train,"[38, 377, 161]",pineapple quinoa olive oil
dish_1562168365,70.0,140.0,ingr_0000000038,train,[38],pineapple
dish_1558642458,23.0,92.0,ingr_0000000007,train,[7],cauliflower
dish_1564514953,249.899155,281.0,ingr_0000000095;ingr_0000000527;ingr_0000000291;ingr_0000000094;ingr_0000000161;ingr_0000000542;ingr_0000000049;ingr_0000000312;ingr_0000000515;ingr_0000000045;ingr_0000000033;ingr_0000000367;ingr_0000000122;ingr_0000000102;ingr_0000000524,train,"[95, 527, 291, 94, 161, 542, 49, 312, 515, 45, 33, 367, 122, 102, 524]",artichokes chive salt onions olive oil white beans fish pepper arugula carrot bell peppers lime garlic snow peas parsley
dish_1560456833,351.583435,378.0,ingr_0000000539;ingr_0000000434;ingr_0000000027;ingr_0000000122;ingr_0000000045;ingr_0000000049;ingr_0000000538;ingr_0000000161;ingr_0000000009;ingr_0000000524;ingr_0000000291;ingr_0000000367;ingr_0000000527;ingr_0000000047;ingr_0000000312;ingr_0000000515,train,"[539, 434, 27, 122, 45, 49, 538, 161, 9, 524, 291, 367, 527, 47, 312, 515]",nopales sour cream broccoli garlic carrot fish jicama olive oil wild rice parsley salt lime chive corn pepper arugula
dish_1561574600,32.980392,100.0,ingr_0000000291;ingr_0000000161;ingr_0000000335,train,"[291, 161, 335]",salt olive oil eggplant
dish_1559848882,143.062012,254.0,ingr_0000000507;ingr_0000000213,train,"[507, 213]",mandarin oranges pears
dish_1563303298,170.760071,103.0,ingr_0000000291;ingr_0000000036;ingr_0000000514;ingr_0000000161;ingr_0000000518;ingr_0000000520;ingr_0000000524;ingr_0000000028;ingr_0000000133;ingr_0000000122,train,"[291, 36, 514, 161, 518, 520, 524, 28, 133, 122]",salt spinach (raw) wheat berry olive oil thyme lemon juice parsley chicken shallots garlic
dish_1558639362,156.179001,342.0,ingr_0000000007;ingr_0000000054;ingr_0000000045;ingr_0000000205,train,"[7, 54, 45, 205]",cauliflower apple carrot corn on the cob
dish_1566488905,82.308296,86.0,ingr_0000000437;ingr_0000000161,train,"[437, 161]",sweet potato olive oil
dish_1566933180,161.449524,96.0,ingr_0000000291;ingr_0000000189;ingr_0000000161;ingr_0000000122;ingr_0000000518;ingr_0000000524;ingr_0000000521;ingr_0000000515;ingr_0000000023;ingr_0000000520;ingr_0000000155;ingr_0000000073,train,"[291, 189, 161, 122, 518, 524, 521, 515, 23, 520, 155, 73]",salt vinegar olive oil garlic thyme parsley basil arugula brown rice lemon juice chicken thighs radishes
dish_1558721272,29.52,72.0,ingr_0000000045,train,[45],carrot
dish_1563464389,91.970001,17.0,ingr_0000000004,train,[4],bacon
dish_1561749061,302.860138,360.0,ingr_0000000122;ingr_0000000332;ingr_0000000312;ingr_0000000515;ingr_0000000023;ingr_0000000471;ingr_0000000522;ingr_0000000126;ingr_0000000072;ingr_0000000520;ingr_0000000524;ingr_0000000528;ingr_0000000029;ingr_0000000112;ingr_0000000189;ingr_0000000518;ingr_0000000161;ingr_0000000031;ingr_0000000291,train,"[122, 332, 312, 515, 23, 471, 522, 126, 72, 520, 524, 528, 29, 112, 189, 518, 161, 31, 291]",garlic salmon pepper arugula brown rice cherry tomatoes tatsoi mustard kale lemon juice parsley celery root mixed greens honeydew melons vinegar thyme olive oil cucumbers salt
dish_1558544482,38.189999,67.0,ingr_0000000013,train,[13],berries
dish_1563395415,182.538498,187.0,ingr_0000000045;ingr_0000000027;ingr_0000000011;ingr_0000000291;ingr_0000000485;ingr_0000000161;ingr_0000000021;ingr_0000000312,train,"[45, 27, 11, 291, 485, 161, 21, 312]",carrot broccoli cheese pizza salt zucchini olive oil squash pepper
dish_1561739649,208.233551,388.0,ingr_0000000437;ingr_0000000027;ingr_0000000040;ingr_0000000294;ingr_0000000041;ingr_0000000029;ingr_0000000338,train,"[437, 27, 40, 294, 41, 29, 338]",sweet potato broccoli raspberries granola blackberries mixed greens vinaigrette
dish_1566414686,646.176697,407.0,ingr_0000000521;ingr_0000000122;ingr_0000000520;ingr_0000000518;ingr_0000000516;ingr_0000000441;ingr_0000000514;ingr_0000000046;ingr_0000000312;ingr_0000000291;ingr_0000000133;ingr_0000000433;ingr_0000000161;ingr_0000000515;ingr_0000000519;ingr_0000000341;ingr_0000000028;ingr_0000000428,train,"[521, 122, 520, 518, 516, 441, 514, 46, 312, 291, 133, 433, 161, 515, 519, 341, 28, 428]",basil garlic lemon juice thyme rosemary butter wheat berry mushroom pepper salt shallots roasted potatoes olive oil arugula oregano cream chicken white wine
dish_1568405214,144.255814,152.0,ingr_0000000526;ingr_0000000161;ingr_0000000031;ingr_0000000072;ingr_0000000032;ingr_0000000291;ingr_0000000122;ingr_0000000140;ingr_0000000306;ingr_0000000189;ingr_0000000036;ingr_0000000148;ingr_0000000126,train,"[526, 161, 31, 72, 32, 291, 122, 140, 306, 189, 36, 148, 126]",mustard greens olive oil cucumbers kale tomatoes salt garlic caesar dressing croutons vinegar spinach (raw) parmesan cheese mustard
dish_1559843492,31.710001,95.0,ingr_0000000027;ingr_0000000002,train,"[27, 2]",broccoli strawberries
dish_1561578570,136.804855,65.0,ingr_0000000513;ingr_0000000511;ingr_0000000291;ingr_0000000094;ingr_0000000161;ingr_0000000189;ingr_0000000025;ingr_0000000133;ingr_0000000525,train,"[513, 511, 291, 94, 161, 189, 25, 133, 525]",millet spinach (cooked) salt onions olive oil vinegar beef shallots bok choy
dish_1560788384,111.198997,242.0,ingr_0000000262;ingr_0000000002,train,"[262, 2]",yogurt strawberries
dish_1563464543,386.369995,319.0,ingr_0000000004;ingr_0000000013;ingr_0000000121;ingr_0000000433;ingr_0000000008,train,"[4, 13, 121, 433, 8]",bacon berries watermelon roasted potatoes scrambled eggs
dish_1564429702,39.5,158.0,ingr_0000000007,train,[7],cauliflower
dish_1564686740,399.804565,221.0,ingr_0000000161;ingr_0000000012;ingr_0000000312;ingr_0000000471;ingr_0000000030;ingr_0000000011;ingr_0000000029;ingr_0000000367;ingr_0000000291;ingr_0000000189;ingr_0000000094;ingr_0000000031,train,"[161, 12, 312, 471, 30, 11, 29, 367, 291, 189, 94, 31]",olive oil olives pepper cherry tomatoes lettuce cheese pizza mixed greens lime salt vinegar onions cucumbers
dish_1558547068,2.53,11.0,ingr_0000000036,train,[36],spinach (raw)
dish_1563307519,574.115173,335.0,ingr_0000000161;ingr_0000000291;ingr_0000000189;ingr_0000000508;ingr_0000000025;ingr_0000000026;ingr_0000000203;ingr_0000000027;ingr_0000000122;ingr_0000000535;ingr_0000000094;ingr_0000000045;ingr_0000000072;ingr_0000000498,train,"[161, 291, 189, 508, 25, 26, 203, 27, 122, 535, 94, 45, 72, 498]",olive oil salt vinegar soy sauce beef white rice chili broccoli garlic green onions onions carrot kale orange juice
dish_1563391922,24.440001,104.0,ingr_0000000027;ingr_0000000021;ingr_0000000485,train,"[27, 21, 485]",broccoli squash zucchini
dish_1565811529,116.842033,104.0,ingr_0000000122;ingr_0000000291;ingr_0000000126;ingr_0000000161;ingr_0000000201;ingr_0000000189;ingr_0000000036;ingr_0000000073,train,"[122, 291, 126, 161, 201, 189, 36, 73]",garlic salt mustard olive oil blueberries vinegar spinach (raw) radishes
dish_1559846504,126.172005,233.0,ingr_0000000027;ingr_0000000213,train,"[27, 213]",broccoli pears
dish_1558116298,854.690979,368.0,ingr_0000000037;ingr_0000000077;ingr_0000000440;ingr_0000000039,train,"[37, 77, 440, 39]",cantaloupe almonds grapes sausage
dish_1567022296,425.410004,444.0,ingr_0000000471;ingr_0000000094;ingr_0000000012;ingr_0000000033;ingr_0000000045;ingr_0000000028,train,"[471, 94, 12, 33, 45, 28]",cherry tomatoes onions olives bell peppers carrot chicken
dish_1559751710,37.619999,66.0,ingr_0000000013,train,[13],berries
dish_1560444815,495.119995,571.0,ingr_0000000112;ingr_0000000121;ingr_0000000008;ingr_0000000004;ingr_0000000038,train,"[112, 121, 8, 4, 38]",honeydew melons watermelon scrambled eggs bacon pineapple
dish_1557863170,129.820007,142.0,ingr_0000000042;ingr_0000000036;ingr_0000000031;ingr_0000000012,train,"[42, 36, 31, 12]",avocado spinach (raw) cucumbers olives
dish_1561753589,138.761963,78.0,ingr_0000000515;ingr_0000000023;ingr_0000000291;ingr_0000000312;ingr_0000000518;ingr_0000000332;ingr_0000000161,train,"[515, 23, 291, 312, 518, 332, 161]",arugula brown rice salt pepper thyme salmon olive oil
dish_1558372525,242.802002,42.0,ingr_0000000077,train,[77],almonds
dish_1567020091,236.805176,238.0,ingr_0000000049;ingr_0000000527;ingr_0000000124;ingr_0000000122;ingr_0000000133;ingr_0000000072;ingr_0000000515;ingr_0000000189;ingr_0000000201;ingr_0000000471;ingr_0000000291;ingr_0000000016;ingr_0000000161;ingr_0000000524;ingr_0000000520;ingr_0000000126;ingr_0000000517;ingr_0000000514;ingr_0000000312,train,"[49, 527, 124, 122, 133, 72, 515, 189, 201, 471, 291, 16, 161, 524, 520, 126, 517, 514, 312]",fish chive walnuts garlic shallots kale arugula vinegar blueberries cherry tomatoes salt brussels sprouts olive oil parsley lemon juice mustard chard wheat berry pepper
dish_1560454562,318.821899,299.0,ingr_0000000047;ingr_0000000515;ingr_0000000043;ingr_0000000049;ingr_0000000189;ingr_0000000471;ingr_0000000009;ingr_0000000312;ingr_0000000161;ingr_0000000031;ingr_0000000527;ingr_0000000434;ingr_0000000122;ingr_0000000045;ingr_0000000538;ingr_0000000524;ingr_0000000539;ingr_0000000367;ingr_0000000291;ingr_0000000029,train,"[47, 515, 43, 49, 189, 471, 9, 312, 161, 31, 527, 434, 122, 45, 538, 524, 539, 367, 291, 29]",corn arugula green beans fish vinegar cherry tomatoes wild rice pepper olive oil cucumbers chive sour cream garlic carrot jicama parsley nopales lime salt mixed greens
dish_1560802730,101.702484,64.0,ingr_0000000161;ingr_0000000187;ingr_0000000072;ingr_0000000520;ingr_0000000153;ingr_0000000291;ingr_0000000524;ingr_0000000471;ingr_0000000312;ingr_0000000036;ingr_0000000518;ingr_0000000122;ingr_0000000244;ingr_0000000148;ingr_0000000514,train,"[161, 187, 72, 520, 153, 291, 524, 471, 312, 36, 518, 122, 244, 148, 514]",olive oil chickpeas kale lemon juice bulgur salt parsley cherry tomatoes pepper spinach (raw) thyme garlic chicken breast parmesan cheese wheat berry
dish_1561580608,20.25,81.0,ingr_0000000007,train,[7],cauliflower
dish_1560444701,51.000004,170.0,ingr_0000000121,train,[121],watermelon
dish_1566316525,223.888092,83.0,ingr_0000000161;ingr_0000000004;ingr_0000000073;ingr_0000000189;ingr_0000000033;ingr_0000000122;ingr_0000000291;ingr_0000000031;ingr_0000000126,train,"[161, 4, 73, 189, 33, 122, 291, 31, 126]",olive oil bacon radishes vinegar bell peppers garlic salt cucumbers mustard
dish_1565799507,74.651711,78.0,ingr_0000000437;ingr_0000000161,train,"[437, 161]",sweet potato olive oil
dish_1564590146,141.005844,205.0,ingr_0000000121;ingr_0000000437;ingr_0000000161,train,"[121, 437, 161]",watermelon sweet potato olive oil
dish_1565109637,172.644882,253.0,ingr_0000000437;ingr_0000000161;ingr_0000000128,train,"[437, 161, 128]",sweet potato olive oil egg whites
dish_1566414611,105.599998,64.0,ingr_0000000028,train,[28],chicken
dish_1567021799,93.81813,76.0,ingr_0000000312;ingr_0000000189;ingr_0000000515;ingr_0000000517;ingr_0000000201;ingr_0000000126;ingr_0000000161;ingr_0000000124;ingr_0000000291,train,"[312, 189, 515, 517, 201, 126, 161, 124, 291]",pepper vinegar arugula chard blueberries mustard olive oil walnuts salt
dish_1559844657,122.110001,167.0,ingr_0000000005;ingr_0000000440,train,"[5, 440]",potatoes grapes
dish_1562699699,372.112732,217.0,ingr_0000000525;ingr_0000000513;ingr_0000000189;ingr_0000000036;ingr_0000000133;ingr_0000000094;ingr_0000000031;ingr_0000000161;ingr_0000000122;ingr_0000000126;ingr_0000000291;ingr_0000000377;ingr_0000000457;ingr_0000000025;ingr_0000000023;ingr_0000000511,train,"[525, 513, 189, 36, 133, 94, 31, 161, 122, 126, 291, 377, 457, 25, 23, 511]",bok choy millet vinegar spinach (raw) shallots onions cucumbers olive oil garlic mustard salt quinoa sun dried tomatoes beef brown rice spinach (cooked)
dish_1558721669,24.25,97.0,ingr_0000000007,train,[7],cauliflower
dish_1558640294,42.400002,184.0,ingr_0000000037;ingr_0000000471,train,"[37, 471]",cantaloupe cherry tomatoes
dish_1559149615,124.429993,23.0,ingr_0000000004,train,[4],bacon
dish_1558640238,22.68,126.0,ingr_0000000471,train,[471],cherry tomatoes
dish_1563295400,402.984802,269.0,ingr_0000000027;ingr_0000000192;ingr_0000000437;ingr_0000000008;ingr_0000000161;ingr_0000000004,train,"[27, 192, 437, 8, 161, 4]",broccoli yam sweet potato scrambled eggs olive oil bacon
dish_1559332795,39.368401,39.0,ingr_0000000031;ingr_0000000161;ingr_0000000291;ingr_0000000029;ingr_0000000367;ingr_0000000030;ingr_0000000312;ingr_0000000471;ingr_0000000189;ingr_0000000094,train,"[31, 161, 291, 29, 367, 30, 312, 471, 189, 94]",cucumbers olive oil salt mixed greens lime lettuce pepper cherry tomatoes vinegar onions
dish_1558722707,19.26,107.0,ingr_0000000471,train,[471],cherry tomatoes
dish_1560369008,223.801331,146.0,ingr_0000000462;ingr_0000000023;ingr_0000000133;ingr_0000000029;ingr_0000000045;ingr_0000000027;ingr_0000000291;ingr_0000000520;ingr_0000000521;ingr_0000000524;ingr_0000000189;ingr_0000000471;ingr_0000000312;ingr_0000000515;ingr_0000000026;ingr_0000000122;ingr_0000000030;ingr_0000000126;ingr_0000000531;ingr_0000000161;ingr_0000000094;ingr_0000000006,train,"[462, 23, 133, 29, 45, 27, 291, 520, 521, 524, 189, 471, 312, 515, 26, 122, 30, 126, 531, 161, 94, 6]",pork brown rice shallots mixed greens carrot broccoli salt lemon juice basil parsley vinegar cherry tomatoes pepper arugula white rice garlic lettuce mustard pumpkin seeds olive oil onions caesar salad
dish_1559233144,398.063995,198.0,ingr_0000000003;ingr_0000000008;ingr_0000000004,train,"[3, 8, 4]",garden salad scrambled eggs bacon
dish_1563205903,101.239998,122.0,ingr_0000000510;ingr_0000000128,train,"[510, 128]",chicken apple sausage egg whites
dish_1558380464,277.488007,48.0,ingr_0000000077,train,[77],almonds
dish_1565195362,98.578537,103.0,ingr_0000000437;ingr_0000000161,train,"[437, 161]",sweet potato olive oil
dish_1556575386,103.299995,152.0,ingr_0000000012;ingr_0000000016;ingr_0000000034,train,"[12, 16, 34]",olives brussels sprouts celery
dish_1567023262,72.32,64.0,ingr_0000000409,train,[409],greek salad
dish_1560887480,668.084106,374.0,ingr_0000000094;ingr_0000000140;ingr_0000000380;ingr_0000000072;ingr_0000000027;ingr_0000000025;ingr_0000000189;ingr_0000000148;ingr_0000000335;ingr_0000000161;ingr_0000000498;ingr_0000000291;ingr_0000000203;ingr_0000000122;ingr_0000000508;ingr_0000000026;ingr_0000000306;ingr_0000000535,train,"[94, 140, 380, 72, 27, 25, 189, 148, 335, 161, 498, 291, 203, 122, 508, 26, 306, 535]",onions caesar dressing pizza kale broccoli beef vinegar parmesan cheese eggplant olive oil orange juice salt chili garlic soy sauce white rice croutons green onions
dish_1564601600,600.798035,434.0,ingr_0000000200;ingr_0000000028;ingr_0000000318;ingr_0000000520;ingr_0000000518;ingr_0000000221;ingr_0000000524;ingr_0000000122;ingr_0000000161;ingr_0000000016;ingr_0000000312;ingr_0000000433;ingr_0000000342;ingr_0000000291,train,"[200, 28, 318, 520, 518, 221, 524, 122, 161, 16, 312, 433, 342, 291]",buttermilk chicken flour lemon juice thyme vegetable oil parsley garlic olive oil brussels sprouts pepper roasted potatoes turnips salt
dish_1561740385,99.374557,139.0,ingr_0000000073;ingr_0000000291;ingr_0000000027;ingr_0000000161;ingr_0000000126;ingr_0000000031;ingr_0000000189;ingr_0000000002;ingr_0000000122;ingr_0000000033,train,"[73, 291, 27, 161, 126, 31, 189, 2, 122, 33]",radishes salt broccoli olive oil mustard cucumbers vinegar strawberries garlic bell peppers
dish_1563996596,39.599998,90.0,ingr_0000000006,train,[6],caesar salad
dish_1558724799,142.669998,352.0,ingr_0000000007;ingr_0000000054;ingr_0000000027,train,"[7, 54, 27]",cauliflower apple broccoli
dish_1560366963,7.56,42.0,ingr_0000000471,train,[471],cherry tomatoes
dish_1563984835,603.979248,461.0,ingr_0000000338;ingr_0000000040;ingr_0000000041;ingr_0000000029;ingr_0000000294;ingr_0000000008;ingr_0000000475;ingr_0000000510,train,"[338, 40, 41, 29, 294, 8, 475, 510]",vinaigrette raspberries blackberries mixed greens granola scrambled eggs salsa chicken apple sausage
dish_1560366460,330.740997,255.0,ingr_0000000521;ingr_0000000517;ingr_0000000189;ingr_0000000515;ingr_0000000335;ingr_0000000027;ingr_0000000291;ingr_0000000124;ingr_0000000161;ingr_0000000094;ingr_0000000201;ingr_0000000462;ingr_0000000122;ingr_0000000023;ingr_0000000471;ingr_0000000312;ingr_0000000014;ingr_0000000133;ingr_0000000520;ingr_0000000126;ingr_0000000524,train,"[521, 517, 189, 515, 335, 27, 291, 124, 161, 94, 201, 462, 122, 23, 471, 312, 14, 133, 520, 126, 524]",basil chard vinegar arugula eggplant broccoli salt walnuts olive oil onions blueberries pork garlic brown rice cherry tomatoes pepper asparagus shallots lemon juice mustard parsley
dish_1562010266,581.033081,284.0,ingr_0000000161;ingr_0000000116;ingr_0000000514;ingr_0000000462;ingr_0000000312;ingr_0000000291;ingr_0000000152;ingr_0000000045;ingr_0000000122;ingr_0000000520;ingr_0000000524;ingr_0000000448,train,"[161, 116, 514, 462, 312, 291, 152, 45, 122, 520, 524, 448]",olive oil mayonnaise wheat berry pork pepper salt cabbage carrot garlic lemon juice parsley jalapenos
dish_1560369122,92.058571,183.0,ingr_0000000122;ingr_0000000014;ingr_0000000291;ingr_0000000126;ingr_0000000161;ingr_0000000201;ingr_0000000036;ingr_0000000073;ingr_0000000189;ingr_0000000112,train,"[122, 14, 291, 126, 161, 201, 36, 73, 189, 112]",garlic asparagus salt mustard olive oil blueberries spinach (raw) radishes vinegar honeydew melons
dish_1566402041,231.919998,446.0,ingr_0000000128,train,[128],egg whites
dish_1564605293,404.167999,152.0,ingr_0000000011,train,[11],cheese pizza
dish_1565021185,481.503418,296.0,ingr_0000000337;ingr_0000000161;ingr_0000000291;ingr_0000000342;ingr_0000000128;ingr_0000000039;ingr_0000000312;ingr_0000000050,train,"[337, 161, 291, 342, 128, 39, 312, 50]",waffles olive oil salt turnips egg whites sausage pepper tofu
dish_1558638137,60.839996,117.0,ingr_0000000054,train,[54],apple
dish_1562787983,56.760002,149.0,ingr_0000000006;ingr_0000000037,train,"[6, 37]",caesar salad cantaloupe
dish_1561751958,381.226379,293.0,ingr_0000000515;ingr_0000000023;ingr_0000000021;ingr_0000000332;ingr_0000000312;ingr_0000000291;ingr_0000000161;ingr_0000000518,train,"[515, 23, 21, 332, 312, 291, 161, 518]",arugula brown rice squash salmon pepper salt olive oil thyme
dish_1563913741,353.062378,292.0,ingr_0000000031;ingr_0000000291;ingr_0000000011;ingr_0000000070;ingr_0000000126;ingr_0000000043;ingr_0000000161;ingr_0000000194;ingr_0000000517;ingr_0000000036;ingr_0000000189;ingr_0000000471;ingr_0000000006,train,"[31, 291, 11, 70, 126, 43, 161, 194, 517, 36, 189, 471, 6]",cucumbers salt cheese pizza figs mustard green beans olive oil fried rice chard spinach (raw) vinegar cherry tomatoes caesar salad
dish_1558640748,14.5,58.0,ingr_0000000007,train,[7],cauliflower
dish_1562617395,185.899994,125.0,ingr_0000000006;ingr_0000000392,train,"[6, 392]",caesar salad pepperoni pizza
dish_1565119739,396.804047,461.0,ingr_0000000161;ingr_0000000094;ingr_0000000291;ingr_0000000072;ingr_0000000485;ingr_0000000133;ingr_0000000511;ingr_0000000513;ingr_0000000525;ingr_0000000025;ingr_0000000514;ingr_0000000517;ingr_0000000529;ingr_0000000189,train,"[161, 94, 291, 72, 485, 133, 511, 513, 525, 25, 514, 517, 529, 189]",olive oil onions salt kale zucchini shallots spinach (cooked) millet bok choy beef wheat berry chard chayote squash vinegar
dish_1565728453,293.899658,140.0,ingr_0000000133;ingr_0000000122;ingr_0000000161;ingr_0000000189;ingr_0000000025;ingr_0000000513;ingr_0000000291;ingr_0000000011;ingr_0000000094;ingr_0000000520;ingr_0000000524;ingr_0000000518;ingr_0000000514;ingr_0000000036;ingr_0000000525;ingr_0000000511;ingr_0000000028,train,"[133, 122, 161, 189, 25, 513, 291, 11, 94, 520, 524, 518, 514, 36, 525, 511, 28]",shallots garlic olive oil vinegar beef millet salt cheese pizza onions lemon juice parsley thyme wheat berry spinach (raw) bok choy spinach (cooked) chicken
dish_1564169298,187.076355,299.0,ingr_0000000520;ingr_0000000072;ingr_0000000522;ingr_0000000524;ingr_0000000122;ingr_0000000273;ingr_0000000291;ingr_0000000312;ingr_0000000121;ingr_0000000031,train,"[520, 72, 522, 524, 122, 273, 291, 312, 121, 31]",lemon juice kale tatsoi parsley garlic sandwiches salt pepper watermelon cucumbers
dish_1563909951,180.602646,188.0,ingr_0000000122;ingr_0000000291;ingr_0000000161;ingr_0000000126;ingr_0000000036;ingr_0000000189;ingr_0000000043;ingr_0000000201;ingr_0000000073,train,"[122, 291, 161, 126, 36, 189, 43, 201, 73]",garlic salt olive oil mustard spinach (raw) vinegar green beans blueberries radishes
dish_1566501041,279.317993,194.0,ingr_0000000012;ingr_0000000045;ingr_0000000036;ingr_0000000148,train,"[12, 45, 36, 148]",olives carrot spinach (raw) parmesan cheese
dish_1562008842,355.759705,294.0,ingr_0000000524;ingr_0000000029;ingr_0000000122;ingr_0000000161;ingr_0000000126;ingr_0000000133;ingr_0000000116;ingr_0000000517;ingr_0000000189;ingr_0000000152;ingr_0000000012;ingr_0000000312;ingr_0000000377;ingr_0000000213;ingr_0000000291;ingr_0000000425;ingr_0000000045;ingr_0000000518;ingr_0000000515;ingr_0000000082;ingr_0000000201;ingr_0000000520;ingr_0000000462;ingr_0000000007;ingr_0000000514;ingr_0000000448,train,"[524, 29, 122, 161, 126, 133, 116, 517, 189, 152, 12, 312, 377, 213, 291, 425, 45, 518, 515, 82, 201, 520, 462, 7, 514, 448]",parsley mixed greens garlic olive oil mustard shallots mayonnaise chard vinegar cabbage olives pepper quinoa pears salt goat cheese carrot thyme arugula pecans blueberries lemon juice pork cauliflower wheat berry jalapenos
dish_1566414754,755.496277,533.0,ingr_0000000312;ingr_0000000433;ingr_0000000133;ingr_0000000535;ingr_0000000534;ingr_0000000520;ingr_0000000516;ingr_0000000441;ingr_0000000514;ingr_0000000046;ingr_0000000341;ingr_0000000515;ingr_0000000094;ingr_0000000049;ingr_0000000043;ingr_0000000291;ingr_0000000122;ingr_0000000161;ingr_0000000518;ingr_0000000521;ingr_0000000519;ingr_0000000028;ingr_0000000428,train,"[312, 433, 133, 535, 534, 520, 516, 441, 514, 46, 341, 515, 94, 49, 43, 291, 122, 161, 518, 521, 519, 28, 428]",pepper roasted potatoes shallots green onions country rice lemon juice rosemary butter wheat berry mushroom cream arugula onions fish green beans salt garlic olive oil thyme basil oregano chicken white wine
dish_1561575996,290.976196,128.0,ingr_0000000189;ingr_0000000148;ingr_0000000513;ingr_0000000525;ingr_0000000012;ingr_0000000025;ingr_0000000011;ingr_0000000291;ingr_0000000133;ingr_0000000511;ingr_0000000094;ingr_0000000161,train,"[189, 148, 513, 525, 12, 25, 11, 291, 133, 511, 94, 161]",vinegar parmesan cheese millet bok choy olives beef cheese pizza salt shallots spinach (cooked) onions olive oil
dish_1561578603,180.514832,96.0,ingr_0000000161;ingr_0000000094;ingr_0000000291;ingr_0000000433;ingr_0000000511;ingr_0000000133;ingr_0000000525;ingr_0000000513;ingr_0000000025;ingr_0000000189,train,"[161, 94, 291, 433, 511, 133, 525, 513, 25, 189]",olive oil onions salt roasted potatoes spinach (cooked) shallots bok choy millet beef vinegar
dish_1563567978,118.96312,114.0,ingr_0000000122;ingr_0000000133;ingr_0000000291;ingr_0000000520;ingr_0000000072;ingr_0000000524;ingr_0000000517;ingr_0000000161;ingr_0000000514;ingr_0000000527;ingr_0000000471;ingr_0000000049,train,"[122, 133, 291, 520, 72, 524, 517, 161, 514, 527, 471, 49]",garlic shallots salt lemon juice kale parsley chard olive oil wheat berry chive cherry tomatoes fish
dish_1561576051,367.885284,179.0,ingr_0000000028;ingr_0000000025;ingr_0000000122;ingr_0000000441;ingr_0000000515;ingr_0000000514;ingr_0000000341;ingr_0000000161;ingr_0000000518;ingr_0000000516;ingr_0000000291;ingr_0000000428;ingr_0000000433;ingr_0000000312;ingr_0000000012;ingr_0000000513;ingr_0000000148;ingr_0000000189;ingr_0000000046;ingr_0000000519;ingr_0000000521;ingr_0000000520;ingr_0000000525;ingr_0000000094;ingr_0000000011;ingr_0000000511;ingr_0000000133,train,"[28, 25, 122, 441, 515, 514, 341, 161, 518, 516, 291, 428, 433, 312, 12, 513, 148, 189, 46, 519, 521, 520, 525, 94, 11, 511, 133]",chicken beef garlic butter arugula wheat berry cream olive oil thyme rosemary salt white wine roasted potatoes pepper olives millet parmesan cheese vinegar mushroom oregano basil lemon juice bok choy onions cheese pizza spinach (cooked) shallots
dish_1565638287,357.934662,175.0,ingr_0000000462;ingr_0000000515;ingr_0000000026;ingr_0000000122;ingr_0000000291;ingr_0000000516;ingr_0000000485;ingr_0000000524;ingr_0000000094;ingr_0000000161,train,"[462, 515, 26, 122, 291, 516, 485, 524, 94, 161]",pork arugula white rice garlic salt rosemary zucchini parsley onions olive oil
dish_1561753371,221.257736,103.0,ingr_0000000161;ingr_0000000155;ingr_0000000052;ingr_0000000032;ingr_0000000122;ingr_0000000203;ingr_0000000291;ingr_0000000523;ingr_0000000060;ingr_0000000094,train,"[161, 155, 52, 32, 122, 203, 291, 523, 60, 94]",olive oil chicken thighs cheese tomatoes garlic chili salt cilantro tortilla onions
dish_1563393182,35.230003,193.0,ingr_0000000485;ingr_0000000027;ingr_0000000021;ingr_0000000031,train,"[485, 27, 21, 31]",zucchini broccoli squash cucumbers
dish_1568061272,380.394043,415.0,ingr_0000000377;ingr_0000000244;ingr_0000000514;ingr_0000000148;ingr_0000000036;ingr_0000000161;ingr_0000000122;ingr_0000000518;ingr_0000000471;ingr_0000000291;ingr_0000000011;ingr_0000000312;ingr_0000000038;ingr_0000000021;ingr_0000000016,train,"[377, 244, 514, 148, 36, 161, 122, 518, 471, 291, 11, 312, 38, 21, 16]",quinoa chicken breast wheat berry parmesan cheese spinach (raw) olive oil garlic thyme cherry tomatoes salt cheese pizza pepper pineapple squash brussels sprouts
dish_1562958998,109.093597,104.0,ingr_0000000515;ingr_0000000377;ingr_0000000049;ingr_0000000541;ingr_0000000312;ingr_0000000448;ingr_0000000523;ingr_0000000122;ingr_0000000520;ingr_0000000094;ingr_0000000291;ingr_0000000161,train,"[515, 377, 49, 541, 312, 448, 523, 122, 520, 94, 291, 161]",arugula quinoa fish tomatillo pepper jalapenos cilantro garlic lemon juice onions salt olive oil
dish_1560456853,405.703369,501.0,ingr_0000000524;ingr_0000000291;ingr_0000000027;ingr_0000000049;ingr_0000000538;ingr_0000000161;ingr_0000000434;ingr_0000000539;ingr_0000000367;ingr_0000000527;ingr_0000000045;ingr_0000000047;ingr_0000000122;ingr_0000000006;ingr_0000000312;ingr_0000000515;ingr_0000000009,train,"[524, 291, 27, 49, 538, 161, 434, 539, 367, 527, 45, 47, 122, 6, 312, 515, 9]",parsley salt broccoli fish jicama olive oil sour cream nopales lime chive carrot corn garlic caesar salad pepper arugula wild rice
dish_1560370137,89.644272,104.0,ingr_0000000189;ingr_0000000515;ingr_0000000014;ingr_0000000291;ingr_0000000029;ingr_0000000045;ingr_0000000030;ingr_0000000531;ingr_0000000126;ingr_0000000161,train,"[189, 515, 14, 291, 29, 45, 30, 531, 126, 161]",vinegar arugula asparagus salt mixed greens carrot lettuce pumpkin seeds mustard olive oil
dish_1558636388,24.0,96.0,ingr_0000000007,train,[7],cauliflower
dish_1558633158,34.849998,85.0,ingr_0000000045,train,[45],carrot
dish_1564170880,348.557159,230.0,ingr_0000000332;ingr_0000000312;ingr_0000000515;ingr_0000000023;ingr_0000000514;ingr_0000000161;ingr_0000000518;ingr_0000000291,train,"[332, 312, 515, 23, 514, 161, 518, 291]",salmon pepper arugula brown rice wheat berry olive oil thyme salt
dish_1559678405,552.346069,386.0,ingr_0000000525;ingr_0000000122;ingr_0000000189;ingr_0000000094;ingr_0000000133;ingr_0000000161;ingr_0000000126;ingr_0000000032;ingr_0000000526;ingr_0000000291;ingr_0000000031;ingr_0000000025;ingr_0000000036;ingr_0000000027;ingr_0000000511;ingr_0000000513,train,"[525, 122, 189, 94, 133, 161, 126, 32, 526, 291, 31, 25, 36, 27, 511, 513]",bok choy garlic vinegar onions shallots olive oil mustard tomatoes mustard greens salt cucumbers beef spinach (raw) broccoli spinach (cooked) millet
dish_1563564676,50.623695,62.0,ingr_0000000072;ingr_0000000306;ingr_0000000140;ingr_0000000148,train,"[72, 306, 140, 148]",kale croutons caesar dressing parmesan cheese
dish_1562086501,195.360001,132.0,ingr_0000000008,train,[8],scrambled eggs
dish_1560453275,92.554443,60.0,ingr_0000000520;ingr_0000000036;ingr_0000000518;ingr_0000000516;ingr_0000000122;ingr_0000000291;ingr_0000000521;ingr_0000000524;ingr_0000000312;ingr_0000000161;ingr_0000000028;ingr_0000000514;ingr_0000000021;ingr_0000000485,train,"[520, 36, 518, 516, 122, 291, 521, 524, 312, 161, 28, 514, 21, 485]",lemon juice spinach (raw) thyme rosemary garlic salt basil parsley pepper olive oil chicken wheat berry squash zucchini
dish_1558725085,54.360001,151.0,ingr_0000000112,train,[112],honeydew melons
dish_1565799663,314.811707,591.0,ingr_0000000013;ingr_0000000475;ingr_0000000121;ingr_0000000128;ingr_0000000161;ingr_0000000437,train,"[13, 475, 121, 128, 161, 437]",berries salsa watermelon egg whites olive oil sweet potato
dish_1562700906,59.639149,222.0,ingr_0000000161;ingr_0000000021;ingr_0000000291;ingr_0000000007,train,"[161, 21, 291, 7]",olive oil squash salt cauliflower
dish_1564086602,130.291,49.0,ingr_0000000011,train,[11],cheese pizza
dish_1567024066,228.673996,86.0,ingr_0000000011,train,[11],cheese pizza
dish_1558631872,16.02,89.0,ingr_0000000471,train,[471],cherry tomatoes
dish_1558722883,15.0,60.0,ingr_0000000007,train,[7],cauliflower
dish_1567537212,432.506653,238.0,ingr_0000000025;ingr_0000000027;ingr_0000000122;ingr_0000000535;ingr_0000000508;ingr_0000000072;ingr_0000000094;ingr_0000000291;ingr_0000000189;ingr_0000000161;ingr_0000000026;ingr_0000000498;ingr_0000000203,train,"[25, 27, 122, 535, 508, 72, 94, 291, 189, 161, 26, 498, 203]",beef broccoli garlic green onions soy sauce kale onions salt vinegar olive oil white rice orange juice chili
dish_1563909982,370.793976,318.0,ingr_0000000028;ingr_0000000043;ingr_0000000189;ingr_0000000036;ingr_0000000201;ingr_0000000161;ingr_0000000094;ingr_0000000291;ingr_0000000033;ingr_0000000312;ingr_0000000073;ingr_0000000448;ingr_0000000126;ingr_0000000513;ingr_0000000032;ingr_0000000122,train,"[28, 43, 189, 36, 201, 161, 94, 291, 33, 312, 73, 448, 126, 513, 32, 122]",chicken green beans vinegar spinach (raw) blueberries olive oil onions salt bell peppers pepper radishes jalapenos mustard millet tomatoes garlic
dish_1562687246,115.4216,61.0,ingr_0000000033;ingr_0000000122;ingr_0000000291;ingr_0000000031;ingr_0000000161;ingr_0000000126;ingr_0000000189;ingr_0000000073,train,"[33, 122, 291, 31, 161, 126, 189, 73]",bell peppers garlic salt cucumbers olive oil mustard vinegar radishes
dish_1562173381,389.39801,113.0,ingr_0000000039,train,[39],sausage
dish_1565797645,21.0,70.0,ingr_0000000121,train,[121],watermelon
dish_1565033189,578.099976,507.0,ingr_0000000028;ingr_0000000029;ingr_0000000027;ingr_0000000012,train,"[28, 29, 27, 12]",chicken mixed greens broccoli olives
dish_1558629878,73.839996,142.0,ingr_0000000054,train,[54],apple
dish_1561575410,16.0,64.0,ingr_0000000007,train,[7],cauliflower
dish_1565724620,473.953308,535.0,ingr_0000000161;ingr_0000000514;ingr_0000000518;ingr_0000000485;ingr_0000000027;ingr_0000000524;ingr_0000000433;ingr_0000000122;ingr_0000000028;ingr_0000000133;ingr_0000000291;ingr_0000000520;ingr_0000000529;ingr_0000000036,train,"[161, 514, 518, 485, 27, 524, 433, 122, 28, 133, 291, 520, 529, 36]",olive oil wheat berry thyme zucchini broccoli parsley roasted potatoes garlic chicken shallots salt lemon juice chayote squash spinach (raw)
dish_1558719097,19.26,107.0,ingr_0000000471,train,[471],cherry tomatoes
dish_1561739760,452.163513,937.0,ingr_0000000338;ingr_0000000294;ingr_0000000041;ingr_0000000013;ingr_0000000029;ingr_0000000027;ingr_0000000040;ingr_0000000037;ingr_0000000437,train,"[338, 294, 41, 13, 29, 27, 40, 37, 437]",vinaigrette granola blackberries berries mixed greens broccoli raspberries cantaloupe sweet potato
dish_1560356337,144.716934,119.0,ingr_0000000031;ingr_0000000526;ingr_0000000161;ingr_0000000122;ingr_0000000032;ingr_0000000291;ingr_0000000192;ingr_0000000126;ingr_0000000036;ingr_0000000189,train,"[31, 526, 161, 122, 32, 291, 192, 126, 36, 189]",cucumbers mustard greens olive oil garlic tomatoes salt yam mustard spinach (raw) vinegar
dish_1561578394,276.044403,185.0,ingr_0000000525;ingr_0000000012;ingr_0000000291;ingr_0000000030;ingr_0000000011;ingr_0000000511;ingr_0000000133;ingr_0000000189;ingr_0000000513;ingr_0000000025;ingr_0000000338;ingr_0000000471;ingr_0000000319;ingr_0000000161;ingr_0000000094;ingr_0000000031;ingr_0000000006;ingr_0000000033,train,"[525, 12, 291, 30, 11, 511, 133, 189, 513, 25, 338, 471, 319, 161, 94, 31, 6, 33]",bok choy olives salt lettuce cheese pizza spinach (cooked) shallots vinegar millet beef vinaigrette cherry tomatoes feta cheese olive oil onions cucumbers caesar salad bell peppers
dish_1558458903,115.620003,20.0,ingr_0000000077,train,[77],almonds
dish_1563309237,49.550003,62.0,ingr_0000000033;ingr_0000000012,train,"[33, 12]",bell peppers olives
dish_1558641926,80.079994,154.0,ingr_0000000054,train,[54],apple
dish_1562775574,242.477127,387.0,ingr_0000000291;ingr_0000000128;ingr_0000000016;ingr_0000000161;ingr_0000000437;ingr_0000000001;ingr_0000000038;ingr_0000000312,train,"[291, 128, 16, 161, 437, 1, 38, 312]",salt egg whites brussels sprouts olive oil sweet potato cottage cheese pineapple pepper
dish_1562875833,156.146393,143.0,ingr_0000000515;ingr_0000000539;ingr_0000000538;ingr_0000000434;ingr_0000000047;ingr_0000000049;ingr_0000000312;ingr_0000000527;ingr_0000000122;ingr_0000000045;ingr_0000000367;ingr_0000000291;ingr_0000000161;ingr_0000000524,train,"[515, 539, 538, 434, 47, 49, 312, 527, 122, 45, 367, 291, 161, 524]",arugula nopales jicama sour cream corn fish pepper chive garlic carrot lime salt olive oil parsley
dish_1567023110,46.0,40.0,ingr_0000000012,train,[12],olives
dish_1559843715,176.140015,334.0,ingr_0000000002;ingr_0000000005;ingr_0000000027;ingr_0000000213,train,"[2, 5, 27, 213]",strawberries potatoes broccoli pears
dish_1561666875,443.862976,359.0,ingr_0000000527;ingr_0000000205;ingr_0000000189;ingr_0000000471;ingr_0000000023;ingr_0000000161;ingr_0000000521;ingr_0000000520;ingr_0000000122;ingr_0000000367;ingr_0000000006;ingr_0000000045;ingr_0000000312;ingr_0000000517;ingr_0000000524;ingr_0000000516;ingr_0000000011;ingr_0000000031;ingr_0000000094;ingr_0000000291;ingr_0000000030;ingr_0000000028;ingr_0000000029,train,"[527, 205, 189, 471, 23, 161, 521, 520, 122, 367, 6, 45, 312, 517, 524, 516, 11, 31, 94, 291, 30, 28, 29]",chive corn on the cob vinegar cherry tomatoes brown rice olive oil basil lemon juice garlic lime caesar salad carrot pepper chard parsley rosemary cheese pizza cucumbers onions salt lettuce chicken mixed greens
dish_1565208562,40.48,92.0,ingr_0000000006,train,[6],caesar salad
dish_1564432191,261.028381,220.0,ingr_0000000291;ingr_0000000367;ingr_0000000030;ingr_0000000029;ingr_0000000189;ingr_0000000031;ingr_0000000392;ingr_0000000094;ingr_0000000161;ingr_0000000007;ingr_0000000038;ingr_0000000312;ingr_0000000471,train,"[291, 367, 30, 29, 189, 31, 392, 94, 161, 7, 38, 312, 471]",salt lime lettuce mixed greens vinegar cucumbers pepperoni pizza onions olive oil cauliflower pineapple pepper cherry tomatoes
dish_1560370833,177.003006,99.0,ingr_0000000208;ingr_0000000275,train,"[208, 275]",ice cream cones frozen yogurt
dish_1563389742,569.417969,556.0,ingr_0000000471;ingr_0000000094;ingr_0000000105;ingr_0000000045;ingr_0000000033,train,"[471, 94, 105, 45, 33]",cherry tomatoes onions grilled chicken carrot bell peppers
dish_1561576449,77.0,308.0,ingr_0000000007,train,[7],cauliflower
dish_1559319826,45.029999,79.0,ingr_0000000013,train,[13],berries
dish_1561749711,300.077911,228.0,ingr_0000000332;ingr_0000000291;ingr_0000000518;ingr_0000000161;ingr_0000000515;ingr_0000000023;ingr_0000000471;ingr_0000000312,train,"[332, 291, 518, 161, 515, 23, 471, 312]",salmon salt thyme olive oil arugula brown rice cherry tomatoes pepper
dish_1566501382,283.529999,330.0,ingr_0000000012;ingr_0000000094;ingr_0000000471;ingr_0000000402;ingr_0000000045,train,"[12, 94, 471, 402, 45]",olives onions cherry tomatoes tuna carrot
dish_1565972384,432.243896,706.0,ingr_0000000437;ingr_0000000161;ingr_0000000128,train,"[437, 161, 128]",sweet potato olive oil egg whites
dish_1562613918,133.659988,207.0,ingr_0000000054;ingr_0000000133;ingr_0000000153;ingr_0000000291;ingr_0000000520;ingr_0000000473;ingr_0000000526;ingr_0000000161;ingr_0000000524;ingr_0000000515;ingr_0000000027;ingr_0000000021;ingr_0000000122,train,"[54, 133, 153, 291, 520, 473, 526, 161, 524, 515, 27, 21, 122]",apple shallots bulgur salt lemon juice cranberries mustard greens olive oil parsley arugula broccoli squash garlic
dish_1562613285,111.744507,84.0,ingr_0000000070;ingr_0000000054;ingr_0000000515;ingr_0000000520;ingr_0000000161;ingr_0000000526;ingr_0000000291;ingr_0000000425,train,"[70, 54, 515, 520, 161, 526, 291, 425]",figs apple arugula lemon juice olive oil mustard greens salt goat cheese
dish_1559581236,296.926727,212.0,ingr_0000000029;ingr_0000000367;ingr_0000000030;ingr_0000000161;ingr_0000000031;ingr_0000000094;ingr_0000000291;ingr_0000000189;ingr_0000000312;ingr_0000000179;ingr_0000000471,train,"[29, 367, 30, 161, 31, 94, 291, 189, 312, 179, 471]",mixed greens lime lettuce olive oil cucumbers onions salt vinegar pepper eggs cherry tomatoes
dish_1565809080,362.740021,485.0,ingr_0000000094;ingr_0000000471;ingr_0000000402;ingr_0000000045;ingr_0000000033,train,"[94, 471, 402, 45, 33]",onions cherry tomatoes tuna carrot bell peppers
dish_1560360030,193.880005,131.0,ingr_0000000008,train,[8],scrambled eggs
dish_1562008780,180.846405,195.0,ingr_0000000425;ingr_0000000189;ingr_0000000517;ingr_0000000201;ingr_0000000515;ingr_0000000029;ingr_0000000122;ingr_0000000007;ingr_0000000012;ingr_0000000213;ingr_0000000291;ingr_0000000082;ingr_0000000126;ingr_0000000161,train,"[425, 189, 517, 201, 515, 29, 122, 7, 12, 213, 291, 82, 126, 161]",goat cheese vinegar chard blueberries arugula mixed greens garlic cauliflower olives pears salt pecans mustard olive oil
dish_1562963484,100.539413,80.0,ingr_0000000030;ingr_0000000531;ingr_0000000029;ingr_0000000126;ingr_0000000045;ingr_0000000291;ingr_0000000189;ingr_0000000515;ingr_0000000161,train,"[30, 531, 29, 126, 45, 291, 189, 515, 161]",lettuce pumpkin seeds mixed greens mustard carrot salt vinegar arugula olive oil
dish_1558722473,149.649994,379.0,ingr_0000000471;ingr_0000000007;ingr_0000000054;ingr_0000000045,train,"[471, 7, 54, 45]",cherry tomatoes cauliflower apple carrot
dish_1567020366,111.459381,203.0,ingr_0000000016;ingr_0000000161;ingr_0000000312;ingr_0000000027;ingr_0000000291,train,"[16, 161, 312, 27, 291]",brussels sprouts olive oil pepper broccoli salt
dish_1566938059,463.246582,256.0,ingr_0000000133;ingr_0000000092;ingr_0000000291;ingr_0000000011;ingr_0000000520;ingr_0000000525;ingr_0000000161;ingr_0000000155;ingr_0000000021;ingr_0000000335;ingr_0000000046;ingr_0000000377;ingr_0000000122;ingr_0000000511,train,"[133, 92, 291, 11, 520, 525, 161, 155, 21, 335, 46, 377, 122, 511]",shallots wine salt cheese pizza lemon juice bok choy olive oil chicken thighs squash eggplant mushroom quinoa garlic spinach (cooked)
dish_1562947503,438.122009,408.0,ingr_0000000039;ingr_0000000433;ingr_0000000128;ingr_0000000013;ingr_0000000038,train,"[39, 433, 128, 13, 38]",sausage roasted potatoes egg whites berries pineapple
dish_1562691441,263.870972,232.0,ingr_0000000027;ingr_0000000008;ingr_0000000161;ingr_0000000192,train,"[27, 8, 161, 192]",broccoli scrambled eggs olive oil yam
dish_1562702469,541.730286,529.0,ingr_0000000338;ingr_0000000377;ingr_0000000007;ingr_0000000189;ingr_0000000094;ingr_0000000030;ingr_0000000471;ingr_0000000025;ingr_0000000291;ingr_0000000121;ingr_0000000012;ingr_0000000513;ingr_0000000319;ingr_0000000031;ingr_0000000161;ingr_0000000511;ingr_0000000033;ingr_0000000133;ingr_0000000525,train,"[338, 377, 7, 189, 94, 30, 471, 25, 291, 121, 12, 513, 319, 31, 161, 511, 33, 133, 525]",vinaigrette quinoa cauliflower vinegar onions lettuce cherry tomatoes beef salt watermelon olives millet feta cheese cucumbers olive oil spinach (cooked) bell peppers shallots bok choy
dish_1567022212,89.110001,197.0,ingr_0000000033;ingr_0000000045;ingr_0000000012;ingr_0000000471,train,"[33, 45, 12, 471]",bell peppers carrot olives cherry tomatoes
dish_1561577701,258.637756,263.0,ingr_0000000161;ingr_0000000094;ingr_0000000291;ingr_0000000133;ingr_0000000511;ingr_0000000007;ingr_0000000525;ingr_0000000513;ingr_0000000025;ingr_0000000189,train,"[161, 94, 291, 133, 511, 7, 525, 513, 25, 189]",olive oil onions salt shallots spinach (cooked) cauliflower bok choy millet beef vinegar
dish_1567024112,274.075806,116.0,ingr_0000000011;ingr_0000000511;ingr_0000000133;ingr_0000000122;ingr_0000000291;ingr_0000000520;ingr_0000000021;ingr_0000000335;ingr_0000000161;ingr_0000000155;ingr_0000000046;ingr_0000000092;ingr_0000000377,train,"[11, 511, 133, 122, 291, 520, 21, 335, 161, 155, 46, 92, 377]",cheese pizza spinach (cooked) shallots garlic salt lemon juice squash eggplant olive oil chicken thighs mushroom wine quinoa
dish_1568314857,295.537689,162.0,ingr_0000000291;ingr_0000000025;ingr_0000000513;ingr_0000000525;ingr_0000000042;ingr_0000000189;ingr_0000000094;ingr_0000000133;ingr_0000000511;ingr_0000000161,train,"[291, 25, 513, 525, 42, 189, 94, 133, 511, 161]",salt beef millet bok choy avocado vinegar onions shallots spinach (cooked) olive oil
dish_1568318480,1119.280029,587.0,ingr_0000000029;ingr_0000000028;ingr_0000000161;ingr_0000000010;ingr_0000000027,train,"[29, 28, 161, 10, 27]",mixed greens chicken olive oil steak broccoli
dish_1558459395,208.115997,36.0,ingr_0000000077,train,[77],almonds
dish_1562689601,20.611706,37.0,ingr_0000000027;ingr_0000000161,train,"[27, 161]",broccoli olive oil
dish_1562775456,50.16,66.0,ingr_0000000437,train,[437],sweet potato
dish_1564516429,178.982971,186.0,ingr_0000000049;ingr_0000000527;ingr_0000000122;ingr_0000000033;ingr_0000000312;ingr_0000000524;ingr_0000000102;ingr_0000000094;ingr_0000000471;ingr_0000000012;ingr_0000000095;ingr_0000000161;ingr_0000000515;ingr_0000000542;ingr_0000000291;ingr_0000000367,train,"[49, 527, 122, 33, 312, 524, 102, 94, 471, 12, 95, 161, 515, 542, 291, 367]",fish chive garlic bell peppers pepper parsley snow peas onions cherry tomatoes olives artichokes olive oil arugula white beans salt lime
dish_1564514997,381.110779,396.0,ingr_0000000094;ingr_0000000367;ingr_0000000033;ingr_0000000291;ingr_0000000515;ingr_0000000514;ingr_0000000161;ingr_0000000524;ingr_0000000102;ingr_0000000045;ingr_0000000095;ingr_0000000527;ingr_0000000122;ingr_0000000049;ingr_0000000312;ingr_0000000542,train,"[94, 367, 33, 291, 515, 514, 161, 524, 102, 45, 95, 527, 122, 49, 312, 542]",onions lime bell peppers salt arugula wheat berry olive oil parsley snow peas carrot artichokes chive garlic fish pepper white beans
dish_1564428515,484.618347,479.0,ingr_0000000213;ingr_0000000133;ingr_0000000524;ingr_0000000094;ingr_0000000152;ingr_0000000116;ingr_0000000462;ingr_0000000448;ingr_0000000515;ingr_0000000189;ingr_0000000471;ingr_0000000122;ingr_0000000029;ingr_0000000045;ingr_0000000291;ingr_0000000126;ingr_0000000520;ingr_0000000518;ingr_0000000161;ingr_0000000514;ingr_0000000312;ingr_0000000377;ingr_0000000007,train,"[213, 133, 524, 94, 152, 116, 462, 448, 515, 189, 471, 122, 29, 45, 291, 126, 520, 518, 161, 514, 312, 377, 7]",pears shallots parsley onions cabbage mayonnaise pork jalapenos arugula vinegar cherry tomatoes garlic mixed greens carrot salt mustard lemon juice thyme olive oil wheat berry pepper quinoa cauliflower
dish_1565640812,297.929993,234.0,ingr_0000000320;ingr_0000000029;ingr_0000000028,train,"[320, 29, 28]",black beans mixed greens chicken
dish_1558630006,51.75,75.0,ingr_0000000440,train,[440],grapes
dish_1557862829,5.52,24.0,ingr_0000000036,train,[36],spinach (raw)
dish_1562871408,271.34198,228.0,ingr_0000000011;ingr_0000000291;ingr_0000000021;ingr_0000000026;ingr_0000000161,train,"[11, 291, 21, 26, 161]",cheese pizza salt squash white rice olive oil
dish_1563996251,39.5,158.0,ingr_0000000007,train,[7],cauliflower
dish_1565641915,326.76474,190.0,ingr_0000000011;ingr_0000000014;ingr_0000000161;ingr_0000000377,train,"[11, 14, 161, 377]",cheese pizza asparagus olive oil quinoa
dish_1558468731,320.325012,440.0,ingr_0000000029;ingr_0000000042;ingr_0000000028;ingr_0000000046;ingr_0000000027;ingr_0000000021,train,"[29, 42, 28, 46, 27, 21]",mixed greens avocado chicken mushroom broccoli squash
dish_1559841571,18.799999,5.0,ingr_0000000415,train,[415],cereal
dish_1562170331,263.830017,400.0,ingr_0000000121;ingr_0000000433;ingr_0000000013;ingr_0000000038,train,"[121, 433, 13, 38]",watermelon roasted potatoes berries pineapple
dish_1558722398,83.719994,161.0,ingr_0000000054,train,[54],apple
dish_1559061752,192.819992,124.0,ingr_0000000179,train,[179],eggs
dish_1560889008,41.293011,84.0,ingr_0000000045;ingr_0000000161;ingr_0000000291;ingr_0000000312,train,"[45, 161, 291, 312]",carrot olive oil salt pepper
dish_1565724588,266.720245,410.0,ingr_0000000485;ingr_0000000027;ingr_0000000161;ingr_0000000433;ingr_0000000529,train,"[485, 27, 161, 433, 529]",zucchini broccoli olive oil roasted potatoes chayote squash
dish_1558640039,40.18,98.0,ingr_0000000045,train,[45],carrot
dish_1562615070,14.471023,50.0,ingr_0000000021;ingr_0000000161;ingr_0000000291,train,"[21, 161, 291]",squash olive oil salt
dish_1562949162,64.919998,12.0,ingr_0000000004,train,[4],bacon
dish_1563996625,342.701141,215.0,ingr_0000000524;ingr_0000000010;ingr_0000000023;ingr_0000000448;ingr_0000000291;ingr_0000000133;ingr_0000000523;ingr_0000000006;ingr_0000000122;ingr_0000000189;ingr_0000000520;ingr_0000000161;ingr_0000000522,train,"[524, 10, 23, 448, 291, 133, 523, 6, 122, 189, 520, 161, 522]",parsley steak brown rice jalapenos salt shallots cilantro caesar salad garlic vinegar lemon juice olive oil tatsoi
dish_1563824304,75.800003,122.0,ingr_0000000012;ingr_0000000033;ingr_0000000094,train,"[12, 33, 94]",olives bell peppers onions
dish_1558028194,228.050003,172.0,ingr_0000000004;ingr_0000000458;ingr_0000000005,train,"[4, 458, 5]",bacon deprecated potatoes
dish_1562173742,81.149994,15.0,ingr_0000000004,train,[4],bacon
dish_1561662358,96.551003,91.0,ingr_0000000205,train,[205],corn on the cob
dish_1565812116,44.44017,36.0,ingr_0000000126;ingr_0000000291;ingr_0000000161;ingr_0000000201;ingr_0000000189;ingr_0000000515;ingr_0000000517;ingr_0000000312;ingr_0000000124,train,"[126, 291, 161, 201, 189, 515, 517, 312, 124]",mustard salt olive oil blueberries vinegar arugula chard pepper walnuts
dish_1558629444,225.459,39.0,ingr_0000000077,train,[77],almonds
dish_1562959766,431.126984,307.0,ingr_0000000312;ingr_0000000328;ingr_0000000180;ingr_0000000535;ingr_0000000462;ingr_0000000073;ingr_0000000508;ingr_0000000122;ingr_0000000162;ingr_0000000029;ingr_0000000291;ingr_0000000152;ingr_0000000161;ingr_0000000189;ingr_0000000525;ingr_0000000045;ingr_0000000026,train,"[312, 328, 180, 535, 462, 73, 508, 122, 162, 29, 291, 152, 161, 189, 525, 45, 26]",pepper sugar rice noodles green onions pork radishes soy sauce garlic parsnips mixed greens salt cabbage olive oil vinegar bok choy carrot white rice
dish_1558723123,51.988998,49.0,ingr_0000000205,train,[205],corn on the cob
dish_1561404485,511.373352,349.0,ingr_0000000031;ingr_0000000122;ingr_0000000029;ingr_0000000291;ingr_0000000367;ingr_0000000189;ingr_0000000161;ingr_0000000463;ingr_0000000514;ingr_0000000010;ingr_0000000312;ingr_0000000471;ingr_0000000007;ingr_0000000045,train,"[31, 122, 29, 291, 367, 189, 161, 463, 514, 10, 312, 471, 7, 45]",cucumbers garlic mixed greens salt lime vinegar olive oil beets wheat berry steak pepper cherry tomatoes cauliflower carrot
dish_1560527140,276.665314,138.0,ingr_0000000291;ingr_0000000032;ingr_0000000122;ingr_0000000526;ingr_0000000005;ingr_0000000161;ingr_0000000031;ingr_0000000036;ingr_0000000189;ingr_0000000004;ingr_0000000126,train,"[291, 32, 122, 526, 5, 161, 31, 36, 189, 4, 126]",salt tomatoes garlic mustard greens potatoes olive oil cucumbers spinach (raw) vinegar bacon mustard
dish_1562086564,286.809998,287.0,ingr_0000000375;ingr_0000000008,train,"[375, 8]",fruit salad scrambled eggs
dish_1560787754,72.639999,68.0,ingr_0000000004;ingr_0000000013,train,"[4, 13]",bacon berries
dish_1563813501,694.123352,414.0,ingr_0000000052;ingr_0000000039;ingr_0000000038;ingr_0000000312;ingr_0000000004;ingr_0000000291;ingr_0000000008;ingr_0000000161;ingr_0000000016;ingr_0000000437,train,"[52, 39, 38, 312, 4, 291, 8, 161, 16, 437]",cheese sausage pineapple pepper bacon salt scrambled eggs olive oil brussels sprouts sweet potato
dish_1563563527,322.90625,302.0,ingr_0000000520;ingr_0000000161;ingr_0000000133;ingr_0000000122;ingr_0000000049;ingr_0000000471;ingr_0000000527;ingr_0000000525;ingr_0000000291;ingr_0000000524;ingr_0000000514;ingr_0000000380;ingr_0000000517,train,"[520, 161, 133, 122, 49, 471, 527, 525, 291, 524, 514, 380, 517]",lemon juice olive oil shallots garlic fish cherry tomatoes chive bok choy salt parsley wheat berry pizza chard
dish_1562871488,321.590912,393.0,ingr_0000000026;ingr_0000000312;ingr_0000000046;ingr_0000000021;ingr_0000000161;ingr_0000000016;ingr_0000000291;ingr_0000000011,train,"[26, 312, 46, 21, 161, 16, 291, 11]",white rice pepper mushroom squash olive oil brussels sprouts salt cheese pizza
dish_1558636868,46.248001,8.0,ingr_0000000077,train,[77],almonds
dish_1562963084,375.127289,424.0,ingr_0000000377;ingr_0000000515;ingr_0000000448;ingr_0000000520;ingr_0000000122;ingr_0000000433;ingr_0000000049;ingr_0000000471;ingr_0000000312;ingr_0000000161;ingr_0000000094;ingr_0000000073;ingr_0000000523;ingr_0000000291;ingr_0000000541,train,"[377, 515, 448, 520, 122, 433, 49, 471, 312, 161, 94, 73, 523, 291, 541]",quinoa arugula jalapenos lemon juice garlic roasted potatoes fish cherry tomatoes pepper olive oil onions radishes cilantro salt tomatillo
dish_1565107092,313.440002,444.0,ingr_0000000008;ingr_0000000128,train,"[8, 128]",scrambled eggs egg whites
dish_1561749750,330.527924,315.0,ingr_0000000471;ingr_0000000291;ingr_0000000027;ingr_0000000518;ingr_0000000161;ingr_0000000515;ingr_0000000023;ingr_0000000332;ingr_0000000312,train,"[471, 291, 27, 518, 161, 515, 23, 332, 312]",cherry tomatoes salt broccoli thyme olive oil arugula brown rice salmon pepper
dish_1558381206,342.388,153.0,ingr_0000000440;ingr_0000000077;ingr_0000000039;ingr_0000000029,train,"[440, 77, 39, 29]",grapes almonds sausage mixed greens
dish_1566488956,280.888275,489.0,ingr_0000000128;ingr_0000000161;ingr_0000000437;ingr_0000000037,train,"[128, 161, 437, 37]",egg whites olive oil sweet potato cantaloupe
dish_1564675240,502.878784,886.0,ingr_0000000121;ingr_0000000161;ingr_0000000440;ingr_0000000128;ingr_0000000437;ingr_0000000475,train,"[121, 161, 440, 128, 437, 475]",watermelon olive oil grapes egg whites sweet potato salsa
dish_1559593794,450.561432,380.0,ingr_0000000122;ingr_0000000377;ingr_0000000517;ingr_0000000155;ingr_0000000335;ingr_0000000021;ingr_0000000072;ingr_0000000291;ingr_0000000092;ingr_0000000124;ingr_0000000511;ingr_0000000312;ingr_0000000189;ingr_0000000515;ingr_0000000046;ingr_0000000161;ingr_0000000201;ingr_0000000520;ingr_0000000126;ingr_0000000531;ingr_0000000133,train,"[122, 377, 517, 155, 335, 21, 72, 291, 92, 124, 511, 312, 189, 515, 46, 161, 201, 520, 126, 531, 133]",garlic quinoa chard chicken thighs eggplant squash kale salt wine walnuts spinach (cooked) pepper vinegar arugula mushroom olive oil blueberries lemon juice mustard pumpkin seeds shallots
dish_1558462531,12.960001,72.0,ingr_0000000471,train,[471],cherry tomatoes
dish_1558640671,32.299999,95.0,ingr_0000000037,train,[37],cantaloupe
dish_1568061234,290.692169,358.0,ingr_0000000291;ingr_0000000011;ingr_0000000161;ingr_0000000016;ingr_0000000021;ingr_0000000038;ingr_0000000312;ingr_0000000377,train,"[291, 11, 161, 16, 21, 38, 312, 377]",salt cheese pizza olive oil brussels sprouts squash pineapple pepper quinoa
dish_1567801791,225.472412,111.0,ingr_0000000291;ingr_0000000328;ingr_0000000011;ingr_0000000433;ingr_0000000462;ingr_0000000525;ingr_0000000026;ingr_0000000312;ingr_0000000122;ingr_0000000508,train,"[291, 328, 11, 433, 462, 525, 26, 312, 122, 508]",salt sugar cheese pizza roasted potatoes pork bok choy white rice pepper garlic soy sauce
dish_1558636544,410.451019,71.0,ingr_0000000077,train,[77],almonds
dish_1560802092,118.031128,128.0,ingr_0000000140;ingr_0000000021;ingr_0000000036;ingr_0000000471;ingr_0000000244;ingr_0000000306;ingr_0000000518;ingr_0000000122;ingr_0000000291;ingr_0000000072;ingr_0000000514;ingr_0000000161;ingr_0000000148,train,"[140, 21, 36, 471, 244, 306, 518, 122, 291, 72, 514, 161, 148]",caesar dressing squash spinach (raw) cherry tomatoes chicken breast croutons thyme garlic salt kale wheat berry olive oil parmesan cheese
dish_1564170141,62.68,133.0,ingr_0000000094;ingr_0000000471;ingr_0000000012,train,"[94, 471, 12]",onions cherry tomatoes olives
dish_1563391647,27.390959,22.0,ingr_0000000515;ingr_0000000517;ingr_0000000201;ingr_0000000189;ingr_0000000161;ingr_0000000126;ingr_0000000082;ingr_0000000291;ingr_0000000122,train,"[515, 517, 201, 189, 161, 126, 82, 291, 122]",arugula chard blueberries vinegar olive oil mustard pecans salt garlic
dish_1558722931,439.356018,76.0,ingr_0000000077,train,[77],almonds
dish_1566333255,515.545227,372.0,ingr_0000000511;ingr_0000000122;ingr_0000000161;ingr_0000000006;ingr_0000000036;ingr_0000000094;ingr_0000000448;ingr_0000000513;ingr_0000000312;ingr_0000000133;ingr_0000000032;ingr_0000000033;ingr_0000000291;ingr_0000000011;ingr_0000000189;ingr_0000000525;ingr_0000000028;ingr_0000000025;ingr_0000000007,train,"[511, 122, 161, 6, 36, 94, 448, 513, 312, 133, 32, 33, 291, 11, 189, 525, 28, 25, 7]",spinach (cooked) garlic olive oil caesar salad spinach (raw) onions jalapenos millet pepper shallots tomatoes bell peppers salt cheese pizza vinegar bok choy chicken beef cauliflower
dish_1563207332,288.570007,241.0,ingr_0000000008;ingr_0000000192;ingr_0000000128;ingr_0000000161;ingr_0000000437,train,"[8, 192, 128, 161, 437]",scrambled eggs yam egg whites olive oil sweet potato
dish_1563827454,86.570007,248.0,ingr_0000000485;ingr_0000000006;ingr_0000000021;ingr_0000000027,train,"[485, 6, 21, 27]",zucchini caesar salad squash broccoli
dish_1563984701,275.200012,172.0,ingr_0000000510,train,[510],chicken apple sausage
dish_1561492687,105.605652,108.0,ingr_0000000161;ingr_0000000049;ingr_0000000122;ingr_0000000006;ingr_0000000194;ingr_0000000535;ingr_0000000534;ingr_0000000094;ingr_0000000291,train,"[161, 49, 122, 6, 194, 535, 534, 94, 291]",olive oil fish garlic caesar salad fried rice green onions country rice onions salt
dish_1566931217,333.108673,378.0,ingr_0000000367;ingr_0000000312;ingr_0000000515;ingr_0000000161;ingr_0000000094;ingr_0000000291;ingr_0000000095;ingr_0000000029;ingr_0000000033;ingr_0000000527;ingr_0000000049;ingr_0000000189;ingr_0000000042;ingr_0000000542;ingr_0000000463;ingr_0000000524;ingr_0000000102;ingr_0000000007;ingr_0000000122,train,"[367, 312, 515, 161, 94, 291, 95, 29, 33, 527, 49, 189, 42, 542, 463, 524, 102, 7, 122]",lime pepper arugula olive oil onions salt artichokes mixed greens bell peppers chive fish vinegar avocado white beans beets parsley snow peas cauliflower garlic
dish_1560455263,360.679474,360.0,ingr_0000000126;ingr_0000000521;ingr_0000000518;ingr_0000000524;ingr_0000000045;ingr_0000000029;ingr_0000000291;ingr_0000000312;ingr_0000000028;ingr_0000000516;ingr_0000000520;ingr_0000000009;ingr_0000000043;ingr_0000000189;ingr_0000000036;ingr_0000000485;ingr_0000000161;ingr_0000000112;ingr_0000000030;ingr_0000000531;ingr_0000000122;ingr_0000000021;ingr_0000000514;ingr_0000000515,train,"[126, 521, 518, 524, 45, 29, 291, 312, 28, 516, 520, 9, 43, 189, 36, 485, 161, 112, 30, 531, 122, 21, 514, 515]",mustard basil thyme parsley carrot mixed greens salt pepper chicken rosemary lemon juice wild rice green beans vinegar spinach (raw) zucchini olive oil honeydew melons lettuce pumpkin seeds garlic squash wheat berry arugula
dish_1558718088,219.419983,405.0,ingr_0000000054;ingr_0000000205;ingr_0000000037;ingr_0000000007,train,"[54, 205, 37, 7]",apple corn on the cob cantaloupe cauliflower
dish_1558725353,40.420002,94.0,ingr_0000000016,train,[16],brussels sprouts
dish_1564690138,190.499496,181.0,ingr_0000000213;ingr_0000000122;ingr_0000000357;ingr_0000000515;ingr_0000000043;ingr_0000000524;ingr_0000000520;ingr_0000000161;ingr_0000000291;ingr_0000000187;ingr_0000000312,train,"[213, 122, 357, 515, 43, 524, 520, 161, 291, 187, 312]",pears garlic lentils arugula green beans parsley lemon juice olive oil salt chickpeas pepper
dish_1562945803,50.295322,64.0,ingr_0000000338;ingr_0000000040;ingr_0000000029;ingr_0000000112;ingr_0000000294;ingr_0000000041,train,"[338, 40, 29, 112, 294, 41]",vinaigrette raspberries mixed greens honeydew melons granola blackberries
dish_1561749392,416.778564,210.0,ingr_0000000155;ingr_0000000161;ingr_0000000291;ingr_0000000122;ingr_0000000052;ingr_0000000332;ingr_0000000312;ingr_0000000523;ingr_0000000023;ingr_0000000515;ingr_0000000518;ingr_0000000060;ingr_0000000094;ingr_0000000032;ingr_0000000203,train,"[155, 161, 291, 122, 52, 332, 312, 523, 23, 515, 518, 60, 94, 32, 203]",chicken thighs olive oil salt garlic cheese salmon pepper cilantro brown rice arugula thyme tortilla onions tomatoes chili
dish_1563897837,118.470001,304.0,ingr_0000000121;ingr_0000000013,train,"[121, 13]",watermelon berries
dish_1561752509,321.482025,224.0,ingr_0000000060;ingr_0000000094;ingr_0000000155;ingr_0000000021;ingr_0000000052;ingr_0000000032;ingr_0000000291;ingr_0000000203;ingr_0000000122;ingr_0000000523;ingr_0000000161;ingr_0000000342,train,"[60, 94, 155, 21, 52, 32, 291, 203, 122, 523, 161, 342]",tortilla onions chicken thighs squash cheese tomatoes salt chili garlic cilantro olive oil turnips
dish_1565207865,112.960785,129.0,ingr_0000000524;ingr_0000000016;ingr_0000000153;ingr_0000000291;ingr_0000000473;ingr_0000000520;ingr_0000000133;ingr_0000000054;ingr_0000000122;ingr_0000000312;ingr_0000000161;ingr_0000000515;ingr_0000000526,train,"[524, 16, 153, 291, 473, 520, 133, 54, 122, 312, 161, 515, 526]",parsley brussels sprouts bulgur salt cranberries lemon juice shallots apple garlic pepper olive oil arugula mustard greens
dish_1567542813,316.638611,145.0,ingr_0000000026;ingr_0000000122;ingr_0000000523;ingr_0000000011;ingr_0000000161;ingr_0000000094;ingr_0000000155;ingr_0000000189;ingr_0000000072;ingr_0000000291;ingr_0000000520;ingr_0000000038,train,"[26, 122, 523, 11, 161, 94, 155, 189, 72, 291, 520, 38]",white rice garlic cilantro cheese pizza olive oil onions chicken thighs vinegar kale salt lemon juice pineapple
dish_1559581356,436.946686,294.0,ingr_0000000189;ingr_0000000027;ingr_0000000004;ingr_0000000291;ingr_0000000029;ingr_0000000179;ingr_0000000367;ingr_0000000030;ingr_0000000471;ingr_0000000312;ingr_0000000161;ingr_0000000031;ingr_0000000094,train,"[189, 27, 4, 291, 29, 179, 367, 30, 471, 312, 161, 31, 94]",vinegar broccoli bacon salt mixed greens eggs lime lettuce cherry tomatoes pepper olive oil cucumbers onions
dish_1568315001,504.709412,364.0,ingr_0000000332;ingr_0000000513;ingr_0000000025;ingr_0000000448;ingr_0000000046;ingr_0000000094;ingr_0000000367;ingr_0000000511;ingr_0000000133;ingr_0000000291;ingr_0000000525;ingr_0000000042;ingr_0000000189;ingr_0000000023;ingr_0000000036;ingr_0000000540;ingr_0000000520;ingr_0000000032;ingr_0000000161;ingr_0000000122;ingr_0000000523;ingr_0000000203,train,"[332, 513, 25, 448, 46, 94, 367, 511, 133, 291, 525, 42, 189, 23, 36, 540, 520, 32, 161, 122, 523, 203]",salmon millet beef jalapenos mushroom onions lime spinach (cooked) shallots salt bok choy avocado vinegar brown rice spinach (raw) ginger lemon juice tomatoes olive oil garlic cilantro chili
dish_1561576794,654.721252,738.0,ingr_0000000189;ingr_0000000133;ingr_0000000516;ingr_0000000518;ingr_0000000161;ingr_0000000201;ingr_0000000514;ingr_0000000517;ingr_0000000025;ingr_0000000028;ingr_0000000511;ingr_0000000094;ingr_0000000520;ingr_0000000341;ingr_0000000021;ingr_0000000335;ingr_0000000046;ingr_0000000038;ingr_0000000513;ingr_0000000124;ingr_0000000122;ingr_0000000428;ingr_0000000126;ingr_0000000519;ingr_0000000515;ingr_0000000312;ingr_0000000525;ingr_0000000007;ingr_0000000006;ingr_0000000291;ingr_0000000441;ingr_0000000521,train,"[189, 133, 516, 518, 161, 201, 514, 517, 25, 28, 511, 94, 520, 341, 21, 335, 46, 38, 513, 124, 122, 428, 126, 519, 515, 312, 525, 7, 6, 291, 441, 521]",vinegar shallots rosemary thyme olive oil blueberries wheat berry chard beef chicken spinach (cooked) onions lemon juice cream squash eggplant mushroom pineapple millet walnuts garlic white wine mustard oregano arugula pepper bok choy cauliflower caesar salad salt butter basil
dish_1560369080,55.050571,49.0,ingr_0000000122;ingr_0000000291;ingr_0000000126;ingr_0000000161;ingr_0000000201;ingr_0000000073;ingr_0000000036;ingr_0000000189,train,"[122, 291, 126, 161, 201, 73, 36, 189]",garlic salt mustard olive oil blueberries radishes spinach (raw) vinegar
dish_1561062171,101.142975,58.0,ingr_0000000291;ingr_0000000122;ingr_0000000518;ingr_0000000434;ingr_0000000094;ingr_0000000161;ingr_0000000036;ingr_0000000046;ingr_0000000341;ingr_0000000092;ingr_0000000074;ingr_0000000025,train,"[291, 122, 518, 434, 94, 161, 36, 46, 341, 92, 74, 25]",salt garlic thyme sour cream onions olive oil spinach (raw) mushroom cream wine pasta beef
dish_1563564828,452.214478,355.0,ingr_0000000520;ingr_0000000471;ingr_0000000049;ingr_0000000179;ingr_0000000161;ingr_0000000524;ingr_0000000034;ingr_0000000291;ingr_0000000045;ingr_0000000133;ingr_0000000026;ingr_0000000306;ingr_0000000046;ingr_0000000205;ingr_0000000527;ingr_0000000421;ingr_0000000148;ingr_0000000341;ingr_0000000518;ingr_0000000094;ingr_0000000140;ingr_0000000072;ingr_0000000514;ingr_0000000517;ingr_0000000122,train,"[520, 471, 49, 179, 161, 524, 34, 291, 45, 133, 26, 306, 46, 205, 527, 421, 148, 341, 518, 94, 140, 72, 514, 517, 122]",lemon juice cherry tomatoes fish eggs olive oil parsley celery salt carrot shallots white rice croutons mushroom corn on the cob chive ground turkey parmesan cheese cream thyme onions caesar dressing kale wheat berry chard garlic
dish_1561576916,78.457687,98.0,ingr_0000000517;ingr_0000000201;ingr_0000000335;ingr_0000000189;ingr_0000000312;ingr_0000000124;ingr_0000000291;ingr_0000000161;ingr_0000000126;ingr_0000000515,train,"[517, 201, 335, 189, 312, 124, 291, 161, 126, 515]",chard blueberries eggplant vinegar pepper walnuts salt olive oil mustard arugula
dish_1559244546,469.942139,281.0,ingr_0000000291;ingr_0000000517;ingr_0000000023;ingr_0000000122;ingr_0000000161;ingr_0000000516;ingr_0000000521;ingr_0000000527;ingr_0000000524;ingr_0000000520;ingr_0000000028,train,"[291, 517, 23, 122, 161, 516, 521, 527, 524, 520, 28]",salt chard brown rice garlic olive oil rosemary basil chive parsley lemon juice chicken
dish_1557863104,46.0,40.0,ingr_0000000012,train,[12],olives
dish_1561666761,114.336998,43.0,ingr_0000000011,train,[11],cheese pizza
dish_1562614952,548.106018,403.0,ingr_0000000073;ingr_0000000038;ingr_0000000189;ingr_0000000520;ingr_0000000524;ingr_0000000072;ingr_0000000122;ingr_0000000027;ingr_0000000026;ingr_0000000448;ingr_0000000155;ingr_0000000023;ingr_0000000010;ingr_0000000515;ingr_0000000521;ingr_0000000161;ingr_0000000518;ingr_0000000094;ingr_0000000523;ingr_0000000291,train,"[73, 38, 189, 520, 524, 72, 122, 27, 26, 448, 155, 23, 10, 515, 521, 161, 518, 94, 523, 291]",radishes pineapple vinegar lemon juice parsley kale garlic broccoli white rice jalapenos chicken thighs brown rice steak arugula basil olive oil thyme onions cilantro salt
dish_1563568319,604.323303,347.0,ingr_0000000026;ingr_0000000046;ingr_0000000421;ingr_0000000161;ingr_0000000527;ingr_0000000045;ingr_0000000179;ingr_0000000205;ingr_0000000341;ingr_0000000518;ingr_0000000072;ingr_0000000291;ingr_0000000094;ingr_0000000011;ingr_0000000034;ingr_0000000122,train,"[26, 46, 421, 161, 527, 45, 179, 205, 341, 518, 72, 291, 94, 11, 34, 122]",white rice mushroom ground turkey olive oil chive carrot eggs corn on the cob cream thyme kale salt onions cheese pizza celery garlic
dish_1563218959,267.939667,131.0,ingr_0000000516;ingr_0000000485;ingr_0000000524;ingr_0000000094;ingr_0000000291;ingr_0000000122;ingr_0000000026;ingr_0000000515;ingr_0000000161;ingr_0000000462,train,"[516, 485, 524, 94, 291, 122, 26, 515, 161, 462]",rosemary zucchini parsley onions salt garlic white rice arugula olive oil pork
dish_1559841781,45.019997,43.0,ingr_0000000440;ingr_0000000415,train,"[440, 415]",grapes cereal
dish_1563391959,245.774109,315.0,ingr_0000000122;ingr_0000000515;ingr_0000000021;ingr_0000000094;ingr_0000000161;ingr_0000000485;ingr_0000000027;ingr_0000000291;ingr_0000000448;ingr_0000000312;ingr_0000000377;ingr_0000000049;ingr_0000000541;ingr_0000000520;ingr_0000000523,train,"[122, 515, 21, 94, 161, 485, 27, 291, 448, 312, 377, 49, 541, 520, 523]",garlic arugula squash onions olive oil zucchini broccoli salt jalapenos pepper quinoa fish tomatillo lemon juice cilantro
dish_1562698239,407.633148,230.0,ingr_0000000025;ingr_0000000291;ingr_0000000161;ingr_0000000511;ingr_0000000133;ingr_0000000094;ingr_0000000189;ingr_0000000513;ingr_0000000525;ingr_0000000026,train,"[25, 291, 161, 511, 133, 94, 189, 513, 525, 26]",beef salt olive oil spinach (cooked) shallots onions vinegar millet bok choy white rice
dish_1562947020,533.117126,333.0,ingr_0000000008;ingr_0000000052,train,"[8, 52]",scrambled eggs cheese
dish_1567024224,354.945831,315.0,ingr_0000000377;ingr_0000000155;ingr_0000000335;ingr_0000000021;ingr_0000000529;ingr_0000000011;ingr_0000000092;ingr_0000000007;ingr_0000000485;ingr_0000000520;ingr_0000000046;ingr_0000000161;ingr_0000000291;ingr_0000000511;ingr_0000000433;ingr_0000000133;ingr_0000000122,train,"[377, 155, 335, 21, 529, 11, 92, 7, 485, 520, 46, 161, 291, 511, 433, 133, 122]",quinoa chicken thighs eggplant squash chayote squash cheese pizza wine cauliflower zucchini lemon juice mushroom olive oil salt spinach (cooked) roasted potatoes shallots garlic
dish_1562777566,263.003998,84.0,ingr_0000000287,train,[287],toast
dish_1562691705,412.67688,554.0,ingr_0000000543;ingr_0000000192;ingr_0000000128;ingr_0000000502;ingr_0000000161;ingr_0000000545;ingr_0000000437;ingr_0000000121;ingr_0000000027;ingr_0000000510,train,"[543, 192, 128, 502, 161, 545, 437, 121, 27, 510]",chia seeds yam egg whites milk olive oil greek yogurt sweet potato watermelon broccoli chicken apple sausage
dish_1563466280,357.059998,66.0,ingr_0000000004,train,[4],bacon
dish_1566931482,25.48,91.0,ingr_0000000029,train,[29],mixed greens
dish_1562096633,288.703217,237.0,ingr_0000000102;ingr_0000000367;ingr_0000000021;ingr_0000000092;ingr_0000000520;ingr_0000000335;ingr_0000000043;ingr_0000000515;ingr_0000000511;ingr_0000000122;ingr_0000000291;ingr_0000000133;ingr_0000000046;ingr_0000000312;ingr_0000000155;ingr_0000000542;ingr_0000000463;ingr_0000000189;ingr_0000000527;ingr_0000000033;ingr_0000000094;ingr_0000000524;ingr_0000000161;ingr_0000000377;ingr_0000000029;ingr_0000000095;ingr_0000000049,train,"[102, 367, 21, 92, 520, 335, 43, 515, 511, 122, 291, 133, 46, 312, 155, 542, 463, 189, 527, 33, 94, 524, 161, 377, 29, 95, 49]",snow peas lime squash wine lemon juice eggplant green beans arugula spinach (cooked) garlic salt shallots mushroom pepper chicken thighs white beans beets vinegar chive bell peppers onions parsley olive oil quinoa mixed greens artichokes fish
dish_1558115825,42.779999,62.0,ingr_0000000440,train,[440],grapes
dish_1565984245,38.34351,78.0,ingr_0000000291;ingr_0000000045;ingr_0000000161;ingr_0000000312,train,"[291, 45, 161, 312]",salt carrot olive oil pepper
dish_1565711358,490.052887,658.0,ingr_0000000192;ingr_0000000037;ingr_0000000437;ingr_0000000440;ingr_0000000161;ingr_0000000128,train,"[192, 37, 437, 440, 161, 128]",yam cantaloupe sweet potato grapes olive oil egg whites
dish_1562605411,336.492828,363.0,ingr_0000000121;ingr_0000000312;ingr_0000000161;ingr_0000000016;ingr_0000000008;ingr_0000000437;ingr_0000000291,train,"[121, 312, 161, 16, 8, 437, 291]",watermelon pepper olive oil brussels sprouts scrambled eggs sweet potato salt
dish_1558030910,81.149994,15.0,ingr_0000000004,train,[4],bacon
dish_1564675193,478.808777,803.0,ingr_0000000440;ingr_0000000121;ingr_0000000128;ingr_0000000437;ingr_0000000161,train,"[440, 121, 128, 437, 161]",grapes watermelon egg whites sweet potato olive oil
dish_1562959570,311.986237,216.0,ingr_0000000049;ingr_0000000312;ingr_0000000328;ingr_0000000026;ingr_0000000515;ingr_0000000517;ingr_0000000508;ingr_0000000520;ingr_0000000126;ingr_0000000161;ingr_0000000377;ingr_0000000029;ingr_0000000045;ingr_0000000531;ingr_0000000471;ingr_0000000291;ingr_0000000030;ingr_0000000525;ingr_0000000462;ingr_0000000448;ingr_0000000036;ingr_0000000189;ingr_0000000031;ingr_0000000094;ingr_0000000523;ingr_0000000122;ingr_0000000541;ingr_0000000070,train,"[49, 312, 328, 26, 515, 517, 508, 520, 126, 161, 377, 29, 45, 531, 471, 291, 30, 525, 462, 448, 36, 189, 31, 94, 523, 122, 541, 70]",fish pepper sugar white rice arugula chard soy sauce lemon juice mustard olive oil quinoa mixed greens carrot pumpkin seeds cherry tomatoes salt lettuce bok choy pork jalapenos spinach (raw) vinegar cucumbers onions cilantro garlic tomatillo figs
dish_1560889061,402.50766,281.0,ingr_0000000133;ingr_0000000035;ingr_0000000312;ingr_0000000189;ingr_0000000036;ingr_0000000514;ingr_0000000518;ingr_0000000124;ingr_0000000520;ingr_0000000122;ingr_0000000291;ingr_0000000045;ingr_0000000126;ingr_0000000161;ingr_0000000524;ingr_0000000030;ingr_0000000029;ingr_0000000028,train,"[133, 35, 312, 189, 36, 514, 518, 124, 520, 122, 291, 45, 126, 161, 524, 30, 29, 28]",shallots blue cheese pepper vinegar spinach (raw) wheat berry thyme walnuts lemon juice garlic salt carrot mustard olive oil parsley lettuce mixed greens chicken
dish_1565884833,497.739014,643.0,ingr_0000000121;ingr_0000000128;ingr_0000000337;ingr_0000000475,train,"[121, 128, 337, 475]",watermelon egg whites waffles salsa
dish_1562181285,796.922119,324.0,ingr_0000000318;ingr_0000000126;ingr_0000000122;ingr_0000000077;ingr_0000000045;ingr_0000000200;ingr_0000000028;ingr_0000000036;ingr_0000000201;ingr_0000000161;ingr_0000000520;ingr_0000000524;ingr_0000000221;ingr_0000000518;ingr_0000000189;ingr_0000000291;ingr_0000000004,train,"[318, 126, 122, 77, 45, 200, 28, 36, 201, 161, 520, 524, 221, 518, 189, 291, 4]",flour mustard garlic almonds carrot buttermilk chicken spinach (raw) blueberries olive oil lemon juice parsley vegetable oil thyme vinegar salt bacon
dish_1566938088,494.496582,381.0,ingr_0000000291;ingr_0000000511;ingr_0000000155;ingr_0000000092;ingr_0000000525;ingr_0000000377;ingr_0000000122;ingr_0000000133;ingr_0000000161;ingr_0000000046;ingr_0000000520;ingr_0000000335;ingr_0000000021;ingr_0000000007;ingr_0000000011,train,"[291, 511, 155, 92, 525, 377, 122, 133, 161, 46, 520, 335, 21, 7, 11]",salt spinach (cooked) chicken thighs wine bok choy quinoa garlic shallots olive oil mushroom lemon juice eggplant squash cauliflower cheese pizza
dish_1561493975,130.851608,106.0,ingr_0000000517;ingr_0000000189;ingr_0000000201;ingr_0000000312;ingr_0000000291;ingr_0000000161;ingr_0000000124;ingr_0000000515;ingr_0000000126,train,"[517, 189, 201, 312, 291, 161, 124, 515, 126]",chard vinegar blueberries pepper salt olive oil walnuts arugula mustard
dish_1566499564,42.549999,37.0,ingr_0000000012,train,[12],olives
dish_1562704665,387.841309,399.0,ingr_0000000513;ingr_0000000511;ingr_0000000011;ingr_0000000007;ingr_0000000094;ingr_0000000006;ingr_0000000161;ingr_0000000189;ingr_0000000021;ingr_0000000025;ingr_0000000291;ingr_0000000525;ingr_0000000133,train,"[513, 511, 11, 7, 94, 6, 161, 189, 21, 25, 291, 525, 133]",millet spinach (cooked) cheese pizza cauliflower onions caesar salad olive oil vinegar squash beef salt bok choy shallots
dish_1565036890,520.864685,260.0,ingr_0000000203;ingr_0000000291;ingr_0000000122;ingr_0000000433;ingr_0000000518;ingr_0000000161;ingr_0000000023;ingr_0000000520;ingr_0000000073;ingr_0000000025;ingr_0000000011;ingr_0000000027;ingr_0000000524;ingr_0000000521;ingr_0000000508;ingr_0000000498;ingr_0000000072;ingr_0000000094;ingr_0000000515;ingr_0000000189;ingr_0000000026;ingr_0000000155;ingr_0000000535,train,"[203, 291, 122, 433, 518, 161, 23, 520, 73, 25, 11, 27, 524, 521, 508, 498, 72, 94, 515, 189, 26, 155, 535]",chili salt garlic roasted potatoes thyme olive oil brown rice lemon juice radishes beef cheese pizza broccoli parsley basil soy sauce orange juice kale onions arugula vinegar white rice chicken thighs green onions
dish_1560369294,333.635681,342.0,ingr_0000000133;ingr_0000000122;ingr_0000000534;ingr_0000000524;ingr_0000000521;ingr_0000000094;ingr_0000000049;ingr_0000000023;ingr_0000000189;ingr_0000000535;ingr_0000000027;ingr_0000000291;ingr_0000000520;ingr_0000000161;ingr_0000000462;ingr_0000000471;ingr_0000000312;ingr_0000000014,train,"[133, 122, 534, 524, 521, 94, 49, 23, 189, 535, 27, 291, 520, 161, 462, 471, 312, 14]",shallots garlic country rice parsley basil onions fish brown rice vinegar green onions broccoli salt lemon juice olive oil pork cherry tomatoes pepper asparagus
dish_1566587714,347.536987,373.0,ingr_0000000032;ingr_0000000312;ingr_0000000332;ingr_0000000515;ingr_0000000448;ingr_0000000023;ingr_0000000122;ingr_0000000033;ingr_0000000291;ingr_0000000028;ingr_0000000036;ingr_0000000517;ingr_0000000072;ingr_0000000161;ingr_0000000518;ingr_0000000094;ingr_0000000513,train,"[32, 312, 332, 515, 448, 23, 122, 33, 291, 28, 36, 517, 72, 161, 518, 94, 513]",tomatoes pepper salmon arugula jalapenos brown rice garlic bell peppers salt chicken spinach (raw) chard kale olive oil thyme onions millet
dish_1558029324,273.5,250.0,ingr_0000000005;ingr_0000000004;ingr_0000000112,train,"[5, 4, 112]",potatoes bacon honeydew melons
dish_1563216625,171.53511,109.0,ingr_0000000291;ingr_0000000518;ingr_0000000161;ingr_0000000514;ingr_0000000148;ingr_0000000036;ingr_0000000471;ingr_0000000244;ingr_0000000122,train,"[291, 518, 161, 514, 148, 36, 471, 244, 122]",salt thyme olive oil wheat berry parmesan cheese spinach (raw) cherry tomatoes chicken breast garlic
dish_1563568263,119.654999,45.0,ingr_0000000011,train,[11],cheese pizza
dish_1560441529,66.419998,152.0,ingr_0000000037;ingr_0000000013;ingr_0000000121;ingr_0000000038,train,"[37, 13, 121, 38]",cantaloupe berries watermelon pineapple
dish_1565640528,38.546906,105.0,ingr_0000000291;ingr_0000000367;ingr_0000000523;ingr_0000000520;ingr_0000000031;ingr_0000000526;ingr_0000000161;ingr_0000000448;ingr_0000000515;ingr_0000000094;ingr_0000000349;ingr_0000000471;ingr_0000000032,train,"[291, 367, 523, 520, 31, 526, 161, 448, 515, 94, 349, 471, 32]",salt lime cilantro lemon juice cucumbers mustard greens olive oil jalapenos arugula onions mangos cherry tomatoes tomatoes
dish_1561405912,270.881866,196.0,ingr_0000000029;ingr_0000000367;ingr_0000000471;ingr_0000000036;ingr_0000000189;ingr_0000000030;ingr_0000000011;ingr_0000000027;ingr_0000000028;ingr_0000000122;ingr_0000000508;ingr_0000000026;ingr_0000000312;ingr_0000000043;ingr_0000000540;ingr_0000000094;ingr_0000000161;ingr_0000000031;ingr_0000000535;ingr_0000000291;ingr_0000000045,train,"[29, 367, 471, 36, 189, 30, 11, 27, 28, 122, 508, 26, 312, 43, 540, 94, 161, 31, 535, 291, 45]",mixed greens lime cherry tomatoes spinach (raw) vinegar lettuce cheese pizza broccoli chicken garlic soy sauce white rice pepper green beans ginger onions olive oil cucumbers green onions salt carrot
dish_1561580628,72.434044,156.0,ingr_0000000012;ingr_0000000007;ingr_0000000338;ingr_0000000471;ingr_0000000030;ingr_0000000033;ingr_0000000031;ingr_0000000094;ingr_0000000319,train,"[12, 7, 338, 471, 30, 33, 31, 94, 319]",olives cauliflower vinaigrette cherry tomatoes lettuce bell peppers cucumbers onions feta cheese
dish_1562702892,457.711121,338.0,ingr_0000000338;ingr_0000000525;ingr_0000000513;ingr_0000000471;ingr_0000000049;ingr_0000000047;ingr_0000000319;ingr_0000000122;ingr_0000000094;ingr_0000000515;ingr_0000000312;ingr_0000000524;ingr_0000000527;ingr_0000000030;ingr_0000000291;ingr_0000000025;ingr_0000000012;ingr_0000000189;ingr_0000000102;ingr_0000000031;ingr_0000000161;ingr_0000000095;ingr_0000000511;ingr_0000000033;ingr_0000000133;ingr_0000000357,train,"[338, 525, 513, 471, 49, 47, 319, 122, 94, 515, 312, 524, 527, 30, 291, 25, 12, 189, 102, 31, 161, 95, 511, 33, 133, 357]",vinaigrette bok choy millet cherry tomatoes fish corn feta cheese garlic onions arugula pepper parsley chive lettuce salt beef olives vinegar snow peas cucumbers olive oil artichokes spinach (cooked) bell peppers shallots lentils
dish_1558721931,13.25,53.0,ingr_0000000007,train,[7],cauliflower
dish_1564086658,260.852997,230.0,ingr_0000000011;ingr_0000000205;ingr_0000000006,train,"[11, 205, 6]",cheese pizza corn on the cob caesar salad
dish_1561404924,31.843937,39.0,ingr_0000000148;ingr_0000000306;ingr_0000000140;ingr_0000000072,train,"[148, 306, 140, 72]",parmesan cheese croutons caesar dressing kale
dish_1566934057,66.090729,193.0,ingr_0000000525;ingr_0000000161,train,"[525, 161]",bok choy olive oil
dish_1562947469,392.362,320.0,ingr_0000000013;ingr_0000000433;ingr_0000000038;ingr_0000000039,train,"[13, 433, 38, 39]",berries roasted potatoes pineapple sausage
dish_1563555510,193.880005,131.0,ingr_0000000008,train,[8],scrambled eggs
dish_1563476323,686.97113,339.0,ingr_0000000540;ingr_0000000520;ingr_0000000161;ingr_0000000133;ingr_0000000523;ingr_0000000291;ingr_0000000332;ingr_0000000036;ingr_0000000023;ingr_0000000448;ingr_0000000257;ingr_0000000094;ingr_0000000122;ingr_0000000367;ingr_0000000203,train,"[540, 520, 161, 133, 523, 291, 332, 36, 23, 448, 257, 94, 122, 367, 203]",ginger lemon juice olive oil shallots cilantro salt salmon spinach (raw) brown rice jalapenos brownies onions garlic lime chili
dish_1563477701,179.424591,150.0,ingr_0000000523;ingr_0000000161;ingr_0000000094;ingr_0000000016;ingr_0000000448;ingr_0000000122;ingr_0000000133;ingr_0000000203;ingr_0000000291;ingr_0000000367;ingr_0000000520;ingr_0000000036;ingr_0000000540;ingr_0000000023;ingr_0000000312;ingr_0000000332,train,"[523, 161, 94, 16, 448, 122, 133, 203, 291, 367, 520, 36, 540, 23, 312, 332]",cilantro olive oil onions brussels sprouts jalapenos garlic shallots chili salt lime lemon juice spinach (raw) ginger brown rice pepper salmon
dish_1568316085,378.53714,258.0,ingr_0000000515;ingr_0000000189;ingr_0000000525;ingr_0000000025;ingr_0000000511;ingr_0000000133;ingr_0000000094;ingr_0000000201;ingr_0000000517;ingr_0000000513;ingr_0000000312;ingr_0000000124;ingr_0000000291;ingr_0000000050;ingr_0000000161;ingr_0000000126,train,"[515, 189, 525, 25, 511, 133, 94, 201, 517, 513, 312, 124, 291, 50, 161, 126]",arugula vinegar bok choy beef spinach (cooked) shallots onions blueberries chard millet pepper walnuts salt tofu olive oil mustard
dish_1558640373,105.880005,276.0,ingr_0000000471;ingr_0000000440;ingr_0000000037,train,"[471, 440, 37]",cherry tomatoes grapes cantaloupe
dish_1559751552,227.313004,254.0,ingr_0000000192;ingr_0000000013,train,"[192, 13]",yam berries
dish_1560443565,260.679993,475.0,ingr_0000000013;ingr_0000000112;ingr_0000000038;ingr_0000000440,train,"[13, 112, 38, 440]",berries honeydew melons pineapple grapes
dish_1566419577,323.704224,210.0,ingr_0000000006;ingr_0000000043;ingr_0000000011;ingr_0000000161,train,"[6, 43, 11, 161]",caesar salad green beans cheese pizza olive oil
dish_1566501293,41.900002,56.0,ingr_0000000012;ingr_0000000094,train,"[12, 94]",olives onions
dish_1558547008,73.919998,96.0,ingr_0000000005,train,[5],potatoes
dish_1564170967,400.202118,410.0,ingr_0000000161;ingr_0000000518;ingr_0000000291;ingr_0000000027;ingr_0000000485;ingr_0000000021;ingr_0000000332;ingr_0000000517;ingr_0000000072;ingr_0000000312;ingr_0000000514;ingr_0000000023;ingr_0000000515,train,"[161, 518, 291, 27, 485, 21, 332, 517, 72, 312, 514, 23, 515]",olive oil thyme salt broccoli zucchini squash salmon chard kale pepper wheat berry brown rice arugula
dish_1558030971,17.640001,49.0,ingr_0000000112,train,[112],honeydew melons
dish_1558640979,59.279999,169.0,ingr_0000000037;ingr_0000000007;ingr_0000000045,train,"[37, 7, 45]",cantaloupe cauliflower carrot
dish_1558719401,51.988998,49.0,ingr_0000000205,train,[205],corn on the cob
dish_1565797723,202.928879,221.0,ingr_0000000029;ingr_0000000040;ingr_0000000013;ingr_0000000338;ingr_0000000008;ingr_0000000294;ingr_0000000041;ingr_0000000121,train,"[29, 40, 13, 338, 8, 294, 41, 121]",mixed greens raspberries berries vinaigrette scrambled eggs granola blackberries watermelon
dish_1561575908,106.360001,40.0,ingr_0000000011,train,[11],cheese pizza
dish_1560453356,389.068359,408.0,ingr_0000000028;ingr_0000000023;ingr_0000000518;ingr_0000000161;ingr_0000000521;ingr_0000000520;ingr_0000000515;ingr_0000000332;ingr_0000000312;ingr_0000000512;ingr_0000000036;ingr_0000000021;ingr_0000000514;ingr_0000000032;ingr_0000000516;ingr_0000000524;ingr_0000000485;ingr_0000000291;ingr_0000000122,train,"[28, 23, 518, 161, 521, 520, 515, 332, 312, 512, 36, 21, 514, 32, 516, 524, 485, 291, 122]",chicken brown rice thyme olive oil basil lemon juice arugula salmon pepper kimchi spinach (raw) squash wheat berry tomatoes rosemary parsley zucchini salt garlic
dish_1558723475,22.780001,67.0,ingr_0000000037,train,[37],cantaloupe
dish_1563826272,645.126465,261.0,ingr_0000000007;ingr_0000000514;ingr_0000000010;ingr_0000000392;ingr_0000000161;ingr_0000000122;ingr_0000000367;ingr_0000000291,train,"[7, 514, 10, 392, 161, 122, 367, 291]",cauliflower wheat berry steak pepperoni pizza olive oil garlic lime salt
dish_1563305689,30.139999,161.0,ingr_0000000046;ingr_0000000031,train,"[46, 31]",mushroom cucumbers
dish_1564691450,542.326721,366.0,ingr_0000000513;ingr_0000000205;ingr_0000000043;ingr_0000000189;ingr_0000000010;ingr_0000000113;ingr_0000000094;ingr_0000000030;ingr_0000000029;ingr_0000000312;ingr_0000000471;ingr_0000000036;ingr_0000000161;ingr_0000000031;ingr_0000000033;ingr_0000000367;ingr_0000000291,train,"[513, 205, 43, 189, 10, 113, 94, 30, 29, 312, 471, 36, 161, 31, 33, 367, 291]",millet corn on the cob green beans vinegar steak ketchup onions lettuce mixed greens pepper cherry tomatoes spinach (raw) olive oil cucumbers bell peppers lime salt
dish_1559668238,290.139984,89.0,ingr_0000000015,train,[15],hash browns
dish_1563305982,273.63089,225.0,ingr_0000000054;ingr_0000000306;ingr_0000000122;ingr_0000000133;ingr_0000000189;ingr_0000000148;ingr_0000000140;ingr_0000000161;ingr_0000000126;ingr_0000000518;ingr_0000000520;ingr_0000000291;ingr_0000000524;ingr_0000000036;ingr_0000000046;ingr_0000000514;ingr_0000000473;ingr_0000000072;ingr_0000000094;ingr_0000000433;ingr_0000000028,train,"[54, 306, 122, 133, 189, 148, 140, 161, 126, 518, 520, 291, 524, 36, 46, 514, 473, 72, 94, 433, 28]",apple croutons garlic shallots vinegar parmesan cheese caesar dressing olive oil mustard thyme lemon juice salt parsley spinach (raw) mushroom wheat berry cranberries kale onions roasted potatoes chicken
dish_1565021599,206.959991,398.0,ingr_0000000128,train,[128],egg whites
dish_1561577146,154.23642,99.0,ingr_0000000189;ingr_0000000161;ingr_0000000126;ingr_0000000011;ingr_0000000124;ingr_0000000291;ingr_0000000312;ingr_0000000515;ingr_0000000201;ingr_0000000050;ingr_0000000517,train,"[189, 161, 126, 11, 124, 291, 312, 515, 201, 50, 517]",vinegar olive oil mustard cheese pizza walnuts salt pepper arugula blueberries tofu chard
dish_1562086595,308.602997,324.0,ingr_0000000375;ingr_0000000008;ingr_0000000262,train,"[375, 8, 262]",fruit salad scrambled eggs yogurt
dish_1568319769,356.3573,151.0,ingr_0000000122;ingr_0000000189;ingr_0000000073;ingr_0000000161;ingr_0000000380;ingr_0000000126;ingr_0000000291;ingr_0000000031;ingr_0000000033,train,"[122, 189, 73, 161, 380, 126, 291, 31, 33]",garlic vinegar radishes olive oil pizza mustard salt cucumbers bell peppers
dish_1563391413,227.056778,237.0,ingr_0000000541;ingr_0000000312;ingr_0000000049;ingr_0000000155;ingr_0000000032;ingr_0000000021;ingr_0000000094;ingr_0000000122;ingr_0000000523;ingr_0000000291;ingr_0000000377;ingr_0000000367;ingr_0000000524;ingr_0000000448;ingr_0000000520;ingr_0000000515;ingr_0000000152;ingr_0000000161;ingr_0000000238;ingr_0000000033;ingr_0000000203,train,"[541, 312, 49, 155, 32, 21, 94, 122, 523, 291, 377, 367, 524, 448, 520, 515, 152, 161, 238, 33, 203]",tomatillo pepper fish chicken thighs tomatoes squash onions garlic cilantro salt quinoa lime parsley jalapenos lemon juice arugula cabbage olive oil hominy bell peppers chili
dish_1562010440,247.625168,191.0,ingr_0000000122;ingr_0000000312;ingr_0000000189;ingr_0000000448;ingr_0000000462;ingr_0000000094;ingr_0000000031;ingr_0000000520;ingr_0000000030;ingr_0000000291;ingr_0000000029;ingr_0000000367;ingr_0000000471;ingr_0000000116;ingr_0000000514;ingr_0000000161;ingr_0000000524;ingr_0000000016;ingr_0000000152;ingr_0000000045;ingr_0000000472,train,"[122, 312, 189, 448, 462, 94, 31, 520, 30, 291, 29, 367, 471, 116, 514, 161, 524, 16, 152, 45, 472]",garlic pepper vinegar jalapenos pork onions cucumbers lemon juice lettuce salt mixed greens lime cherry tomatoes mayonnaise wheat berry olive oil parsley brussels sprouts cabbage carrot couscous
dish_1565987298,211.138992,88.0,ingr_0000000026;ingr_0000000046;ingr_0000000034;ingr_0000000094;ingr_0000000072;ingr_0000000161;ingr_0000000527;ingr_0000000291;ingr_0000000341;ingr_0000000421;ingr_0000000518;ingr_0000000045;ingr_0000000122;ingr_0000000011;ingr_0000000179,train,"[26, 46, 34, 94, 72, 161, 527, 291, 341, 421, 518, 45, 122, 11, 179]",white rice mushroom celery onions kale olive oil chive salt cream ground turkey thyme carrot garlic cheese pizza eggs
dish_1558377105,389.39801,113.0,ingr_0000000039,train,[39],sausage
dish_1568061097,146.244995,55.0,ingr_0000000011,train,[11],cheese pizza
dish_1564514906,199.266052,178.0,ingr_0000000542;ingr_0000000291;ingr_0000000515;ingr_0000000049;ingr_0000000312;ingr_0000000527;ingr_0000000122;ingr_0000000095;ingr_0000000367;ingr_0000000033;ingr_0000000161;ingr_0000000094;ingr_0000000102;ingr_0000000524,train,"[542, 291, 515, 49, 312, 527, 122, 95, 367, 33, 161, 94, 102, 524]",white beans salt arugula fish pepper chive garlic artichokes lime bell peppers olive oil onions snow peas parsley
dish_1558373352,69.0,100.0,ingr_0000000440,train,[440],grapes
dish_1561740411,333.214539,297.0,ingr_0000000033;ingr_0000000002;ingr_0000000073;ingr_0000000008;ingr_0000000189;ingr_0000000126;ingr_0000000161;ingr_0000000031;ingr_0000000027;ingr_0000000291;ingr_0000000122,train,"[33, 2, 73, 8, 189, 126, 161, 31, 27, 291, 122]",bell peppers strawberries radishes scrambled eggs vinegar mustard olive oil cucumbers broccoli salt garlic
dish_1558114523,104.057999,18.0,ingr_0000000077,train,[77],almonds
dish_1560799558,196.840012,74.0,ingr_0000000380,train,[380],pizza
dish_1558722434,8.46,47.0,ingr_0000000471,train,[471],cherry tomatoes
dish_1558639949,21.76,64.0,ingr_0000000037,train,[37],cantaloupe
dish_1562787848,416.802032,248.0,ingr_0000000471;ingr_0000000094;ingr_0000000413;ingr_0000000023;ingr_0000000520;ingr_0000000524;ingr_0000000473;ingr_0000000122;ingr_0000000521;ingr_0000000291;ingr_0000000312;ingr_0000000054;ingr_0000000462;ingr_0000000189;ingr_0000000515;ingr_0000000526;ingr_0000000161;ingr_0000000205;ingr_0000000027;ingr_0000000133;ingr_0000000153,train,"[471, 94, 413, 23, 520, 524, 473, 122, 521, 291, 312, 54, 462, 189, 515, 526, 161, 205, 27, 133, 153]",cherry tomatoes onions pilaf brown rice lemon juice parsley cranberries garlic basil salt pepper apple pork vinegar arugula mustard greens olive oil corn on the cob broccoli shallots bulgur
dish_1568314907,481.169434,281.0,ingr_0000000189;ingr_0000000448;ingr_0000000036;ingr_0000000025;ingr_0000000291;ingr_0000000367;ingr_0000000161;ingr_0000000540;ingr_0000000023;ingr_0000000042;ingr_0000000520;ingr_0000000523;ingr_0000000332;ingr_0000000525;ingr_0000000511;ingr_0000000133;ingr_0000000513;ingr_0000000122;ingr_0000000094;ingr_0000000203,train,"[189, 448, 36, 25, 291, 367, 161, 540, 23, 42, 520, 523, 332, 525, 511, 133, 513, 122, 94, 203]",vinegar jalapenos spinach (raw) beef salt lime olive oil ginger brown rice avocado lemon juice cilantro salmon bok choy spinach (cooked) shallots millet garlic onions chili
dish_1563294547,430.265656,455.0,ingr_0000000192;ingr_0000000437;ingr_0000000161;ingr_0000000440;ingr_0000000121;ingr_0000000015;ingr_0000000038;ingr_0000000002,train,"[192, 437, 161, 440, 121, 15, 38, 2]",yam sweet potato olive oil grapes watermelon hash browns pineapple strawberries
dish_1561578226,119.220253,289.0,ingr_0000000033;ingr_0000000031;ingr_0000000291;ingr_0000000030;ingr_0000000094;ingr_0000000338;ingr_0000000161;ingr_0000000335;ingr_0000000319;ingr_0000000471;ingr_0000000007;ingr_0000000012,train,"[33, 31, 291, 30, 94, 338, 161, 335, 319, 471, 7, 12]",bell peppers cucumbers salt lettuce onions vinaigrette olive oil eggplant feta cheese cherry tomatoes cauliflower olives
dish_1565724050,84.722847,72.0,ingr_0000000291;ingr_0000000126;ingr_0000000094;ingr_0000000161;ingr_0000000473;ingr_0000000515;ingr_0000000189;ingr_0000000528,train,"[291, 126, 94, 161, 473, 515, 189, 528]",salt mustard onions olive oil cranberries arugula vinegar celery root
dish_1561576680,307.862427,455.0,ingr_0000000291;ingr_0000000007;ingr_0000000028;ingr_0000000021;ingr_0000000335;ingr_0000000428;ingr_0000000046;ingr_0000000516;ingr_0000000515;ingr_0000000518;ingr_0000000441;ingr_0000000519;ingr_0000000514;ingr_0000000521;ingr_0000000312;ingr_0000000520;ingr_0000000122;ingr_0000000133;ingr_0000000161;ingr_0000000341,train,"[291, 7, 28, 21, 335, 428, 46, 516, 515, 518, 441, 519, 514, 521, 312, 520, 122, 133, 161, 341]",salt cauliflower chicken squash eggplant white wine mushroom rosemary arugula thyme butter oregano wheat berry basil pepper lemon juice garlic shallots olive oil cream
dish_1558463562,369.984009,64.0,ingr_0000000077,train,[77],almonds
dish_1563295334,228.540009,96.0,ingr_0000000004;ingr_0000000008,train,"[4, 8]",bacon scrambled eggs
dish_1566329234,262.625214,457.0,ingr_0000000161;ingr_0000000189;ingr_0000000007;ingr_0000000525;ingr_0000000513;ingr_0000000025;ingr_0000000133;ingr_0000000511;ingr_0000000291;ingr_0000000094,train,"[161, 189, 7, 525, 513, 25, 133, 511, 291, 94]",olive oil vinegar cauliflower bok choy millet beef shallots spinach (cooked) salt onions
dish_1562691737,485.67688,700.0,ingr_0000000543;ingr_0000000027;ingr_0000000128;ingr_0000000192;ingr_0000000510;ingr_0000000437;ingr_0000000121;ingr_0000000038;ingr_0000000545;ingr_0000000502;ingr_0000000161,train,"[543, 27, 128, 192, 510, 437, 121, 38, 545, 502, 161]",chia seeds broccoli egg whites yam chicken apple sausage sweet potato watermelon pineapple greek yogurt milk olive oil
dish_1558458496,53.130001,77.0,ingr_0000000440,train,[440],grapes
dish_1568664931,67.877647,60.0,ingr_0000000032;ingr_0000000189;ingr_0000000036;ingr_0000000126;ingr_0000000161;ingr_0000000031;ingr_0000000526;ingr_0000000122;ingr_0000000291,train,"[32, 189, 36, 126, 161, 31, 526, 122, 291]",tomatoes vinegar spinach (raw) mustard olive oil cucumbers mustard greens garlic salt
